2026-03-05 00:01:40
mid.000000000de64379019cbaa807704a85
snd

2026-03-05 00:01:41
mid.000000000de64379019cbaa536a27bf4
del

2026-03-05 00:04:44
mid.000000000de64379019cbaaad8a131d3
snd

2026-03-05 00:04:45
mid.000000000de64379019cbaa807704a85
del

2026-03-05 00:07:49
mid.000000000de64379019cbaada9753928
snd

2026-03-05 00:07:50
mid.000000000de64379019cbaaad8a131d3
del

2026-03-05 00:10:53
mid.000000000de64379019cbab07a420511
snd

2026-03-05 00:10:54
mid.000000000de64379019cbaada9753928
del

2026-03-05 00:13:58
mid.000000000de64379019cbab34d540978
snd

2026-03-05 00:13:59
mid.000000000de64379019cbab07a420511
del

2026-03-05 00:17:03
mid.000000000de64379019cbab61e31365a
snd

2026-03-05 00:17:04
mid.000000000de64379019cbab34d540978
del

2026-03-05 00:20:08
mid.000000000de64379019cbab8f0d75a60
snd

2026-03-05 00:20:09
mid.000000000de64379019cbab61e31365a
del

2026-03-05 00:23:13
mid.000000000de64379019cbabbc2d74a49
snd

2026-03-05 00:23:14
mid.000000000de64379019cbab8f0d75a60
del

2026-03-05 00:26:17
mid.000000000de64379019cbabe935b07e1
snd

2026-03-05 00:26:18
mid.000000000de64379019cbabbc2d74a49
del

2026-03-05 00:29:22
mid.000000000de64379019cbac16431103a
snd

2026-03-05 00:29:23
mid.000000000de64379019cbabe935b07e1
del

2026-03-05 00:32:26
mid.000000000de64379019cbac434e43870
snd

2026-03-05 00:32:27
mid.000000000de64379019cbac16431103a
del

2026-03-05 00:35:31
mid.000000000de64379019cbac7058a00a9
snd

2026-03-05 00:35:32
mid.000000000de64379019cbac434e43870
del

2026-03-05 00:38:35
mid.000000000de64379019cbac9d63c3d1f
snd

2026-03-05 00:38:36
mid.000000000de64379019cbac7058a00a9
del

2026-03-05 00:41:40
mid.000000000de64379019cbacca698752e
snd

2026-03-05 00:41:40
mid.000000000de64379019cbac9d63c3d1f
del

2026-03-05 00:44:44
mid.000000000de64379019cbacf76f46458
snd

2026-03-05 00:44:45
mid.000000000de64379019cbacca698752e
del

2026-03-05 00:47:49
mid.000000000de64379019cbad249d21abc
snd

2026-03-05 00:47:50
mid.000000000de64379019cbacf76f46458
del

2026-03-05 00:50:54
mid.000000000de64379019cbad51a920fad
snd

2026-03-05 00:50:55
mid.000000000de64379019cbad249d21abc
del

2026-03-05 00:53:58
mid.000000000de64379019cbad7eb495d8b
snd

2026-03-05 00:53:59
mid.000000000de64379019cbad51a920fad
del

2026-03-05 00:57:02
mid.000000000de64379019cbadabbcc0598
snd

2026-03-05 00:57:03
mid.000000000de64379019cbad7eb495d8b
del

2026-03-05 01:00:07
mid.000000000de64379019cbadd8c657440
snd

2026-03-05 01:00:08
mid.000000000de64379019cbadabbcc0598
del

2026-03-05 01:03:11
mid.000000000de64379019cbae05d054bce
snd

2026-03-05 01:03:12
mid.000000000de64379019cbadd8c657440
del

2026-03-05 01:06:16
mid.000000000de64379019cbae32dfb37e0
snd

2026-03-05 01:06:17
mid.000000000de64379019cbae05d054bce
del

2026-03-05 01:09:20
mid.000000000de64379019cbae5fe245345
snd

2026-03-05 01:09:21
mid.000000000de64379019cbae32dfb37e0
del

2026-03-05 01:12:25
mid.000000000de64379019cbae8cee91598
snd

2026-03-05 01:12:26
mid.000000000de64379019cbae5fe245345
del

2026-03-05 01:15:29
mid.000000000de64379019cbaeb9fac15db
snd

2026-03-05 01:15:30
mid.000000000de64379019cbae8cee91598
del

2026-03-05 01:18:34
mid.000000000de64379019cbaee700d3556
snd

2026-03-05 01:18:35
mid.000000000de64379019cbaeb9fac15db
del

2026-03-05 01:21:38
mid.000000000de64379019cbaf140b7249b
snd

2026-03-05 01:21:39
mid.000000000de64379019cbaee700d3556
del

2026-03-05 01:24:43
mid.000000000de64379019cbaf4114a3434
snd

2026-03-05 01:24:44
mid.000000000de64379019cbaf140b7249b
del

2026-03-05 01:27:47
mid.000000000de64379019cbaf6e1cb6afb
snd

2026-03-05 01:27:48
mid.000000000de64379019cbaf4114a3434
del

2026-03-05 01:30:52
mid.000000000de64379019cbaf9b23d41ab
snd

2026-03-05 01:30:53
mid.000000000de64379019cbaf6e1cb6afb
del

2026-03-05 01:33:56
mid.000000000de64379019cbafc82e33cef
snd

2026-03-05 01:33:57
mid.000000000de64379019cbaf9b23d41ab
del

2026-03-05 01:37:01
mid.000000000de64379019cbaff537f05c0
snd

2026-03-05 01:37:02
mid.000000000de64379019cbafc82e33cef
del

2026-03-05 01:40:05
mid.000000000de64379019cbb02240130d6
snd

2026-03-05 01:40:06
mid.000000000de64379019cbaff537f05c0
del

2026-03-05 01:43:10
mid.000000000de64379019cbb04f49904df
snd

2026-03-05 01:43:11
mid.000000000de64379019cbb02240130d6
del

2026-03-05 01:46:14
mid.000000000de64379019cbb07c58b1191
snd

2026-03-05 01:46:15
mid.000000000de64379019cbb04f49904df
del

2026-03-05 01:49:18
mid.000000000de64379019cbb0a95d25237
snd

2026-03-05 01:49:20
mid.000000000de64379019cbb07c58b1191
del

2026-03-05 01:52:23
mid.000000000de64379019cbb0d66be7f9c
snd

2026-03-05 01:52:24
mid.000000000de64379019cbb0a95d25237
del

2026-03-05 01:55:27
mid.000000000de64379019cbb1037307440
snd

2026-03-05 01:55:28
mid.000000000de64379019cbb0d66be7f9c
del

2026-03-05 01:58:32
mid.000000000de64379019cbb1308276fbf
snd

2026-03-05 01:58:33
mid.000000000de64379019cbb1037307440
del

2026-03-05 02:01:37
mid.000000000de64379019cbb15d93d59d9
snd

2026-03-05 02:01:38
mid.000000000de64379019cbb1308276fbf
del

2026-03-05 02:04:41
mid.000000000de64379019cbb18aa7d2d44
snd

2026-03-05 02:04:42
mid.000000000de64379019cbb15d93d59d9
del

2026-03-05 02:07:46
mid.000000000de64379019cbb1b7b6b4e46
snd

2026-03-05 02:07:47
mid.000000000de64379019cbb18aa7d2d44
del

2026-03-05 02:10:50
mid.000000000de64379019cbb1e4b9c66c9
snd

2026-03-05 02:10:51
mid.000000000de64379019cbb1b7b6b4e46
del

2026-03-05 02:13:55
mid.000000000de64379019cbb211c1e1f11
snd

2026-03-05 02:13:56
mid.000000000de64379019cbb1e4b9c66c9
del

2026-03-05 02:16:59
mid.000000000de64379019cbb23ecca0fad
snd

2026-03-05 02:17:00
mid.000000000de64379019cbb211c1e1f11
del

2026-03-05 02:20:04
mid.000000000de64379019cbb26bd7a6c07
snd

2026-03-05 02:20:05
mid.000000000de64379019cbb23ecca0fad
del

2026-03-05 02:23:08
mid.000000000de64379019cbb298e362f8f
snd

2026-03-05 02:23:09
mid.000000000de64379019cbb26bd7a6c07
del

2026-03-05 02:26:13
mid.000000000de64379019cbb2c5f5721b2
snd

2026-03-05 02:26:14
mid.000000000de64379019cbb298e362f8f
del

2026-03-05 02:29:17
mid.000000000de64379019cbb2f3007684f
snd

2026-03-05 02:29:18
mid.000000000de64379019cbb2c5f5721b2
del

2026-03-05 02:32:22
mid.000000000de64379019cbb3200a874cb
snd

2026-03-05 02:32:23
mid.000000000de64379019cbb2f3007684f
del

2026-03-05 02:35:26
mid.000000000de64379019cbb34d1c8750c
snd

2026-03-05 02:35:27
mid.000000000de64379019cbb3200a874cb
del

2026-03-05 02:38:31
mid.000000000de64379019cbb37a25204df
snd

2026-03-05 02:38:32
mid.000000000de64379019cbb34d1c8750c
del

2026-03-05 02:41:35
mid.000000000de64379019cbb3a72ef6fc1
snd

2026-03-05 02:41:36
mid.000000000de64379019cbb37a25204df
del

2026-03-05 02:44:40
mid.000000000de64379019cbb3d43cf1191
snd

2026-03-05 02:44:41
mid.000000000de64379019cbb3a72ef6fc1
del

2026-03-05 02:47:44
mid.000000000de64379019cbb4014613ae6
snd

2026-03-05 02:47:45
mid.000000000de64379019cbb3d43cf1191
del

2026-03-05 02:50:49
mid.000000000de64379019cbb42e4aa76f6
snd

2026-03-05 02:50:50
mid.000000000de64379019cbb4014613ae6
del

2026-03-05 02:53:53
mid.000000000de64379019cbb45b524626b
snd

2026-03-05 02:53:54
mid.000000000de64379019cbb42e4aa76f6
del

2026-03-05 02:56:58
mid.000000000de64379019cbb4885932d33
snd

2026-03-05 02:56:59
mid.000000000de64379019cbb45b524626b
del

2026-03-05 03:00:02
mid.000000000de64379019cbb4b562d3ddd
snd

2026-03-05 03:00:03
mid.000000000de64379019cbb4885932d33
del

2026-03-05 03:03:06
mid.000000000de64379019cbb4e26b1774f
snd

2026-03-05 03:03:08
mid.000000000de64379019cbb4b562d3ddd
del

2026-03-05 03:06:11
mid.000000000de64379019cbb50f79b0a94
snd

2026-03-05 03:06:12
mid.000000000de64379019cbb4e26b1774f
del

2026-03-05 03:09:16
mid.000000000de64379019cbb53c92b73ae
snd

2026-03-05 03:09:17
mid.000000000de64379019cbb50f79b0a94
del

2026-03-05 03:12:20
mid.000000000de64379019cbb5699a3684f
snd

2026-03-05 03:12:21
mid.000000000de64379019cbb53c92b73ae
del

2026-03-05 03:15:25
mid.000000000de64379019cbb596a246d41
snd

2026-03-05 03:15:26
mid.000000000de64379019cbb5699a3684f
del

2026-03-05 03:18:29
mid.000000000de64379019cbb5c3aeb3f3a
snd

2026-03-05 03:18:30
mid.000000000de64379019cbb596a246d41
del

2026-03-05 03:21:34
mid.000000000de64379019cbb5f0b6e231d
snd

2026-03-05 03:21:34
mid.000000000de64379019cbb5c3aeb3f3a
del

2026-03-05 03:24:38
mid.000000000de64379019cbb61dbb330ed
snd

2026-03-05 03:24:39
mid.000000000de64379019cbb5f0b6e231d
del

2026-03-05 03:27:42
mid.000000000de64379019cbb64ac543493
snd

2026-03-05 03:27:44
mid.000000000de64379019cbb61dbb330ed
del

2026-03-05 03:30:47
mid.000000000de64379019cbb677d15365a
snd

2026-03-05 03:30:48
mid.000000000de64379019cbb64ac543493
del

2026-03-05 03:33:51
mid.000000000de64379019cbb6a4d8c7bc8
snd

2026-03-05 03:33:52
mid.000000000de64379019cbb677d15365a
del

2026-03-05 03:36:56
mid.000000000de64379019cbb6d1e7d2b51
snd

2026-03-05 03:36:57
mid.000000000de64379019cbb6a4d8c7bc8
del

2026-03-05 03:40:00
mid.000000000de64379019cbb6feeda7c83
snd

2026-03-05 03:40:02
mid.000000000de64379019cbb6d1e7d2b51
del

2026-03-05 03:43:05
mid.000000000de64379019cbb72c02353df
snd

2026-03-05 03:43:06
mid.000000000de64379019cbb6feeda7c83
del

2026-03-05 03:46:10
mid.000000000de64379019cbb7590eb692c
snd

2026-03-05 03:46:11
mid.000000000de64379019cbb72c02353df
del

2026-03-05 03:49:14
mid.000000000de64379019cbb7861a62d0d
snd

2026-03-05 03:49:15
mid.000000000de64379019cbb7590eb692c
del

2026-03-05 03:52:19
mid.000000000de64379019cbb7b32782100
snd

2026-03-05 03:52:20
mid.000000000de64379019cbb7861a62d0d
del

2026-03-05 03:55:23
mid.000000000de64379019cbb7e02c9634f
snd

2026-03-05 03:55:24
mid.000000000de64379019cbb7b32782100
del

2026-03-05 03:58:27
mid.000000000de64379019cbb80d33728f4
snd

2026-03-05 03:58:28
mid.000000000de64379019cbb7e02c9634f
del

2026-03-05 04:01:32
mid.000000000de64379019cbb83a3772676
snd

2026-03-05 04:01:33
mid.000000000de64379019cbb80d33728f4
del

2026-03-05 04:04:36
mid.000000000de64379019cbb8674552e2f
snd

2026-03-05 04:04:37
mid.000000000de64379019cbb83a3772676
del

2026-03-05 04:07:41
mid.000000000de64379019cbb8944f77440
snd

2026-03-05 04:07:42
mid.000000000de64379019cbb8674552e2f
del

2026-03-05 04:10:45
mid.000000000de64379019cbb8c15a731a2
snd

2026-03-05 04:10:46
mid.000000000de64379019cbb8944f77440
del

2026-03-05 04:13:50
mid.000000000de64379019cbb8ee6307b3e
snd

2026-03-05 04:13:51
mid.000000000de64379019cbb8c15a731a2
del

2026-03-05 04:16:54
mid.000000000de64379019cbb91b6b418d7
snd

2026-03-05 04:16:55
mid.000000000de64379019cbb8ee6307b3e
del

2026-03-05 04:19:59
mid.000000000de64379019cbb94874a60b6
snd

2026-03-05 04:20:00
mid.000000000de64379019cbb91b6b418d7
del

2026-03-05 04:23:03
mid.000000000de64379019cbb9757f43339
snd

2026-03-05 04:23:04
mid.000000000de64379019cbb94874a60b6
del

2026-03-05 04:26:08
mid.000000000de64379019cbb9a28570046
snd

2026-03-05 04:26:09
mid.000000000de64379019cbb9757f43339
del

2026-03-05 04:29:12
mid.000000000de64379019cbb9cf8f931a2
snd

2026-03-05 04:29:13
mid.000000000de64379019cbb9a28570046
del

2026-03-05 04:32:17
mid.000000000de64379019cbb9fc9952e80
snd

2026-03-05 04:32:18
mid.000000000de64379019cbb9cf8f931a2
del

2026-03-05 04:35:21
mid.000000000de64379019cbba29a040aa5
snd

2026-03-05 04:35:22
mid.000000000de64379019cbb9fc9952e80
del

2026-03-05 04:38:26
mid.000000000de64379019cbba56add3a0e
snd

2026-03-05 04:38:26
mid.000000000de64379019cbba29a040aa5
del

2026-03-05 04:41:31
mid.000000000de64379019cbba83e616095
snd

2026-03-05 04:41:32
mid.000000000de64379019cbba56add3a0e
del

2026-03-05 04:44:35
mid.000000000de64379019cbbab0f25280c
snd

2026-03-05 04:44:36
mid.000000000de64379019cbba83e616095
del

2026-03-05 04:47:40
mid.000000000de64379019cbbaddfed634f
snd

2026-03-05 04:47:41
mid.000000000de64379019cbbab0f25280c
del

2026-03-05 04:50:44
mid.000000000de64379019cbbb0b07054a4
snd

2026-03-05 04:50:45
mid.000000000de64379019cbbaddfed634f
del

2026-03-05 04:53:49
mid.000000000de64379019cbbb380ef4c73
snd

2026-03-05 04:53:50
mid.000000000de64379019cbbb0b07054a4
del

2026-03-05 04:56:53
mid.000000000de64379019cbbb650fb4e46
snd

2026-03-05 04:56:54
mid.000000000de64379019cbbb380ef4c73
del

2026-03-05 04:59:57
mid.000000000de64379019cbbb9213a6d51
snd

2026-03-05 04:59:58
mid.000000000de64379019cbbb650fb4e46
del

2026-03-05 05:03:02
mid.000000000de64379019cbbbbf18e535a
snd

2026-03-05 05:03:03
mid.000000000de64379019cbbb9213a6d51
del

2026-03-05 05:06:06
mid.000000000de64379019cbbbec22915eb
snd

2026-03-05 05:06:07
mid.000000000de64379019cbbbbf18e535a
del

2026-03-05 05:09:11
mid.000000000de64379019cbbc192df4fc4
snd

2026-03-05 05:09:12
mid.000000000de64379019cbbbec22915eb
del

2026-03-05 05:12:15
mid.000000000de64379019cbbc463a90f63
snd

2026-03-05 05:12:16
mid.000000000de64379019cbbc192df4fc4
del

2026-03-05 05:15:20
mid.000000000de64379019cbbc734074082
snd

2026-03-05 05:15:21
mid.000000000de64379019cbbc463a90f63
del

2026-03-05 05:18:24
mid.000000000de64379019cbbca04ae6c7a
snd

2026-03-05 05:18:25
mid.000000000de64379019cbbc734074082
del

2026-03-05 05:21:29
mid.000000000de64379019cbbccd4e26ba2
snd

2026-03-05 05:21:29
mid.000000000de64379019cbbca04ae6c7a
del

2026-03-05 05:24:33
mid.000000000de64379019cbbcfa5437c5b
snd

2026-03-05 05:24:34
mid.000000000de64379019cbbccd4e26ba2
del

2026-03-05 05:27:37
mid.000000000de64379019cbbd275e74928
snd

2026-03-05 05:27:38
mid.000000000de64379019cbbcfa5437c5b
del

2026-03-05 05:30:42
mid.000000000de64379019cbbd546b43406
snd

2026-03-05 05:30:43
mid.000000000de64379019cbbd275e74928
del

2026-03-05 05:33:46
mid.000000000de64379019cbbd8175015fa
snd

2026-03-05 05:33:47
mid.000000000de64379019cbbd546b43406
del

2026-03-05 05:36:51
mid.000000000de64379019cbbdae7ae61cc
snd

2026-03-05 05:36:52
mid.000000000de64379019cbbd8175015fa
del

2026-03-05 05:39:55
mid.000000000de64379019cbbddb7fa3859
snd

2026-03-05 05:39:56
mid.000000000de64379019cbbdae7ae61cc
del

2026-03-05 05:43:00
mid.000000000de64379019cbbe088cb3859
snd

2026-03-05 05:43:01
mid.000000000de64379019cbbddb7fa3859
del

2026-03-05 05:46:05
mid.000000000de64379019cbbe35d1254ee
snd

2026-03-05 05:46:06
mid.000000000de64379019cbbe088cb3859
del

2026-03-05 05:49:10
mid.000000000de64379019cbbe62df43e07
snd

2026-03-05 05:49:11
mid.000000000de64379019cbbe35d1254ee
del

2026-03-05 05:52:14
mid.000000000de64379019cbbe8ff005a60
snd

2026-03-05 05:52:15
mid.000000000de64379019cbbe62df43e07
del

2026-03-05 05:55:19
mid.000000000de64379019cbbebcf7074cb
snd

2026-03-05 05:55:20
mid.000000000de64379019cbbe8ff005a60
del

2026-03-05 05:58:24
mid.000000000de64379019cbbeea3035af9
snd

2026-03-05 05:58:25
mid.000000000de64379019cbbebcf7074cb
del

2026-03-05 06:01:28
mid.000000000de64379019cbbf173a27aa1
snd

2026-03-05 06:01:29
mid.000000000de64379019cbbeea3035af9
del

2026-03-05 06:04:33
mid.000000000de64379019cbbf443f83796
snd

2026-03-05 06:04:34
mid.000000000de64379019cbbf173a27aa1
del

2026-03-05 06:07:37
mid.000000000de64379019cbbf714bc2351
snd

2026-03-05 06:07:38
mid.000000000de64379019cbbf443f83796
del

2026-03-05 06:10:42
mid.000000000de64379019cbbf9e52330ed
snd

2026-03-05 06:10:43
mid.000000000de64379019cbbf714bc2351
del

2026-03-05 06:13:46
mid.000000000de64379019cbbfcb5531495
snd

2026-03-05 06:13:47
mid.000000000de64379019cbbf9e52330ed
del

2026-03-05 06:16:51
mid.000000000de64379019cbbff86252cc0
snd

2026-03-05 06:16:52
mid.000000000de64379019cbbfcb5531495
del

2026-03-05 06:19:55
mid.000000000de64379019cbc0256ae4f5c
snd

2026-03-05 06:19:56
mid.000000000de64379019cbbff86252cc0
del

2026-03-05 06:23:00
mid.000000000de64379019cbc0527526fc6
snd

2026-03-05 06:23:01
mid.000000000de64379019cbc0256ae4f5c
del

2026-03-05 06:26:04
mid.000000000de64379019cbc07f7831ec4
snd

2026-03-05 06:26:05
mid.000000000de64379019cbc0527526fc6
del

2026-03-05 06:29:08
mid.000000000de64379019cbc0ac8003339
snd

2026-03-05 06:29:09
mid.000000000de64379019cbc07f7831ec4
del

2026-03-05 06:32:13
mid.000000000de64379019cbc0d985508e1
snd

2026-03-05 06:32:14
mid.000000000de64379019cbc0ac8003339
del

2026-03-05 06:35:17
mid.000000000de64379019cbc1068966441
snd

2026-03-05 06:35:18
mid.000000000de64379019cbc0d985508e1
del

2026-03-05 06:38:22
mid.000000000de64379019cbc1339971b85
snd

2026-03-05 06:38:23
mid.000000000de64379019cbc1068966441
del

2026-03-05 06:41:26
mid.000000000de64379019cbc160a6e61c2
snd

2026-03-05 06:41:27
mid.000000000de64379019cbc1339971b85
del

2026-03-05 06:44:31
mid.000000000de64379019cbc18dab674cb
snd

2026-03-05 06:44:32
mid.000000000de64379019cbc160a6e61c2
del

2026-03-05 06:47:35
mid.000000000de64379019cbc1bab31188d
snd

2026-03-05 06:47:36
mid.000000000de64379019cbc18dab674cb
del

2026-03-05 06:50:40
mid.000000000de64379019cbc1e7ba0103a
snd

2026-03-05 06:50:41
mid.000000000de64379019cbc1bab31188d
del

2026-03-05 06:53:44
mid.000000000de64379019cbc214bcb07d2
snd

2026-03-05 06:53:45
mid.000000000de64379019cbc1e7ba0103a
del

2026-03-05 06:56:48
mid.000000000de64379019cbc241c5759d9
snd

2026-03-05 06:56:49
mid.000000000de64379019cbc214bcb07d2
del

2026-03-05 06:59:53
mid.000000000de64379019cbc26ecd359dd
snd

2026-03-05 06:59:54
mid.000000000de64379019cbc241c5759d9
del

2026-03-05 07:02:57
mid.000000000de64379019cbc29bd461786
snd

2026-03-05 07:02:58
mid.000000000de64379019cbc26ecd359dd
del

2026-03-05 07:06:02
mid.000000000de64379019cbc2c8e034ca1
snd

2026-03-05 07:06:03
mid.000000000de64379019cbc29bd461786
del

2026-03-05 07:09:06
mid.000000000de64379019cbc2f5ef02cc0
snd

2026-03-05 07:09:07
mid.000000000de64379019cbc2c8e034ca1
del

2026-03-05 07:12:11
mid.000000000de64379019cbc322f092e2f
snd

2026-03-05 07:12:12
mid.000000000de64379019cbc2f5ef02cc0
del

2026-03-05 07:15:15
mid.000000000de64379019cbc34ffad281f
snd

2026-03-05 07:15:16
mid.000000000de64379019cbc322f092e2f
del

2026-03-05 07:18:20
mid.000000000de64379019cbc37d12d7431
snd

2026-03-05 07:18:21
mid.000000000de64379019cbc34ffad281f
del

2026-03-05 07:21:24
mid.000000000de64379019cbc3aa1aa2f4e
snd

2026-03-05 07:21:26
mid.000000000de64379019cbc37d12d7431
del

2026-03-05 07:24:29
mid.000000000de64379019cbc3d74272d2b
snd

2026-03-05 07:24:30
mid.000000000de64379019cbc3aa1aa2f4e
del

2026-03-05 07:27:34
mid.000000000de64379019cbc4044b86f42
snd

2026-03-05 07:27:35
mid.000000000de64379019cbc3d74272d2b
del

2026-03-05 07:30:38
mid.000000000de64379019cbc431557774f
snd

2026-03-05 07:30:39
mid.000000000de64379019cbc4044b86f42
del

2026-03-05 07:33:43
mid.000000000de64379019cbc45e636170d
snd

2026-03-05 07:33:44
mid.000000000de64379019cbc431557774f
del

2026-03-05 07:36:47
mid.000000000de64379019cbc48b70a249b
snd

2026-03-05 07:36:48
mid.000000000de64379019cbc45e636170d
del

2026-03-05 07:39:52
mid.000000000de64379019cbc4b87711a56
snd

2026-03-05 07:39:53
mid.000000000de64379019cbc48b70a249b
del

2026-03-05 07:42:56
mid.000000000de64379019cbc4e57c216ef
snd

2026-03-05 07:42:57
mid.000000000de64379019cbc4b87711a56
del

2026-03-05 07:46:01
mid.000000000de64379019cbc51284d0fad
snd

2026-03-05 07:46:02
mid.000000000de64379019cbc4e57c216ef
del

2026-03-05 07:49:06
mid.000000000de64379019cbc53fb440978
snd

2026-03-05 07:49:07
mid.000000000de64379019cbc51284d0fad
del

2026-03-05 07:52:11
mid.000000000de64379019cbc56cdcc1a6b
snd

2026-03-05 07:52:12
mid.000000000de64379019cbc53fb440978
del

2026-03-05 07:55:15
mid.000000000de64379019cbc599e3b5972
snd

2026-03-05 07:55:16
mid.000000000de64379019cbc56cdcc1a6b
del

2026-03-05 07:58:20
mid.000000000de64379019cbc5c6eae0e1c
snd

2026-03-05 07:58:21
mid.000000000de64379019cbc599e3b5972
del

2026-03-05 08:01:24
mid.000000000de64379019cbc5f3f611095
snd

2026-03-05 08:01:25
mid.000000000de64379019cbc5c6eae0e1c
del

2026-03-05 08:04:28
mid.000000000de64379019cbc620fe04f91
snd

2026-03-05 08:04:29
mid.000000000de64379019cbc5f3f611095
del

2026-03-05 08:07:33
mid.000000000de64379019cbc64e05f462c
snd

2026-03-05 08:07:34
mid.000000000de64379019cbc620fe04f91
del

2026-03-05 08:10:37
mid.000000000de64379019cbc67b0fd3d1f
snd

2026-03-05 08:10:38
mid.000000000de64379019cbc64e05f462c
del

2026-03-05 08:13:42
mid.000000000de64379019cbc6a81854a49
snd

2026-03-05 08:13:43
mid.000000000de64379019cbc67b0fd3d1f
del

2026-03-05 08:16:46
mid.000000000de64379019cbc6d522f0a75
snd

2026-03-05 08:16:47
mid.000000000de64379019cbc6a81854a49
del

2026-03-05 08:19:51
mid.000000000de64379019cbc7022c73b5b
snd

2026-03-05 08:19:52
mid.000000000de64379019cbc6d522f0a75
del

2026-03-05 08:22:55
mid.000000000de64379019cbc72f36a3ef9
snd

2026-03-05 08:22:56
mid.000000000de64379019cbc7022c73b5b
del

2026-03-05 08:26:00
mid.000000000de64379019cbc75c49e7e46
snd

2026-03-05 08:26:01
mid.000000000de64379019cbc72f36a3ef9
del

2026-03-05 08:29:04
mid.000000000de64379019cbc7894fa634f
snd

2026-03-05 08:29:05
mid.000000000de64379019cbc75c49e7e46
del

2026-03-05 08:32:09
mid.000000000de64379019cbc7b67c27482
snd

2026-03-05 08:32:10
mid.000000000de64379019cbc7894fa634f
del

2026-03-05 08:35:14
mid.000000000de64379019cbc7e389b53d0
snd

2026-03-05 08:35:15
mid.000000000de64379019cbc7b67c27482
del

2026-03-05 08:38:18
mid.000000000de64379019cbc81092e6fbf
snd

2026-03-05 08:38:19
mid.000000000de64379019cbc7e389b53d0
del

2026-03-05 08:41:23
mid.000000000de64379019cbc83d9a25cc8
snd

2026-03-05 08:41:24
mid.000000000de64379019cbc81092e6fbf
del

2026-03-05 08:44:27
mid.000000000de64379019cbc86aa713a13
snd

2026-03-05 08:44:29
mid.000000000de64379019cbc83d9a25cc8
del

2026-03-05 08:47:32
mid.000000000de64379019cbc897c186095
snd

2026-03-05 08:47:33
mid.000000000de64379019cbc86aa713a13
del

2026-03-05 08:50:37
mid.000000000de64379019cbc8c4ccf2e07
snd

2026-03-05 08:50:37
mid.000000000de64379019cbc897c186095
del

2026-03-05 08:53:41
mid.000000000de64379019cbc8f1d244a49
snd

2026-03-05 08:53:42
mid.000000000de64379019cbc8c4ccf2e07
del

2026-03-05 08:56:45
mid.000000000de64379019cbc91ed7d53df
snd

2026-03-05 08:56:46
mid.000000000de64379019cbc8f1d244a49
del

2026-03-05 08:59:51
mid.000000000de64379019cbc94c1234fc4
snd

2026-03-05 08:59:52
mid.000000000de64379019cbc91ed7d53df
del

2026-03-05 09:02:55
mid.000000000de64379019cbc97919a562b
snd

2026-03-05 09:02:56
mid.000000000de64379019cbc94c1234fc4
del

2026-03-05 09:06:00
mid.000000000de64379019cbc9a62347c83
snd

2026-03-05 09:06:01
mid.000000000de64379019cbc97919a562b
del

2026-03-05 09:09:04
mid.000000000de64379019cbc9d333f2845
snd

2026-03-05 09:09:05
mid.000000000de64379019cbc9a62347c83
del

2026-03-05 09:12:09
mid.000000000de64379019cbca0039c5af9
snd

2026-03-05 09:12:09
mid.000000000de64379019cbc9d333f2845
del

2026-03-05 09:15:13
mid.000000000de64379019cbca2d4064f5c
snd

2026-03-05 09:15:14
mid.000000000de64379019cbca0039c5af9
del

2026-03-05 09:18:17
mid.000000000de64379019cbca5a4642d32
snd

2026-03-05 09:18:18
mid.000000000de64379019cbca2d4064f5c
del

2026-03-05 09:21:22
mid.000000000de64379019cbca874fc7074
snd

2026-03-05 09:21:23
mid.000000000de64379019cbca5a4642d32
del

2026-03-05 09:24:26
mid.000000000de64379019cbcab456921db
snd

2026-03-05 09:24:27
mid.000000000de64379019cbca874fc7074
del

2026-03-05 09:27:31
mid.000000000de64379019cbcae167205c0
snd

2026-03-05 09:27:32
mid.000000000de64379019cbcab456921db
del

2026-03-05 09:30:35
mid.000000000de64379019cbcb0e72d78f2
snd

2026-03-05 09:30:36
mid.000000000de64379019cbcae167205c0
del

2026-03-05 09:33:40
mid.000000000de64379019cbcb3b9e50483
snd

2026-03-05 09:33:41
mid.000000000de64379019cbcb0e72d78f2
del

2026-03-05 09:36:45
mid.000000000de64379019cbcb68ab35345
snd

2026-03-05 09:36:46
mid.000000000de64379019cbcb3b9e50483
del

2026-03-05 09:39:49
mid.000000000de64379019cbcb95b91670f
snd

2026-03-05 09:39:50
mid.000000000de64379019cbcb68ab35345
del

2026-03-05 09:42:54
mid.000000000de64379019cbcbc2bf4509a
snd

2026-03-05 09:42:55
mid.000000000de64379019cbcb95b91670f
del

2026-03-05 09:45:59
mid.000000000de64379019cbcbeff0c7f53
snd

2026-03-05 09:46:00
mid.000000000de64379019cbcbc2bf4509a
del

2026-03-05 09:49:04
mid.000000000de64379019cbcc1d2810513
snd

2026-03-05 09:49:05
mid.000000000de64379019cbcbeff0c7f53
del

2026-03-05 09:52:09
mid.000000000de64379019cbcc4a2b4634f
snd

2026-03-05 09:52:09
mid.000000000de64379019cbcc1d2810513
del

2026-03-05 09:55:13
mid.000000000de64379019cbcc77329037d
snd

2026-03-05 09:55:14
mid.000000000de64379019cbcc4a2b4634f
del

2026-03-05 09:58:17
mid.000000000de64379019cbcca43c91f11
snd

2026-03-05 09:58:19
mid.000000000de64379019cbcc77329037d
del

2026-03-05 10:01:22
mid.000000000de64379019cbccd15073ba1
snd

2026-03-05 10:01:23
mid.000000000de64379019cbcca43c91f11
del

2026-03-05 10:04:27
mid.000000000de64379019cbccfe5dd4095
snd

2026-03-05 10:04:28
mid.000000000de64379019cbccd15073ba1
del

2026-03-05 10:07:31
mid.000000000de64379019cbcd2b6644ca1
snd

2026-03-05 10:07:32
mid.000000000de64379019cbccfe5dd4095
del

2026-03-05 10:10:36
mid.000000000de64379019cbcd58a4703e6
snd

2026-03-05 10:10:37
mid.000000000de64379019cbcd2b6644ca1
del

2026-03-05 10:13:41
mid.000000000de64379019cbcd85ab04ebd
snd

2026-03-05 10:13:42
mid.000000000de64379019cbcd58a4703e6
del

2026-03-05 10:16:46
mid.000000000de64379019cbcdb2e0f5f7f
snd

2026-03-05 10:16:47
mid.000000000de64379019cbcd85ab04ebd
del

2026-03-05 10:19:50
mid.000000000de64379019cbcddfeb31ec4
snd

2026-03-05 10:19:51
mid.000000000de64379019cbcdb2e0f5f7f
del

2026-03-05 10:22:55
mid.000000000de64379019cbce0cf72654c
snd

2026-03-05 10:22:56
mid.000000000de64379019cbcddfeb31ec4
del

2026-03-05 10:25:59
mid.000000000de64379019cbce39fc208e1
snd

2026-03-05 10:26:00
mid.000000000de64379019cbce0cf72654c
del

2026-03-05 10:29:04
mid.000000000de64379019cbce670f416e9
snd

2026-03-05 10:29:05
mid.000000000de64379019cbce39fc208e1
del

2026-03-05 10:32:08
mid.000000000de64379019cbce9416c31a5
snd

2026-03-05 10:32:09
mid.000000000de64379019cbce670f416e9
del

2026-03-05 10:35:13
mid.000000000de64379019cbcec11d33a71
snd

2026-03-05 10:35:14
mid.000000000de64379019cbce9416c31a5
del

2026-03-05 10:38:17
mid.000000000de64379019cbceee2662100
snd

2026-03-05 10:38:18
mid.000000000de64379019cbcec11d33a71
del

2026-03-05 10:41:22
mid.000000000de64379019cbcf1b2fd7b3e
snd

2026-03-05 10:41:23
mid.000000000de64379019cbceee2662100
del

2026-03-05 10:44:26
mid.000000000de64379019cbcf483a648ac
snd

2026-03-05 10:44:27
mid.000000000de64379019cbcf1b2fd7b3e
del

2026-03-05 10:47:31
mid.000000000de64379019cbcf754d6462c
snd

2026-03-05 10:47:32
mid.000000000de64379019cbcf483a648ac
del

2026-03-05 10:50:35
mid.000000000de64379019cbcfa25876afb
snd

2026-03-05 10:50:37
mid.000000000de64379019cbcf754d6462c
del

2026-03-05 10:53:40
mid.000000000de64379019cbcfcf70d2f39
snd

2026-03-05 10:53:41
mid.000000000de64379019cbcfa25876afb
del

2026-03-05 10:56:45
mid.000000000de64379019cbcffc7b12f97
snd

2026-03-05 10:56:46
mid.000000000de64379019cbcfcf70d2f39
del

2026-03-05 10:59:49
mid.000000000de64379019cbd0298473f3a
snd

2026-03-05 10:59:50
mid.000000000de64379019cbcffc7b12f97
del

2026-03-05 11:02:54
mid.000000000de64379019cbd05693649be
snd

2026-03-05 11:02:55
mid.000000000de64379019cbd0298473f3a
del

2026-03-05 11:05:58
mid.000000000de64379019cbd0839d53870
snd

2026-03-05 11:05:59
mid.000000000de64379019cbd05693649be
del

2026-03-05 11:09:03
mid.000000000de64379019cbd0b0afb2f97
snd

2026-03-05 11:09:04
mid.000000000de64379019cbd0839d53870
del

2026-03-05 11:12:08
mid.000000000de64379019cbd0dddf42676
snd

2026-03-05 11:12:09
mid.000000000de64379019cbd0b0afb2f97
del

2026-03-05 11:15:12
mid.000000000de64379019cbd10af042676
snd

2026-03-05 11:15:13
mid.000000000de64379019cbd0dddf42676
del

2026-03-05 11:18:17
mid.000000000de64379019cbd137fd065ef
snd

2026-03-05 11:18:18
mid.000000000de64379019cbd10af042676
del

2026-03-05 11:21:21
mid.000000000de64379019cbd1650493796
snd

2026-03-05 11:21:22
mid.000000000de64379019cbd137fd065ef
del

2026-03-05 11:24:26
mid.000000000de64379019cbd1920de73ae
snd

2026-03-05 11:24:27
mid.000000000de64379019cbd1650493796
del

2026-03-05 11:27:30
mid.000000000de64379019cbd1bf15e2a45
snd

2026-03-05 11:27:31
mid.000000000de64379019cbd1920de73ae
del

2026-03-05 11:30:35
mid.000000000de64379019cbd1ec21804df
snd

2026-03-05 11:30:36
mid.000000000de64379019cbd1bf15e2a45
del

2026-03-05 11:33:39
mid.000000000de64379019cbd2192fb13ae
snd

2026-03-05 11:33:40
mid.000000000de64379019cbd1ec21804df
del

2026-03-05 11:36:44
mid.000000000de64379019cbd2463c73a71
snd

2026-03-05 11:36:45
mid.000000000de64379019cbd2192fb13ae
del

2026-03-05 11:39:05
{'callback': {'timestamp': 1772699945760, 'callback_id': 'f9LHodD0cOL_tLs4IqmDeFlovuE2UXeQ3VecqducouUuMhYVUBijIguqJG02VqDUJXsSbQTpe8aZy10THeXaSqMU0nwy3F1K-t0X8VXnDi7Sfb0OMcQ2', 'user': {'user_id': 23645861, 'first_name': 'Дмитрий', 'last_name': 'Марков', 'is_bot': False, 'last_activity_time': 1772699943000, 'name': 'Дмитрий Марков'}, 'payload': 'Start'}, 'message': {'recipient': {'chat_id': 233194361, 'chat_type': 'dialog', 'user_id': 23645861}, 'timestamp': 1772699804615, 'body': {'mid': 'mid.000000000de64379019cbd2463c73a71', 'seq': 116175654395263601, 'text': 'Бот-генератор токенов доступа v.1.2.', 'attachments': [{'callback_id': 'f9LHodD0cOJOdVe80DpTF1inpspsf6fxnchroJ6vKNm85kwqhwNqnLEXoK4dGhfwaciw-gFNyS6qUsPz6euZiR6Xp3CeZy5ZbOgC_kvxhxlNSNUEMSes', 'payload': {'buttons': [[{'payload': 'Start', 'text': 'Начать', 'intent': 'default', 'type': 'callback'}]]}, 'type': 'inline_keyboard'}]}, 'sender': {'user_id': 210669020, 'first_name': 'DASHA_TOKEN_BOT', 'username': 'id575104156000_bot', 'is_bot': True, 'last_activity_time': 1772699945635, 'name': 'DASHA_TOKEN_BOT'}}, 'timestamp': 1772699945760, 'user_locale': 'ru', 'update_type': 'message_callback'}
clb

2026-03-05 11:39:05
mid.000000000de64379019cbd268c370959
snd

2026-03-05 11:39:06
mid.000000000de64379019cbd2463c73a71
del

2026-03-05 11:39:06
mid.000000000de64379019cbd268f1202f2
snd

2026-03-05 11:39:06
mid.000000000de64379019cbd268c370959
del

2026-03-05 11:39:13
{'message': {'recipient': {'chat_id': 233194361, 'chat_type': 'dialog', 'user_id': 210669020}, 'timestamp': 1772699953352, 'body': {'mid': 'mid.000000000de64379019cbd26a8c8460f', 'seq': 116175664142894607, 'text': '0000'}, 'sender': {'user_id': 23645861, 'first_name': 'Дмитрий', 'last_name': 'Марков', 'is_bot': False, 'last_activity_time': 1772699943000, 'name': 'Дмитрий Марков'}}, 'timestamp': 1772699953352, 'user_locale': 'ru', 'update_type': 'message_created'}
txt

2026-03-05 11:39:13
mid.000000000de64379019cbd26aa930959
snd

2026-03-05 11:39:13
mid.000000000de64379019cbd26a8c8460f
del

2026-03-05 11:39:14
mid.000000000de64379019cbd268f1202f2
del

2026-03-05 11:39:14
mid.000000000de64379019cbd26ae9c7e5e
snd

2026-03-05 11:39:14
mid.000000000de64379019cbd26aa930959
del

2026-03-05 13:15:02
{'callback': {'timestamp': 1772705168595, 'callback_id': 'f9LHodD0cOIIgujD_OZ_Y-_XAqIh0dKeYLymxAesC6k5tYax2fb3AaNagWIt1u6zDFGbtsb08CiaKmsb5QJb0xtT8zR0C1Z3uGR74pOYOcI10b06jnqB', 'user': {'user_id': 23645861, 'first_name': 'Дмитрий', 'last_name': 'Марков', 'is_bot': False, 'last_activity_time': 1772705689000, 'name': 'Дмитрий Марков'}, 'payload': 'MainMenu'}, 'message': {'recipient': {'chat_id': 233194361, 'chat_type': 'dialog', 'user_id': 23645861}, 'timestamp': 1772699954844, 'body': {'mid': 'mid.000000000de64379019cbd26ae9c7e5e', 'seq': 116175664240688734, 'text': 'Выберите команду меню Бота или получите Новый токен.', 'attachments': [{'callback_id': 'f9LHodD0cOKEg9cCxtz3kDLjM_jSc4DH1eRBsGUHQWbkxcYsGmzq6PEzGOLqvVL9Fpd2peB_zZKRJv8BLm49jku8L-m2aX-buabyK0E934dSGbGB1CYQ', 'payload': {'buttons': [[{'payload': 'MainMenu', 'text': 'Главное меню', 'intent': 'default', 'type': 'callback'}], [{'payload': 'GetNewToken', 'text': 'Новый токен', 'intent': 'default', 'type': 'callback'}]]}, 'type': 'inline_keyboard'}], 'markup': [{'from': 40, 'length': 11, 'type': 'strong'}]}, 'sender': {'user_id': 210669020, 'first_name': 'DASHA_TOKEN_BOT', 'username': 'id575104156000_bot', 'is_bot': True, 'last_activity_time': 1772705703050, 'name': 'DASHA_TOKEN_BOT'}}, 'timestamp': 1772705168595, 'user_locale': 'ru', 'update_type': 'message_callback'}
clb

2026-03-05 13:15:42
mid.000000000de64379019cbd7f01302d0d
snd

2026-03-05 13:15:45
mid.000000000de64379019cbd26ae9c7e5e
del

2026-03-05 13:15:46
mid.000000000de64379019cbd7f0fd70959
snd

2026-03-05 13:15:50
mid.000000000de64379019cbd26ae9c7e5e
del

2026-03-05 13:15:51
mid.000000000de64379019cbd7f230a286e
snd

2026-03-05 13:15:53
mid.000000000de64379019cbd7f0fd70959
del

2026-03-05 13:15:55
{'callback': {'timestamp': 1772705690821, 'callback_id': 'f9LHodD0cOJtemNvKzfwYPOhL2I5ZhGZyWiQdJUZAE3Igg2mxeL8u-okZb00W1cXjHC-HNDbU7uOJHljTFDMjySf9u4zdeKGQ_iaTsEgY8hGh7hwebn1', 'user': {'user_id': 23645861, 'first_name': 'Дмитрий', 'last_name': 'Марков', 'is_bot': False, 'last_activity_time': 1772705743000, 'name': 'Дмитрий Марков'}, 'payload': 'MainMenu'}, 'message': {'recipient': {'chat_id': 233194361, 'chat_type': 'dialog', 'user_id': 23645861}, 'timestamp': 1772699954844, 'body': {'mid': 'mid.000000000de64379019cbd26ae9c7e5e', 'seq': 116175664240688734, 'text': 'Выберите команду меню Бота или получите Новый токен.', 'attachments': [{'callback_id': 'f9LHodD0cOIRE87_EgWrHtFr6LBVq8KRpbvDhUOpoLhTFsyV_W0hIrxklqqvSxbfHSWJu1RTQ_W2DWLUe84_yQQDO3z1z0heRxaTFTe7iXWnMDphjnGk', 'payload': {'buttons': [[{'payload': 'MainMenu', 'text': 'Главное меню', 'intent': 'default', 'type': 'callback'}], [{'payload': 'GetNewToken', 'text': 'Новый токен', 'intent': 'default', 'type': 'callback'}]]}, 'type': 'inline_keyboard'}], 'markup': [{'from': 40, 'length': 11, 'type': 'strong'}]}, 'sender': {'user_id': 210669020, 'first_name': 'DASHA_TOKEN_BOT', 'username': 'id575104156000_bot', 'is_bot': True, 'last_activity_time': 1772705755316, 'name': 'DASHA_TOKEN_BOT'}}, 'timestamp': 1772705690821, 'user_locale': 'ru', 'update_type': 'message_callback'}
clb

2026-03-05 13:16:02
mid.000000000de64379019cbd7f4ca20959
snd

2026-03-05 13:16:03
mid.000000000de64379019cbd7f230a286e
del

2026-03-05 13:16:04
mid.000000000de64379019cbd7f540452db
snd

2026-03-05 13:16:05
mid.000000000de64379019cbd7f4ca20959
del

2026-03-05 13:16:05
{'message': {'recipient': {'chat_id': 233194361, 'chat_type': 'dialog', 'user_id': 210669020}, 'timestamp': 1772705700372, 'body': {'mid': 'mid.000000000de64379019cbd7e5a142b9d', 'seq': 116176040779590557, 'text': 'Апп'}, 'sender': {'user_id': 23645861, 'first_name': 'Дмитрий', 'last_name': 'Марков', 'is_bot': False, 'last_activity_time': 1772705743000, 'name': 'Дмитрий Марков'}}, 'timestamp': 1772705700372, 'user_locale': 'ru', 'update_type': 'message_created'}
txt

2026-03-05 13:16:25
mid.000000000de64379019cbd7fa6860959
snd

2026-03-05 13:16:41
mid.000000000de64379019cbd7e5a142b9d
del

2026-03-05 13:17:01
mid.000000000de64379019cbd80326c59bf
snd

2026-03-05 13:17:11
mid.000000000de64379019cbd7fa6860959
del

2026-03-05 13:17:14
{'callback': {'timestamp': 1772705729934, 'callback_id': 'f9LHodD0cOL2aJu6R4eVCDSdcOkLJ5eLvJf_mB5R6cMM-wbl8CyJFPCEIod96JmM7685JbB0w62Y6OEpqYFjaPAwkGsmf9s64C8OQrdYdar28f0bXYeD', 'user': {'user_id': 23645861, 'first_name': 'Дмитрий', 'last_name': 'Марков', 'is_bot': False, 'last_activity_time': 1772705832000, 'name': 'Дмитрий Марков'}, 'payload': 'GetNewToken'}, 'message': {'recipient': {'chat_id': 233194361, 'chat_type': 'dialog', 'user_id': 23645861}, 'timestamp': 1772699954844, 'body': {'mid': 'mid.000000000de64379019cbd26ae9c7e5e', 'seq': 116175664240688734, 'text': 'Выберите команду меню Бота или получите Новый токен.', 'attachments': [{'callback_id': 'f9LHodD0cOKbjnevkrcxwDpE-zveXZZa2CSaRdYCkl_V7-SKOM3cmm1KRV84yYF_2YKI0Sa3W27u_rCMY4qAodaVMt3YX0SOPHlLouY-7FMT1mz-TRQo', 'payload': {'buttons': [[{'payload': 'MainMenu', 'text': 'Главное меню', 'intent': 'default', 'type': 'callback'}], [{'payload': 'GetNewToken', 'text': 'Новый токен', 'intent': 'default', 'type': 'callback'}]]}, 'type': 'inline_keyboard'}], 'markup': [{'from': 40, 'length': 11, 'type': 'strong'}]}, 'sender': {'user_id': 210669020, 'first_name': 'DASHA_TOKEN_BOT', 'username': 'id575104156000_bot', 'is_bot': True, 'last_activity_time': 1772705834898, 'name': 'DASHA_TOKEN_BOT'}}, 'timestamp': 1772705729934, 'user_locale': 'ru', 'update_type': 'message_callback'}
clb

2026-03-05 13:17:36
mid.000000000de64379019cbd80be430959
snd

2026-03-05 13:17:43
mid.000000000de64379019cbd80326c59bf
del

2026-03-05 13:17:44
mid.000000000de64379019cbd7f540452db
del

2026-03-05 13:17:45
mid.000000000de64379019cbd80e01e2f17
snd

2026-03-05 13:17:53
mid.000000000de64379019cbd80fe116c4e
snd

2026-03-05 13:17:56
mid.000000000de64379019cbd80be430959
del

2026-03-05 13:17:56
{'callback': {'timestamp': 1772705731655, 'callback_id': 'f9LHodD0cOKpSex-zFz3Dz0lFokvYhVCuzQgg3stK-B1vJaMTbEyOMjrVFY3rWznFqgnvmHpL2-Ag6pDW_zc8bgzdE1ti4oICbyDtaIm26OKA3Mi6gXP', 'user': {'user_id': 23645861, 'first_name': 'Дмитрий', 'last_name': 'Марков', 'is_bot': False, 'last_activity_time': 1772705832000, 'name': 'Дмитрий Марков'}, 'payload': 'GetNewToken'}, 'message': {'recipient': {'chat_id': 233194361, 'chat_type': 'dialog', 'user_id': 23645861}, 'timestamp': 1772699954844, 'body': {'mid': 'mid.000000000de64379019cbd26ae9c7e5e', 'seq': 116175664240688734, 'text': 'Выберите команду меню Бота или получите Новый токен.', 'attachments': [{'callback_id': 'f9LHodD0cOILfSROopVST_tFlDhRzPhkjiMJMB0RwLr56JbucbAikieHGhVhXeLcf-mZRj6aOGIFQ6F6BWBX2HzMncBODqAloQWTQaw11YhNSNcO86It', 'payload': {'buttons': [[{'payload': 'MainMenu', 'text': 'Главное меню', 'intent': 'default', 'type': 'callback'}], [{'payload': 'GetNewToken', 'text': 'Новый токен', 'intent': 'default', 'type': 'callback'}]]}, 'type': 'inline_keyboard'}], 'markup': [{'from': 40, 'length': 11, 'type': 'strong'}]}, 'sender': {'user_id': 210669020, 'first_name': 'DASHA_TOKEN_BOT', 'username': 'id575104156000_bot', 'is_bot': True, 'last_activity_time': 1772705834900, 'name': 'DASHA_TOKEN_BOT'}}, 'timestamp': 1772705731655, 'user_locale': 'ru', 'update_type': 'message_callback'}
clb

2026-03-05 13:18:02
mid.000000000de64379019cbd81240b0959
snd

2026-03-05 13:18:03
mid.000000000de64379019cbd80fe116c4e
del

2026-03-05 13:18:04
mid.000000000de64379019cbd80e01e2f17
del

2026-03-05 13:18:05
mid.000000000de64379019cbd812e5b6a73
snd

2026-03-05 13:18:06
mid.000000000de64379019cbd812e5b6a73
del

2026-03-05 13:18:07
mid.000000000de64379019cbd81354b2f17
snd

2026-03-05 13:18:09
mid.000000000de64379019cbd813f7309b6
snd

2026-03-05 13:18:11
mid.000000000de64379019cbd81240b0959
del

2026-03-05 13:18:11
{'callback': {'timestamp': 1772705737157, 'callback_id': 'f9LHodD0cOK_8ikAbbX-4taLkREQMWJEI9qykjYLLwL_N1F1uFVVuhp8VoLt-D92SGeAF9DISMIFgmo91epYxupA3HYt3EmpJgizsG7W208sEocxBAIR', 'user': {'user_id': 23645861, 'first_name': 'Дмитрий', 'last_name': 'Марков', 'is_bot': False, 'last_activity_time': 1772705832000, 'name': 'Дмитрий Марков'}, 'payload': 'MainMenu'}, 'message': {'recipient': {'chat_id': 233194361, 'chat_type': 'dialog', 'user_id': 23645861}, 'timestamp': 1772699954844, 'body': {'mid': 'mid.000000000de64379019cbd26ae9c7e5e', 'seq': 116175664240688734, 'text': 'Выберите команду меню Бота или получите Новый токен.', 'attachments': [{'callback_id': 'f9LHodD0cOJ2FecmoNuAZG2GAwojFExKB3yTMvh7RU_7BBDpR_rdXpnBevA1rAWxP-rwF9clC_ohY7yvCDWKO_P6qLc9wgGuIpQPkBxSLaMmLyK1kDNe', 'payload': {'buttons': [[{'payload': 'MainMenu', 'text': 'Главное меню', 'intent': 'default', 'type': 'callback'}], [{'payload': 'GetNewToken', 'text': 'Новый токен', 'intent': 'default', 'type': 'callback'}]]}, 'type': 'inline_keyboard'}], 'markup': [{'from': 40, 'length': 11, 'type': 'strong'}]}, 'sender': {'user_id': 210669020, 'first_name': 'DASHA_TOKEN_BOT', 'username': 'id575104156000_bot', 'is_bot': True, 'last_activity_time': 1772705834901, 'name': 'DASHA_TOKEN_BOT'}}, 'timestamp': 1772705737157, 'user_locale': 'ru', 'update_type': 'message_callback'}
clb

2026-03-05 13:18:16
mid.000000000de64379019cbd8158f10959
snd

2026-03-05 13:18:19
mid.000000000de64379019cbd8164fa6a1b
snd

2026-03-05 13:18:21
mid.000000000de64379019cbd8158f10959
del

2026-03-05 13:18:21
{'message': {'recipient': {'chat_id': 233194361, 'chat_type': 'dialog', 'user_id': 210669020}, 'timestamp': 1772705740441, 'body': {'mid': 'mid.000000000de64379019cbd7ef6990ec6', 'seq': 116176043405545158, 'text': 'Еенн'}, 'sender': {'user_id': 23645861, 'first_name': 'Дмитрий', 'last_name': 'Марков', 'is_bot': False, 'last_activity_time': 1772705832000, 'name': 'Дмитрий Марков'}}, 'timestamp': 1772705740441, 'user_locale': 'ru', 'update_type': 'message_created'}
txt

2026-03-05 13:18:30
mid.000000000de64379019cbd81918e0959
snd

2026-03-05 13:18:32
mid.000000000de64379019cbd7ef6990ec6
del

2026-03-05 13:18:34
mid.000000000de64379019cbd819fab4614
snd

2026-03-05 13:18:35
mid.000000000de64379019cbd81918e0959
del

2026-03-05 13:18:37
{'callback': {'timestamp': 1772705815571, 'callback_id': 'f9LHodD0cOKHzcetWFZt2Jbam_M5_dtFEVCkKh_KrMlw216VCE8BWDpw49jTMKhezNH-3pJIJ7Ey8U6y9GcOkaeJaVoboQRkLg60-_JJID-H_NcTbiiL', 'user': {'user_id': 23645861, 'first_name': 'Дмитрий', 'last_name': 'Марков', 'is_bot': False, 'last_activity_time': 1772705912000, 'name': 'Дмитрий Марков'}, 'payload': 'Start'}, 'message': {'recipient': {'chat_id': 233194361, 'chat_type': 'dialog', 'user_id': 23645861}, 'timestamp': 1772705743152, 'body': {'mid': 'mid.000000000de64379019cbd7f01302d0d', 'seq': 116176043583221005, 'text': 'Бот-генератор токенов доступа v.1.2.', 'attachments': [{'callback_id': 'f9LHodD0cOK66Yv1m2BdMOFNnsMuaRfMmY0-v3Kb9Gyimog8XEudkPYEsjpzsE7zoUu4MsRF3ySH3atA6Xx_cGMHEGuOf_kDdMF_jXrDsi7REU_0uxe_', 'payload': {'buttons': [[{'payload': 'Start', 'text': 'Начать', 'intent': 'default', 'type': 'callback'}]]}, 'type': 'inline_keyboard'}]}, 'sender': {'user_id': 210669020, 'first_name': 'DASHA_TOKEN_BOT', 'username': 'id575104156000_bot', 'is_bot': True, 'last_activity_time': 1772705917309, 'name': 'DASHA_TOKEN_BOT'}}, 'timestamp': 1772705815571, 'user_locale': 'ru', 'update_type': 'message_callback'}
clb

2026-03-05 13:18:44
mid.000000000de64379019cbd819fab4614
del

2026-03-05 13:18:44
mid.000000000de64379019cbd81c6570959
snd

2026-03-05 13:18:45
mid.000000000de64379019cbd8164fa6a1b
del

2026-03-05 13:18:45
mid.000000000de64379019cbd8164fa6a1b
del

2026-03-05 13:18:45
mid.000000000de64379019cbd813f7309b6
del

2026-03-05 13:18:46
mid.000000000de64379019cbd81354b2f17
del

2026-03-05 13:18:47
mid.000000000de64379019cbd81d09b46a8
snd

2026-03-05 13:21:40
{'callback': {'timestamp': 1772706101437, 'callback_id': 'f9LHodD0cOLh93l1dHiRItSh4qzW2KFkrsIHD2NLdDSj0U1vSEg2Xtl-9N8Bi69NA4n_SUZbC6HBbuRgoAwjjWs4FPRX6Zn26Z2Ti1WNjImmJRWutuCo', 'user': {'user_id': 23645861, 'first_name': 'Дмитрий', 'last_name': 'Марков', 'is_bot': False, 'last_activity_time': 1772706089000, 'name': 'Дмитрий Марков'}, 'payload': 'Start'}, 'message': {'recipient': {'chat_id': 233194361, 'chat_type': 'dialog', 'user_id': 23645861}, 'timestamp': 1772705743152, 'body': {'mid': 'mid.000000000de64379019cbd7f01302d0d', 'seq': 116176043583221005, 'text': 'Бот-генератор токенов доступа v.1.2.', 'attachments': [{'callback_id': 'f9LHodD0cOK_liL9yOnlfMzP2QOAwaj2cn39o3hoNSG6bA2xN3a2VUsJbJfgXDBqQMejViQDCFEZCl-nxvkcnA44LK1hYmKoYJSDXZEF8N8rzB2OMrDM', 'payload': {'buttons': [[{'payload': 'Start', 'text': 'Начать', 'intent': 'default', 'type': 'callback'}]]}, 'type': 'inline_keyboard'}]}, 'sender': {'user_id': 210669020, 'first_name': 'DASHA_TOKEN_BOT', 'username': 'id575104156000_bot', 'is_bot': True, 'last_activity_time': 1772706101299, 'name': 'DASHA_TOKEN_BOT'}}, 'timestamp': 1772706101437, 'user_locale': 'ru', 'update_type': 'message_callback'}
clb

2026-03-05 13:21:48
mid.000000000de64379019cbd8495980959
snd

2026-03-05 13:21:49
mid.000000000de64379019cbd81d09b46a8
del

2026-03-05 13:21:50
mid.000000000de64379019cbd7f01302d0d
del

2026-03-05 13:21:50
mid.000000000de64379019cbd849e615b40
snd

2026-03-05 13:21:51
mid.000000000de64379019cbd8495980959
del

2026-03-05 13:22:06
{'callback': {'timestamp': 1772706126639, 'callback_id': 'f9LHodD0cOJz3qHSerjPJAL5grLz5ox8L-t7f22aVHA0peyonjSW8_cj1U4Dq78Bc3zhaq-FWbg4Xgx6CPiFBjRacc-tz07BXmfd6Zd8b2k9tPuC_2xY', 'user': {'user_id': 23645861, 'first_name': 'Дмитрий', 'last_name': 'Марков', 'is_bot': False, 'last_activity_time': 1772706121000, 'name': 'Дмитрий Марков'}, 'payload': 'KBRD.0'}, 'message': {'recipient': {'chat_id': 233194361, 'chat_type': 'dialog', 'user_id': 23645861}, 'timestamp': 1772706111073, 'body': {'mid': 'mid.000000000de64379019cbd849e615b40', 'seq': 116176067695303488, 'text': 'Введите ПИН-код доступа:  _ _ _ _', 'attachments': [{'callback_id': 'f9LHodD0cOL7tuQC9lXcqUy4I45FxTG8PxvWhZyG3q56RjOks6cxJ1uxPwznTdTRnLZazy4Kx5hy30FxsDeBCohpvXfF_oVzFZrKBgrIliW8GYWT3YVV', 'payload': {'buttons': [[{'payload': 'KBRD.7', 'text': '7', 'intent': 'default', 'type': 'callback'}, {'payload': 'KBRD.8', 'text': '8', 'intent': 'default', 'type': 'callback'}, {'payload': 'KBRD.9', 'text': '9', 'intent': 'default', 'type': 'callback'}], [{'payload': 'KBRD.4', 'text': '4', 'intent': 'default', 'type': 'callback'}, {'payload': 'KBRD.5', 'text': '5', 'intent': 'default', 'type': 'callback'}, {'payload': 'KBRD.6', 'text': '6', 'intent': 'default', 'type': 'callback'}], [{'payload': 'KBRD.3', 'text': '3', 'intent': 'default', 'type': 'callback'}, {'payload': 'KBRD.2', 'text': '2', 'intent': 'default', 'type': 'callback'}, {'payload': 'KBRD.1', 'text': '1', 'intent': 'default', 'type': 'callback'}], [{'payload': 'KBRD.0', 'text': '0', 'intent': 'default', 'type': 'callback'}, {'payload': 'KBRD.Cancel', 'text': 'Сброс', 'intent': 'default', 'type': 'callback'}], [{'payload': 'RecoveryAuthorization', 'text': 'Восстановление доступа', 'intent': 'default', 'type': 'callback'}]]}, 'type': 'inline_keyboard'}], 'markup': [{'from': 25, 'length': 8, 'type': 'strong'}]}, 'sender': {'user_id': 210669020, 'first_name': 'DASHA_TOKEN_BOT', 'username': 'id575104156000_bot', 'is_bot': True, 'last_activity_time': 1772706126506, 'name': 'DASHA_TOKEN_BOT'}}, 'timestamp': 1772706126639, 'user_locale': 'ru', 'update_type': 'message_callback'}
clb

2026-03-05 13:22:39
{'callback': {'timestamp': 1772706160138, 'callback_id': 'f9LHodD0cOJFiEgfxnIMfljh8s2oed9aaUdffm1uV3fxE0ACK7S-qF2YdnAxe-tYtleqC-R3rwrAxLpQmemCskHouDYdPFce7dHQUQgUIkpdrf2eCkuj', 'user': {'user_id': 23645861, 'first_name': 'Дмитрий', 'last_name': 'Марков', 'is_bot': False, 'last_activity_time': 1772706157000, 'name': 'Дмитрий Марков'}, 'payload': 'KBRD.0'}, 'message': {'recipient': {'chat_id': 233194361, 'chat_type': 'dialog', 'user_id': 23645861}, 'timestamp': 1772706111073, 'body': {'mid': 'mid.000000000de64379019cbd849e615b40', 'seq': 116176067695303488, 'text': 'Введите ПИН-код доступа:  _ _ _ _', 'attachments': [{'callback_id': 'f9LHodD0cOI3Q3TmQW7DXPV3j3drBeJeUi5kwjzAZxNbWQwn1E25SONh6NC3xp0HF3pWwrIsP7bv54fkL5fdXyaB0TdOXywXQjK5vQMfx66dvNd-05II', 'payload': {'buttons': [[{'payload': 'KBRD.7', 'text': '7', 'intent': 'default', 'type': 'callback'}, {'payload': 'KBRD.8', 'text': '8', 'intent': 'default', 'type': 'callback'}, {'payload': 'KBRD.9', 'text': '9', 'intent': 'default', 'type': 'callback'}], [{'payload': 'KBRD.4', 'text': '4', 'intent': 'default', 'type': 'callback'}, {'payload': 'KBRD.5', 'text': '5', 'intent': 'default', 'type': 'callback'}, {'payload': 'KBRD.6', 'text': '6', 'intent': 'default', 'type': 'callback'}], [{'payload': 'KBRD.3', 'text': '3', 'intent': 'default', 'type': 'callback'}, {'payload': 'KBRD.2', 'text': '2', 'intent': 'default', 'type': 'callback'}, {'payload': 'KBRD.1', 'text': '1', 'intent': 'default', 'type': 'callback'}], [{'payload': 'KBRD.0', 'text': '0', 'intent': 'default', 'type': 'callback'}, {'payload': 'KBRD.Cancel', 'text': 'Сброс', 'intent': 'default', 'type': 'callback'}], [{'payload': 'RecoveryAuthorization', 'text': 'Восстановление доступа', 'intent': 'default', 'type': 'callback'}]]}, 'type': 'inline_keyboard'}], 'markup': [{'from': 25, 'length': 8, 'type': 'strong'}]}, 'sender': {'user_id': 210669020, 'first_name': 'DASHA_TOKEN_BOT', 'username': 'id575104156000_bot', 'is_bot': True, 'last_activity_time': 1772706160014, 'name': 'DASHA_TOKEN_BOT'}}, 'timestamp': 1772706160138, 'user_locale': 'ru', 'update_type': 'message_callback'}
clb

2026-03-05 13:23:44
{'callback': {'timestamp': 1772706224875, 'callback_id': 'f9LHodD0cOKEQz1XN77NreDfME7gCAj66XkEPVa8WFZ4q6MA4POJEiUx-1TY9fSxgcodTICRpmSQ6IcGwqqLnbCQ9y4dpLql3-5z_Rt0bDL1o1gn1iYe', 'user': {'user_id': 23645861, 'first_name': 'Дмитрий', 'last_name': 'Марков', 'is_bot': False, 'last_activity_time': 1772706222000, 'name': 'Дмитрий Марков'}, 'payload': 'KBRD.0'}, 'message': {'recipient': {'chat_id': 233194361, 'chat_type': 'dialog', 'user_id': 23645861}, 'timestamp': 1772706111073, 'body': {'mid': 'mid.000000000de64379019cbd849e615b40', 'seq': 116176067695303488, 'text': 'Введите ПИН-код доступа:  _ _ _ _', 'attachments': [{'callback_id': 'f9LHodD0cOIzwtLzjJY89J4xz5UlpaaY8ij3PaiyxuUD8renKvynVQxnOePrPD6jgMDQgJK2GopHJDwXgHHcTcz4XZS-tD01qVyRecy58xBmL-vro3W4', 'payload': {'buttons': [[{'payload': 'KBRD.7', 'text': '7', 'intent': 'default', 'type': 'callback'}, {'payload': 'KBRD.8', 'text': '8', 'intent': 'default', 'type': 'callback'}, {'payload': 'KBRD.9', 'text': '9', 'intent': 'default', 'type': 'callback'}], [{'payload': 'KBRD.4', 'text': '4', 'intent': 'default', 'type': 'callback'}, {'payload': 'KBRD.5', 'text': '5', 'intent': 'default', 'type': 'callback'}, {'payload': 'KBRD.6', 'text': '6', 'intent': 'default', 'type': 'callback'}], [{'payload': 'KBRD.3', 'text': '3', 'intent': 'default', 'type': 'callback'}, {'payload': 'KBRD.2', 'text': '2', 'intent': 'default', 'type': 'callback'}, {'payload': 'KBRD.1', 'text': '1', 'intent': 'default', 'type': 'callback'}], [{'payload': 'KBRD.0', 'text': '0', 'intent': 'default', 'type': 'callback'}, {'payload': 'KBRD.Cancel', 'text': 'Сброс', 'intent': 'default', 'type': 'callback'}], [{'payload': 'RecoveryAuthorization', 'text': 'Восстановление доступа', 'intent': 'default', 'type': 'callback'}]]}, 'type': 'inline_keyboard'}], 'markup': [{'from': 25, 'length': 8, 'type': 'strong'}]}, 'sender': {'user_id': 210669020, 'first_name': 'DASHA_TOKEN_BOT', 'username': 'id575104156000_bot', 'is_bot': True, 'last_activity_time': 1772706225224, 'name': 'DASHA_TOKEN_BOT'}}, 'timestamp': 1772706224875, 'user_locale': 'ru', 'update_type': 'message_callback'}
clb

2026-03-05 13:23:45
mid.000000000de64379019cbd849e615b40
del

2026-03-05 13:23:46
mid.000000000de64379019cbd86627c268c
snd

2026-03-05 13:23:49
{'callback': {'timestamp': 1772706230148, 'callback_id': 'f9LHodD0cOIG59LdSnHM54J_C8cj8Q2jWle2JloKgfI2xbGTS6ASreNF2Agk29y9ZAAHziKhIhuakAgEq3yK3PwxaJiMJZhFc4AxK3eZ9Tx_-eJ9Oh6x', 'user': {'user_id': 23645861, 'first_name': 'Дмитрий', 'last_name': 'Марков', 'is_bot': False, 'last_activity_time': 1772706226000, 'name': 'Дмитрий Марков'}, 'payload': 'Authorization'}, 'message': {'recipient': {'chat_id': 233194361, 'chat_type': 'dialog', 'user_id': 23645861}, 'timestamp': 1772706226812, 'body': {'mid': 'mid.000000000de64379019cbd86627c268c', 'seq': 116176075280361100, 'text': 'Текст для RequiredAuthorization не найден', 'attachments': [{'callback_id': 'f9LHodD0cOIlh1itGxNl6-BneHMliHiEmXClRMn97SNtnW3jS13l_7SxvZD2Pe6_6kkGa3H88D4UUs0cVyDN-94oqE1l2X-jfI0T9j-Rpgy3RQAr_3il', 'payload': {'buttons': [[{'payload': 'Authorization', 'text': 'Авторизоваться', 'intent': 'default', 'type': 'callback'}]]}, 'type': 'inline_keyboard'}], 'markup': [{'from': 10, 'length': 21, 'type': 'strong'}]}, 'sender': {'user_id': 210669020, 'first_name': 'DASHA_TOKEN_BOT', 'username': 'id575104156000_bot', 'is_bot': True, 'last_activity_time': 1772706229999, 'name': 'DASHA_TOKEN_BOT'}}, 'timestamp': 1772706230148, 'user_locale': 'ru', 'update_type': 'message_callback'}
clb

2026-03-05 13:23:50
mid.000000000de64379019cbd86724b0959
snd

2026-03-05 13:23:51
mid.000000000de64379019cbd86627c268c
del

2026-03-05 13:23:51
mid.000000000de64379019cbd867736738c
snd

2026-03-05 13:23:52
mid.000000000de64379019cbd86724b0959
del

2026-03-05 13:23:53
{'callback': {'timestamp': 1772706234327, 'callback_id': 'f9LHodD0cOLcHFKZ6b60fjfXnirv0LcbJBvTVkhxWXB24nhXR1Q0O3mr0dNf83SFtVfsu3JSlrh0tK85LaCGJ79L_V_kFh4uDWXj2eyQ70s7JO_-J5XV', 'user': {'user_id': 23645861, 'first_name': 'Дмитрий', 'last_name': 'Марков', 'is_bot': False, 'last_activity_time': 1772706226000, 'name': 'Дмитрий Марков'}, 'payload': 'KBRD.0'}, 'message': {'recipient': {'chat_id': 233194361, 'chat_type': 'dialog', 'user_id': 23645861}, 'timestamp': 1772706232118, 'body': {'mid': 'mid.000000000de64379019cbd867736738c', 'seq': 116176075628114828, 'text': 'Введите ПИН-код доступа:  _ _ _ _', 'attachments': [{'callback_id': 'f9LHodD0cOJQnU9LR5IE74MiSvk0irlZXz9wnBz0ARj6ocf-EwQLJ5D6Y7asCaP4QWCPe7QW6sV09EjYLjjpxc1IyPzqKpFK8_yF2JV18Ez0uZ5gruWh', 'payload': {'buttons': [[{'payload': 'KBRD.7', 'text': '7', 'intent': 'default', 'type': 'callback'}, {'payload': 'KBRD.8', 'text': '8', 'intent': 'default', 'type': 'callback'}, {'payload': 'KBRD.9', 'text': '9', 'intent': 'default', 'type': 'callback'}], [{'payload': 'KBRD.4', 'text': '4', 'intent': 'default', 'type': 'callback'}, {'payload': 'KBRD.5', 'text': '5', 'intent': 'default', 'type': 'callback'}, {'payload': 'KBRD.6', 'text': '6', 'intent': 'default', 'type': 'callback'}], [{'payload': 'KBRD.3', 'text': '3', 'intent': 'default', 'type': 'callback'}, {'payload': 'KBRD.2', 'text': '2', 'intent': 'default', 'type': 'callback'}, {'payload': 'KBRD.1', 'text': '1', 'intent': 'default', 'type': 'callback'}], [{'payload': 'KBRD.0', 'text': '0', 'intent': 'default', 'type': 'callback'}, {'payload': 'KBRD.Cancel', 'text': 'Сброс', 'intent': 'default', 'type': 'callback'}], [{'payload': 'RecoveryAuthorization', 'text': 'Восстановление доступа', 'intent': 'default', 'type': 'callback'}]]}, 'type': 'inline_keyboard'}], 'markup': [{'from': 25, 'length': 8, 'type': 'strong'}]}, 'sender': {'user_id': 210669020, 'first_name': 'DASHA_TOKEN_BOT', 'username': 'id575104156000_bot', 'is_bot': True, 'last_activity_time': 1772706234185, 'name': 'DASHA_TOKEN_BOT'}}, 'timestamp': 1772706234327, 'user_locale': 'ru', 'update_type': 'message_callback'}
clb

2026-03-05 13:24:47
{'callback': {'timestamp': 1772706268129, 'callback_id': 'f9LHodD0cOIu-POTjhu3ZOmLIHu1DM-4kX2ITW5YaWiIHFlylviWPShOOjPew_C7wK27hvlFq-my9UWHCJ56omxUfH7uEWtknMz8fBXjB4-QO0h444mG', 'user': {'user_id': 23645861, 'first_name': 'Дмитрий', 'last_name': 'Марков', 'is_bot': False, 'last_activity_time': 1772706266000, 'name': 'Дмитрий Марков'}, 'payload': 'KBRD.0'}, 'message': {'recipient': {'chat_id': 233194361, 'chat_type': 'dialog', 'user_id': 23645861}, 'timestamp': 1772706232118, 'body': {'mid': 'mid.000000000de64379019cbd867736738c', 'seq': 116176075628114828, 'text': 'Введите ПИН-код доступа:  _ _ _ _', 'attachments': [{'callback_id': 'f9LHodD0cOKNkUD8KQGdxZmDGDiu7RZqAXmsgyrrtEoT_-8OMPmRXI0uVlNRiTHXTGEvNbvKTRuHBRvtHEp-sWr4ym5t42u8a3GVAK44ZL7FzsHCiKBY', 'payload': {'buttons': [[{'payload': 'KBRD.7', 'text': '7', 'intent': 'default', 'type': 'callback'}, {'payload': 'KBRD.8', 'text': '8', 'intent': 'default', 'type': 'callback'}, {'payload': 'KBRD.9', 'text': '9', 'intent': 'default', 'type': 'callback'}], [{'payload': 'KBRD.4', 'text': '4', 'intent': 'default', 'type': 'callback'}, {'payload': 'KBRD.5', 'text': '5', 'intent': 'default', 'type': 'callback'}, {'payload': 'KBRD.6', 'text': '6', 'intent': 'default', 'type': 'callback'}], [{'payload': 'KBRD.3', 'text': '3', 'intent': 'default', 'type': 'callback'}, {'payload': 'KBRD.2', 'text': '2', 'intent': 'default', 'type': 'callback'}, {'payload': 'KBRD.1', 'text': '1', 'intent': 'default', 'type': 'callback'}], [{'payload': 'KBRD.0', 'text': '0', 'intent': 'default', 'type': 'callback'}, {'payload': 'KBRD.Cancel', 'text': 'Сброс', 'intent': 'default', 'type': 'callback'}], [{'payload': 'RecoveryAuthorization', 'text': 'Восстановление доступа', 'intent': 'default', 'type': 'callback'}]]}, 'type': 'inline_keyboard'}], 'markup': [{'from': 25, 'length': 8, 'type': 'strong'}]}, 'sender': {'user_id': 210669020, 'first_name': 'DASHA_TOKEN_BOT', 'username': 'id575104156000_bot', 'is_bot': True, 'last_activity_time': 1772706287435, 'name': 'DASHA_TOKEN_BOT'}}, 'timestamp': 1772706268129, 'user_locale': 'ru', 'update_type': 'message_callback'}
clb

2026-03-05 13:24:48
mid.000000000de64379019cbd867736738c
del

2026-03-05 13:24:48
mid.000000000de64379019cbd87553f6467
snd

2026-03-05 13:24:48
{'callback': {'timestamp': 1772706286168, 'callback_id': 'f9LHodD0cOLoN1P6YfQTpTRdQ6rbK17_y0ZXiUJkXq-Sp7CNpUvo3X6FXxqPd3ND5jSPO5VIoZvquIQ2nXVsybPlUVezkmnyQXgxTEnWh6v-jdxciDAY', 'user': {'user_id': 23645861, 'first_name': 'Дмитрий', 'last_name': 'Марков', 'is_bot': False, 'last_activity_time': 1772706266000, 'name': 'Дмитрий Марков'}, 'payload': 'KBRD.0'}, 'message': {'recipient': {'chat_id': 233194361, 'chat_type': 'dialog', 'user_id': 23645861}, 'timestamp': 1772706232118, 'body': {'mid': 'mid.000000000de64379019cbd867736738c', 'seq': 116176075628114828, 'text': 'Введите ПИН-код доступа:  _ _ _ _', 'attachments': [{'callback_id': 'f9LHodD0cOLRKiVNICnQLHpVL8wS9v65IU2wAwbbTltuOgUz2NUhoq-qBSMl9siYijyGJJpJhtqfowNEck0JeIGjqdyQLJJ-nw5PUzZ1dWKSFM66cNqD', 'payload': {'buttons': [[{'payload': 'KBRD.7', 'text': '7', 'intent': 'default', 'type': 'callback'}, {'payload': 'KBRD.8', 'text': '8', 'intent': 'default', 'type': 'callback'}, {'payload': 'KBRD.9', 'text': '9', 'intent': 'default', 'type': 'callback'}], [{'payload': 'KBRD.4', 'text': '4', 'intent': 'default', 'type': 'callback'}, {'payload': 'KBRD.5', 'text': '5', 'intent': 'default', 'type': 'callback'}, {'payload': 'KBRD.6', 'text': '6', 'intent': 'default', 'type': 'callback'}], [{'payload': 'KBRD.3', 'text': '3', 'intent': 'default', 'type': 'callback'}, {'payload': 'KBRD.2', 'text': '2', 'intent': 'default', 'type': 'callback'}, {'payload': 'KBRD.1', 'text': '1', 'intent': 'default', 'type': 'callback'}], [{'payload': 'KBRD.0', 'text': '0', 'intent': 'default', 'type': 'callback'}, {'payload': 'KBRD.Cancel', 'text': 'Сброс', 'intent': 'default', 'type': 'callback'}], [{'payload': 'RecoveryAuthorization', 'text': 'Восстановление доступа', 'intent': 'default', 'type': 'callback'}]]}, 'type': 'inline_keyboard'}], 'markup': [{'from': 25, 'length': 8, 'type': 'strong'}]}, 'sender': {'user_id': 210669020, 'first_name': 'DASHA_TOKEN_BOT', 'username': 'id575104156000_bot', 'is_bot': True, 'last_activity_time': 1772706287437, 'name': 'DASHA_TOKEN_BOT'}}, 'timestamp': 1772706286168, 'user_locale': 'ru', 'update_type': 'message_callback'}
clb

2026-03-05 13:26:09
{'callback': {'timestamp': 1772706291022, 'callback_id': 'f9LHodD0cOKABOI2pdd2j-Ml_jmNaRDSxsChdsmz3cSQ6dha83z4U5J6pcOApGdSWgXBXAZ5YLPiAb2SJHorHsW2dywx5MBadKW9mMVEIkNzQJjo8K73', 'user': {'user_id': 23645861, 'first_name': 'Дмитрий', 'last_name': 'Марков', 'is_bot': False, 'last_activity_time': 1772706368000, 'name': 'Дмитрий Марков'}, 'payload': 'Authorization'}, 'message': {'recipient': {'chat_id': 233194361, 'chat_type': 'dialog', 'user_id': 23645861}, 'timestamp': 1772706288959, 'body': {'mid': 'mid.000000000de64379019cbd87553f6467', 'seq': 116176079353242727, 'text': 'Текст для RequiredAuthorization не найден', 'attachments': [{'callback_id': 'f9LHodD0cOI5gTl7gwC_G4tV_VvjGv6_vI6HvpKxvV9ox-MaySK97VLzPDa52ltc-SoBRWh3XXQ8UwpiWeWuMs9LPRzzoAS2gX5afhc-1HAILdQEhvuk', 'payload': {'buttons': [[{'payload': 'Authorization', 'text': 'Авторизоваться', 'intent': 'default', 'type': 'callback'}]]}, 'type': 'inline_keyboard'}], 'markup': [{'from': 10, 'length': 21, 'type': 'strong'}]}, 'sender': {'user_id': 210669020, 'first_name': 'DASHA_TOKEN_BOT', 'username': 'id575104156000_bot', 'is_bot': True, 'last_activity_time': 1772706370032, 'name': 'DASHA_TOKEN_BOT'}}, 'timestamp': 1772706291022, 'user_locale': 'ru', 'update_type': 'message_callback'}
clb

2026-03-05 13:26:10
mid.000000000de64379019cbd8896730959
snd

2026-03-05 13:26:11
mid.000000000de64379019cbd87553f6467
del

2026-03-05 13:26:12
mid.000000000de64379019cbd889c673b50
snd

2026-03-05 13:26:13
mid.000000000de64379019cbd8896730959
del

2026-03-05 13:26:15
{'callback': {'timestamp': 1772706376027, 'callback_id': 'f9LHodD0cOKz5mzL6vsIOEcjNC1oqqkjGBzQOR_X0aoRciHDgrNH6z_aoiEVu_Y19no9NCq-Rem6W9k1KlsoO1jyRFDPc4arOYdkhZ0EQZ6W9Sub4SN4', 'user': {'user_id': 23645861, 'first_name': 'Дмитрий', 'last_name': 'Марков', 'is_bot': False, 'last_activity_time': 1772706368000, 'name': 'Дмитрий Марков'}, 'payload': 'KBRD.0'}, 'message': {'recipient': {'chat_id': 233194361, 'chat_type': 'dialog', 'user_id': 23645861}, 'timestamp': 1772706372711, 'body': {'mid': 'mid.000000000de64379019cbd889c673b50', 'seq': 116176084842003280, 'text': 'Введите ПИН-код доступа:  _ _ _ _', 'attachments': [{'callback_id': 'f9LHodD0cOKgjY6FFJyHPFvYpUxsV5ewDyTReKcsl7edZYIIByY9lSpIJ2LXoANANRiREy1L4Qjp97JlZGuOc5jwdTKU91DXWOYyyUzArYr8U-P7F9ys', 'payload': {'buttons': [[{'payload': 'KBRD.7', 'text': '7', 'intent': 'default', 'type': 'callback'}, {'payload': 'KBRD.8', 'text': '8', 'intent': 'default', 'type': 'callback'}, {'payload': 'KBRD.9', 'text': '9', 'intent': 'default', 'type': 'callback'}], [{'payload': 'KBRD.4', 'text': '4', 'intent': 'default', 'type': 'callback'}, {'payload': 'KBRD.5', 'text': '5', 'intent': 'default', 'type': 'callback'}, {'payload': 'KBRD.6', 'text': '6', 'intent': 'default', 'type': 'callback'}], [{'payload': 'KBRD.3', 'text': '3', 'intent': 'default', 'type': 'callback'}, {'payload': 'KBRD.2', 'text': '2', 'intent': 'default', 'type': 'callback'}, {'payload': 'KBRD.1', 'text': '1', 'intent': 'default', 'type': 'callback'}], [{'payload': 'KBRD.0', 'text': '0', 'intent': 'default', 'type': 'callback'}, {'payload': 'KBRD.Cancel', 'text': 'Сброс', 'intent': 'default', 'type': 'callback'}], [{'payload': 'RecoveryAuthorization', 'text': 'Восстановление доступа', 'intent': 'default', 'type': 'callback'}]]}, 'type': 'inline_keyboard'}], 'markup': [{'from': 25, 'length': 8, 'type': 'strong'}]}, 'sender': {'user_id': 210669020, 'first_name': 'DASHA_TOKEN_BOT', 'username': 'id575104156000_bot', 'is_bot': True, 'last_activity_time': 1772706375904, 'name': 'DASHA_TOKEN_BOT'}}, 'timestamp': 1772706376027, 'user_locale': 'ru', 'update_type': 'message_callback'}
clb

2026-03-05 13:26:26
{'callback': {'timestamp': 1772706386540, 'callback_id': 'f9LHodD0cOJuivLqtngUqWFqyTOi-idPL0Yrw2aT9VEzsyNcCHG6WlluA5ogtCD_EinsuYPPy0RE-yQS_f8EQGACA0yPOGcnhJ4Yp8sdUWTzeF_FsdD4', 'user': {'user_id': 23645861, 'first_name': 'Дмитрий', 'last_name': 'Марков', 'is_bot': False, 'last_activity_time': 1772706383000, 'name': 'Дмитрий Марков'}, 'payload': 'KBRD.0'}, 'message': {'recipient': {'chat_id': 233194361, 'chat_type': 'dialog', 'user_id': 23645861}, 'timestamp': 1772706372711, 'body': {'mid': 'mid.000000000de64379019cbd889c673b50', 'seq': 116176084842003280, 'text': 'Введите ПИН-код доступа:  _ _ _ _', 'attachments': [{'callback_id': 'f9LHodD0cOJeKTEXKKPfnuHjlkJCcYD-HaI6t1K5ItMQCkIZXIt4IAu-XxNoSGhljzXOllokDf9--IOaQlHsEMAY2obgv4kpULrI92ncdDxlh5xShXWK', 'payload': {'buttons': [[{'payload': 'KBRD.7', 'text': '7', 'intent': 'default', 'type': 'callback'}, {'payload': 'KBRD.8', 'text': '8', 'intent': 'default', 'type': 'callback'}, {'payload': 'KBRD.9', 'text': '9', 'intent': 'default', 'type': 'callback'}], [{'payload': 'KBRD.4', 'text': '4', 'intent': 'default', 'type': 'callback'}, {'payload': 'KBRD.5', 'text': '5', 'intent': 'default', 'type': 'callback'}, {'payload': 'KBRD.6', 'text': '6', 'intent': 'default', 'type': 'callback'}], [{'payload': 'KBRD.3', 'text': '3', 'intent': 'default', 'type': 'callback'}, {'payload': 'KBRD.2', 'text': '2', 'intent': 'default', 'type': 'callback'}, {'payload': 'KBRD.1', 'text': '1', 'intent': 'default', 'type': 'callback'}], [{'payload': 'KBRD.0', 'text': '0', 'intent': 'default', 'type': 'callback'}, {'payload': 'KBRD.Cancel', 'text': 'Сброс', 'intent': 'default', 'type': 'callback'}], [{'payload': 'RecoveryAuthorization', 'text': 'Восстановление доступа', 'intent': 'default', 'type': 'callback'}]]}, 'type': 'inline_keyboard'}], 'markup': [{'from': 25, 'length': 8, 'type': 'strong'}]}, 'sender': {'user_id': 210669020, 'first_name': 'DASHA_TOKEN_BOT', 'username': 'id575104156000_bot', 'is_bot': True, 'last_activity_time': 1772706386410, 'name': 'DASHA_TOKEN_BOT'}}, 'timestamp': 1772706386540, 'user_locale': 'ru', 'update_type': 'message_callback'}
clb

2026-03-05 13:27:24
{'callback': {'timestamp': 1772706445105, 'callback_id': 'f9LHodD0cOKWYgRbOkCtZ8fzKQvyAuKwMJottYKMgQxV8RPskUsP93bCkTnV3IazfYQOPS7z7uhLUvOBE6_vofK821OKwlg0FVJk4fQhCoLSOrChOFTF', 'user': {'user_id': 23645861, 'first_name': 'Дмитрий', 'last_name': 'Марков', 'is_bot': False, 'last_activity_time': 1772706443000, 'name': 'Дмитрий Марков'}, 'payload': 'KBRD.Cancel'}, 'message': {'recipient': {'chat_id': 233194361, 'chat_type': 'dialog', 'user_id': 23645861}, 'timestamp': 1772706372711, 'body': {'mid': 'mid.000000000de64379019cbd889c673b50', 'seq': 116176084842003280, 'text': 'Введите ПИН-код доступа:  _ _ _ _', 'attachments': [{'callback_id': 'f9LHodD0cOJ7RA0Yq6H9xbV0qMkUhCpV1yd-ltjQxyTN00BDhSK3iuUddBstKLvb2dNP0lvWQsDia51EqRDPYI6eV4-Sjt92gPHTGgCGUKnB970OMNDQ', 'payload': {'buttons': [[{'payload': 'KBRD.7', 'text': '7', 'intent': 'default', 'type': 'callback'}, {'payload': 'KBRD.8', 'text': '8', 'intent': 'default', 'type': 'callback'}, {'payload': 'KBRD.9', 'text': '9', 'intent': 'default', 'type': 'callback'}], [{'payload': 'KBRD.4', 'text': '4', 'intent': 'default', 'type': 'callback'}, {'payload': 'KBRD.5', 'text': '5', 'intent': 'default', 'type': 'callback'}, {'payload': 'KBRD.6', 'text': '6', 'intent': 'default', 'type': 'callback'}], [{'payload': 'KBRD.3', 'text': '3', 'intent': 'default', 'type': 'callback'}, {'payload': 'KBRD.2', 'text': '2', 'intent': 'default', 'type': 'callback'}, {'payload': 'KBRD.1', 'text': '1', 'intent': 'default', 'type': 'callback'}], [{'payload': 'KBRD.0', 'text': '0', 'intent': 'default', 'type': 'callback'}, {'payload': 'KBRD.Cancel', 'text': 'Сброс', 'intent': 'default', 'type': 'callback'}], [{'payload': 'RecoveryAuthorization', 'text': 'Восстановление доступа', 'intent': 'default', 'type': 'callback'}]]}, 'type': 'inline_keyboard'}], 'markup': [{'from': 25, 'length': 8, 'type': 'strong'}]}, 'sender': {'user_id': 210669020, 'first_name': 'DASHA_TOKEN_BOT', 'username': 'id575104156000_bot', 'is_bot': True, 'last_activity_time': 1772706444974, 'name': 'DASHA_TOKEN_BOT'}}, 'timestamp': 1772706445105, 'user_locale': 'ru', 'update_type': 'message_callback'}
clb

2026-03-05 13:27:25
mid.000000000de64379019cbd889c673b50
del

2026-03-05 13:27:26
mid.000000000de64379019cbd89bc7f7c02
snd

2026-03-05 13:28:54
{'callback': {'timestamp': 1772706534950, 'callback_id': 'f9LHodD0cOIml9xKnVHSfYFz8Ki03rqMyQC2m544AJGCQNDlBqiS5yisf3Z6Z8aCHZMbs2mdLnyiL7hrtBCAJXlheX46FFJxNip3KaPQ8dbSjVqOuWlx', 'user': {'user_id': 23645861, 'first_name': 'Дмитрий', 'last_name': 'Марков', 'is_bot': False, 'last_activity_time': 1772706531000, 'name': 'Дмитрий Марков'}, 'payload': 'Authorization'}, 'message': {'recipient': {'chat_id': 233194361, 'chat_type': 'dialog', 'user_id': 23645861}, 'timestamp': 1772706446463, 'body': {'mid': 'mid.000000000de64379019cbd89bc7f7c02', 'seq': 116176089675430914, 'text': 'Текст для RequiredAuthorization не найден', 'attachments': [{'callback_id': 'f9LHodD0cOJcH6y3NJqW8Qwpps2y786WVpr0Cn-3Vsqw5HeOU2MeT3V2mod-5CvmIKUIyZsR7xkowE22OwKl2ebRxXzE_o4nVzcd4wLNab5VXf19uI2a', 'payload': {'buttons': [[{'payload': 'Authorization', 'text': 'Авторизоваться', 'intent': 'default', 'type': 'callback'}]]}, 'type': 'inline_keyboard'}], 'markup': [{'from': 10, 'length': 21, 'type': 'strong'}]}, 'sender': {'user_id': 210669020, 'first_name': 'DASHA_TOKEN_BOT', 'username': 'id575104156000_bot', 'is_bot': True, 'last_activity_time': 1772706534836, 'name': 'DASHA_TOKEN_BOT'}}, 'timestamp': 1772706534950, 'user_locale': 'ru', 'update_type': 'message_callback'}
clb

2026-03-05 13:28:55
mid.000000000de64379019cbd8b18ae0959
snd

2026-03-05 13:28:55
mid.000000000de64379019cbd89bc7f7c02
del

2026-03-05 13:28:56
mid.000000000de64379019cbd8b1c4b25e6
snd

2026-03-05 13:28:56
mid.000000000de64379019cbd8b18ae0959
del

2026-03-05 13:28:58
{'callback': {'timestamp': 1772706539210, 'callback_id': 'f9LHodD0cOIDJ-LwqKlkrFwT-h-HaMLrxyc1mnA1KRmtZueFgjLehiQvDkn92d2iJyucZoj7gn9OkGBrcq0er5nJLeyojpAHriitB0mSASTqxBcJrUo7', 'user': {'user_id': 23645861, 'first_name': 'Дмитрий', 'last_name': 'Марков', 'is_bot': False, 'last_activity_time': 1772706535000, 'name': 'Дмитрий Марков'}, 'payload': 'KBRD.0'}, 'message': {'recipient': {'chat_id': 233194361, 'chat_type': 'dialog', 'user_id': 23645861}, 'timestamp': 1772706536523, 'body': {'mid': 'mid.000000000de64379019cbd8b1c4b25e6', 'seq': 116176095577581030, 'text': 'Введите ПИН-код доступа:  _ _ _ _', 'attachments': [{'callback_id': 'f9LHodD0cOLRg9dZJ3NnIuEDOB3H0MYbKvNsLX2itIrCl821sU_CFfl234kKwImTm5HKlRMYyVQdMk8bKplWpVkEEaTAFkPgtZgNgMKP-bSGvMcoJyM9', 'payload': {'buttons': [[{'payload': 'KBRD.7', 'text': '7', 'intent': 'default', 'type': 'callback'}, {'payload': 'KBRD.8', 'text': '8', 'intent': 'default', 'type': 'callback'}, {'payload': 'KBRD.9', 'text': '9', 'intent': 'default', 'type': 'callback'}], [{'payload': 'KBRD.4', 'text': '4', 'intent': 'default', 'type': 'callback'}, {'payload': 'KBRD.5', 'text': '5', 'intent': 'default', 'type': 'callback'}, {'payload': 'KBRD.6', 'text': '6', 'intent': 'default', 'type': 'callback'}], [{'payload': 'KBRD.3', 'text': '3', 'intent': 'default', 'type': 'callback'}, {'payload': 'KBRD.2', 'text': '2', 'intent': 'default', 'type': 'callback'}, {'payload': 'KBRD.1', 'text': '1', 'intent': 'default', 'type': 'callback'}], [{'payload': 'KBRD.0', 'text': '0', 'intent': 'default', 'type': 'callback'}, {'payload': 'KBRD.Cancel', 'text': 'Сброс', 'intent': 'default', 'type': 'callback'}], [{'payload': 'RecoveryAuthorization', 'text': 'Восстановление доступа', 'intent': 'default', 'type': 'callback'}]]}, 'type': 'inline_keyboard'}], 'markup': [{'from': 25, 'length': 8, 'type': 'strong'}]}, 'sender': {'user_id': 210669020, 'first_name': 'DASHA_TOKEN_BOT', 'username': 'id575104156000_bot', 'is_bot': True, 'last_activity_time': 1772706539094, 'name': 'DASHA_TOKEN_BOT'}}, 'timestamp': 1772706539210, 'user_locale': 'ru', 'update_type': 'message_callback'}
clb

2026-03-05 13:30:44
{'callback': {'timestamp': 1772706644597, 'callback_id': 'f9LHodD0cOIodWuUKystymTKofU0SdLF80fxCN6fZQ4wDG-1ohwOa3oRO6BkN_yt06v5QBmjYJnQYA7RfEF7zOh4ANxQQLpx_fJ_bqOrTjcGioziGrci', 'user': {'user_id': 23645861, 'first_name': 'Дмитрий', 'last_name': 'Марков', 'is_bot': False, 'last_activity_time': 1772706633000, 'name': 'Дмитрий Марков'}, 'payload': 'KBRD.0'}, 'message': {'recipient': {'chat_id': 233194361, 'chat_type': 'dialog', 'user_id': 23645861}, 'timestamp': 1772706536523, 'body': {'mid': 'mid.000000000de64379019cbd8b1c4b25e6', 'seq': 116176095577581030, 'text': 'Введите ПИН-код доступа:  _ _ _ _', 'attachments': [{'callback_id': 'f9LHodD0cOJxqMWF4f_zP92PvlZkskcePZBGngTpCfEVlHa6KyvqzDrcB5MUc2vaDyPfUlKESUB5325Yq6CHTSKgsk3mKte-VcC9-R7JT-4S0-KnYLZp', 'payload': {'buttons': [[{'payload': 'KBRD.7', 'text': '7', 'intent': 'default', 'type': 'callback'}, {'payload': 'KBRD.8', 'text': '8', 'intent': 'default', 'type': 'callback'}, {'payload': 'KBRD.9', 'text': '9', 'intent': 'default', 'type': 'callback'}], [{'payload': 'KBRD.4', 'text': '4', 'intent': 'default', 'type': 'callback'}, {'payload': 'KBRD.5', 'text': '5', 'intent': 'default', 'type': 'callback'}, {'payload': 'KBRD.6', 'text': '6', 'intent': 'default', 'type': 'callback'}], [{'payload': 'KBRD.3', 'text': '3', 'intent': 'default', 'type': 'callback'}, {'payload': 'KBRD.2', 'text': '2', 'intent': 'default', 'type': 'callback'}, {'payload': 'KBRD.1', 'text': '1', 'intent': 'default', 'type': 'callback'}], [{'payload': 'KBRD.0', 'text': '0', 'intent': 'default', 'type': 'callback'}, {'payload': 'KBRD.Cancel', 'text': 'Сброс', 'intent': 'default', 'type': 'callback'}], [{'payload': 'RecoveryAuthorization', 'text': 'Восстановление доступа', 'intent': 'default', 'type': 'callback'}]]}, 'type': 'inline_keyboard'}], 'markup': [{'from': 25, 'length': 8, 'type': 'strong'}]}, 'sender': {'user_id': 210669020, 'first_name': 'DASHA_TOKEN_BOT', 'username': 'id575104156000_bot', 'is_bot': True, 'last_activity_time': 1772706644856, 'name': 'DASHA_TOKEN_BOT'}}, 'timestamp': 1772706644597, 'user_locale': 'ru', 'update_type': 'message_callback'}
clb

2026-03-05 13:30:45
mid.000000000de64379019cbd8b1c4b25e6
del

2026-03-05 13:30:46
mid.000000000de64379019cbd8cc94d1224
snd

2026-03-05 13:30:54
{'callback': {'timestamp': 1772706654871, 'callback_id': 'f9LHodD0cOJA0Cmh959o9iuXunH-HJz1kTBPnEkMh_nhc-zxH1uRA0GrEoPcxdyByvjAFapDGvc9trABl5Tz0aiYjG9RZhenL3ORUnOaVuNP-RWSjZw_', 'user': {'user_id': 23645861, 'first_name': 'Дмитрий', 'last_name': 'Марков', 'is_bot': False, 'last_activity_time': 1772706633000, 'name': 'Дмитрий Марков'}, 'payload': 'Authorization'}, 'message': {'recipient': {'chat_id': 233194361, 'chat_type': 'dialog', 'user_id': 23645861}, 'timestamp': 1772706646349, 'body': {'mid': 'mid.000000000de64379019cbd8cc94d1224', 'seq': 116176102775132708, 'text': 'Текст для RequiredAuthorization не найден', 'attachments': [{'callback_id': 'f9LHodD0cOKKQy0GL5YXrkrW2E5k3cc9h-FdnC6gxSmPXXjyt9kptQx-ugY2nifN6624GRrvK3jPOLTskz1gEhVxUG3hPTaVadkUSboRsgX7FSAvkF_u', 'payload': {'buttons': [[{'payload': 'Authorization', 'text': 'Авторизоваться', 'intent': 'default', 'type': 'callback'}]]}, 'type': 'inline_keyboard'}], 'markup': [{'from': 10, 'length': 21, 'type': 'strong'}]}, 'sender': {'user_id': 210669020, 'first_name': 'DASHA_TOKEN_BOT', 'username': 'id575104156000_bot', 'is_bot': True, 'last_activity_time': 1772706654743, 'name': 'DASHA_TOKEN_BOT'}}, 'timestamp': 1772706654871, 'user_locale': 'ru', 'update_type': 'message_callback'}
clb

2026-03-05 13:30:55
mid.000000000de64379019cbd8ced550959
snd

2026-03-05 13:30:55
mid.000000000de64379019cbd8cc94d1224
del

2026-03-05 13:30:56
mid.000000000de64379019cbd8cf1546690
snd

2026-03-05 13:30:56
mid.000000000de64379019cbd8ced550959
del

2026-03-05 13:30:58
{'callback': {'timestamp': 1772706659425, 'callback_id': 'f9LHodD0cOKP_77qTF-gqGStRxWaQ5VpTEcS5eE4pryOBv2jhX4KQQZ3ZcfnA8g6c9khx_W-4F9nCemg0-kfjvA4uH-XaNXLOylHyN1c-y4U1lqbG8Q1', 'user': {'user_id': 23645861, 'first_name': 'Дмитрий', 'last_name': 'Марков', 'is_bot': False, 'last_activity_time': 1772706658000, 'name': 'Дмитрий Марков'}, 'payload': 'KBRD.0'}, 'message': {'recipient': {'chat_id': 233194361, 'chat_type': 'dialog', 'user_id': 23645861}, 'timestamp': 1772706656596, 'body': {'mid': 'mid.000000000de64379019cbd8cf1546690', 'seq': 116176103446701712, 'text': 'Введите ПИН-код доступа:  _ _ _ _', 'attachments': [{'callback_id': 'f9LHodD0cOK9PJwLzRMrM3I1GwQZFx5BinmX2XESGH6gOSpbaBGist3t0tN9d-Dtg82aOIFAon-YaA08PuDsiZvUlj6ZjiCDZRREViuJEGCwN9gp1cRv', 'payload': {'buttons': [[{'payload': 'KBRD.7', 'text': '7', 'intent': 'default', 'type': 'callback'}, {'payload': 'KBRD.8', 'text': '8', 'intent': 'default', 'type': 'callback'}, {'payload': 'KBRD.9', 'text': '9', 'intent': 'default', 'type': 'callback'}], [{'payload': 'KBRD.4', 'text': '4', 'intent': 'default', 'type': 'callback'}, {'payload': 'KBRD.5', 'text': '5', 'intent': 'default', 'type': 'callback'}, {'payload': 'KBRD.6', 'text': '6', 'intent': 'default', 'type': 'callback'}], [{'payload': 'KBRD.3', 'text': '3', 'intent': 'default', 'type': 'callback'}, {'payload': 'KBRD.2', 'text': '2', 'intent': 'default', 'type': 'callback'}, {'payload': 'KBRD.1', 'text': '1', 'intent': 'default', 'type': 'callback'}], [{'payload': 'KBRD.0', 'text': '0', 'intent': 'default', 'type': 'callback'}, {'payload': 'KBRD.Cancel', 'text': 'Сброс', 'intent': 'default', 'type': 'callback'}], [{'payload': 'RecoveryAuthorization', 'text': 'Восстановление доступа', 'intent': 'default', 'type': 'callback'}]]}, 'type': 'inline_keyboard'}], 'markup': [{'from': 25, 'length': 8, 'type': 'strong'}]}, 'sender': {'user_id': 210669020, 'first_name': 'DASHA_TOKEN_BOT', 'username': 'id575104156000_bot', 'is_bot': True, 'last_activity_time': 1772706659290, 'name': 'DASHA_TOKEN_BOT'}}, 'timestamp': 1772706659425, 'user_locale': 'ru', 'update_type': 'message_callback'}
clb

2026-03-05 13:31:05
23645861
edt

2026-03-05 13:31:09
{'callback': {'timestamp': 1772706670196, 'callback_id': 'f9LHodD0cOJRfRnyoasBzxaFfx49s4rWhDPtRs3SwBHj-WKkG4siX7b_BAEa7kGqUw5TazqLCt5-9_bpWW7nFxc098T5yCMY3CtfKXuprfe_p9vl97Fo', 'user': {'user_id': 23645861, 'first_name': 'Дмитрий', 'last_name': 'Марков', 'is_bot': False, 'last_activity_time': 1772706666000, 'name': 'Дмитрий Марков'}, 'payload': 'KBRD.0'}, 'message': {'recipient': {'chat_id': 233194361, 'chat_type': 'dialog', 'user_id': 23645861}, 'timestamp': 1772706656596, 'body': {'mid': 'mid.000000000de64379019cbd8cf1546690', 'seq': 116176103446701712, 'text': 'Введите ПИН-код доступа:  _ _ _ _', 'attachments': [{'callback_id': 'f9LHodD0cOIcuKbVuOWCSd3tW1lGkaTmfH3_I1HjhsdcsA5jwm5OgDNvwcFuxb1xK4bAH8qiXvxRPPc9hy1XBmIaXBChSaW3upFmvDMqlLYV0ZgkG1qU', 'payload': {'buttons': [[{'payload': 'KBRD.7', 'text': '7', 'intent': 'default', 'type': 'callback'}, {'payload': 'KBRD.8', 'text': '8', 'intent': 'default', 'type': 'callback'}, {'payload': 'KBRD.9', 'text': '9', 'intent': 'default', 'type': 'callback'}], [{'payload': 'KBRD.4', 'text': '4', 'intent': 'default', 'type': 'callback'}, {'payload': 'KBRD.5', 'text': '5', 'intent': 'default', 'type': 'callback'}, {'payload': 'KBRD.6', 'text': '6', 'intent': 'default', 'type': 'callback'}], [{'payload': 'KBRD.3', 'text': '3', 'intent': 'default', 'type': 'callback'}, {'payload': 'KBRD.2', 'text': '2', 'intent': 'default', 'type': 'callback'}, {'payload': 'KBRD.1', 'text': '1', 'intent': 'default', 'type': 'callback'}], [{'payload': 'KBRD.0', 'text': '0', 'intent': 'default', 'type': 'callback'}, {'payload': 'KBRD.Cancel', 'text': 'Сброс', 'intent': 'default', 'type': 'callback'}], [{'payload': 'RecoveryAuthorization', 'text': 'Восстановление доступа', 'intent': 'default', 'type': 'callback'}]]}, 'type': 'inline_keyboard'}], 'markup': [{'from': 25, 'length': 8, 'type': 'strong'}]}, 'sender': {'user_id': 210669020, 'first_name': 'DASHA_TOKEN_BOT', 'username': 'id575104156000_bot', 'is_bot': True, 'last_activity_time': 1772706670055, 'name': 'DASHA_TOKEN_BOT'}}, 'timestamp': 1772706670196, 'user_locale': 'ru', 'update_type': 'message_callback'}
clb

2026-03-05 13:36:02
{'callback': {'timestamp': 1772706962548, 'callback_id': 'f9LHodD0cOIbjUN-esczwQQY1VyqMXdQsEDkqTTdSENkDMfBZUT2_V-L-XqVJkVt0GgsiYuV32x245D9h7kWMmw2eqOnJjyjwRbY1e3l_pavGmM1BRnI', 'user': {'user_id': 23645861, 'first_name': 'Дмитрий', 'last_name': 'Марков', 'is_bot': False, 'last_activity_time': 1772706961000, 'name': 'Дмитрий Марков'}, 'payload': 'KBRD.Cancel'}, 'message': {'recipient': {'chat_id': 233194361, 'chat_type': 'dialog', 'user_id': 23645861}, 'timestamp': 1772706656596, 'body': {'mid': 'mid.000000000de64379019cbd8cf1546690', 'seq': 116176103446701712, 'text': 'Введите ПИН-код доступа:  _ _ _ _', 'attachments': [{'callback_id': 'f9LHodD0cOLKKrnUgUJ3Xg-xfX7bmkPOSqs5Yo3Ff59Dt_WQbOny2OFn3JH68ipK5p1h7TGfT7-3hkGWM9p3k5G1C21UYYrAlyYcx4RpEye5O8YdkR3Q', 'payload': {'buttons': [[{'payload': 'KBRD.7', 'text': '7', 'intent': 'default', 'type': 'callback'}, {'payload': 'KBRD.8', 'text': '8', 'intent': 'default', 'type': 'callback'}, {'payload': 'KBRD.9', 'text': '9', 'intent': 'default', 'type': 'callback'}], [{'payload': 'KBRD.4', 'text': '4', 'intent': 'default', 'type': 'callback'}, {'payload': 'KBRD.5', 'text': '5', 'intent': 'default', 'type': 'callback'}, {'payload': 'KBRD.6', 'text': '6', 'intent': 'default', 'type': 'callback'}], [{'payload': 'KBRD.3', 'text': '3', 'intent': 'default', 'type': 'callback'}, {'payload': 'KBRD.2', 'text': '2', 'intent': 'default', 'type': 'callback'}, {'payload': 'KBRD.1', 'text': '1', 'intent': 'default', 'type': 'callback'}], [{'payload': 'KBRD.0', 'text': '0', 'intent': 'default', 'type': 'callback'}, {'payload': 'KBRD.Cancel', 'text': 'Сброс', 'intent': 'default', 'type': 'callback'}], [{'payload': 'RecoveryAuthorization', 'text': 'Восстановление доступа', 'intent': 'default', 'type': 'callback'}]]}, 'type': 'inline_keyboard'}], 'markup': [{'from': 25, 'length': 8, 'type': 'strong'}]}, 'sender': {'user_id': 210669020, 'first_name': 'DASHA_TOKEN_BOT', 'username': 'id575104156000_bot', 'is_bot': True, 'last_activity_time': 1772706962413, 'name': 'DASHA_TOKEN_BOT'}}, 'timestamp': 1772706962548, 'user_locale': 'ru', 'update_type': 'message_callback'}
clb

2026-03-05 13:36:02
mid.000000000de64379019cbd8cf1546690
del

2026-03-05 13:36:03
mid.000000000de64379019cbd91a0f73417
snd

2026-03-05 13:36:08
{'callback': {'timestamp': 1772706968545, 'callback_id': 'f9LHodD0cOILiJElM27kGL-nFqBA8S25rhjvRS1W3prs3W8ehigDR54wPQdo8To0cNEKvu6WycjjmlYrLWqIp8FdyJsBsgPqWwxbdbHSmzuYRN553jwf', 'user': {'user_id': 23645861, 'first_name': 'Дмитрий', 'last_name': 'Марков', 'is_bot': False, 'last_activity_time': 1772706961000, 'name': 'Дмитрий Марков'}, 'payload': 'Authorization'}, 'message': {'recipient': {'chat_id': 233194361, 'chat_type': 'dialog', 'user_id': 23645861}, 'timestamp': 1772706963703, 'body': {'mid': 'mid.000000000de64379019cbd91a0f73417', 'seq': 116176123573253143, 'text': 'Текст для RequiredAuthorization не найден', 'attachments': [{'callback_id': 'f9LHodD0cOI0U54PTRCU6xdamRcDU_5piWB-8S6E0bHXTuJEhxcSVhJ5enaDvjhGjZv3rtzjyV_UwchnM_2OcgKYrFrVZLj1swoXhZaiqq1zDlEwBook', 'payload': {'buttons': [[{'payload': 'Authorization', 'text': 'Авторизоваться', 'intent': 'default', 'type': 'callback'}]]}, 'type': 'inline_keyboard'}], 'markup': [{'from': 10, 'length': 21, 'type': 'strong'}]}, 'sender': {'user_id': 210669020, 'first_name': 'DASHA_TOKEN_BOT', 'username': 'id575104156000_bot', 'is_bot': True, 'last_activity_time': 1772706968399, 'name': 'DASHA_TOKEN_BOT'}}, 'timestamp': 1772706968545, 'user_locale': 'ru', 'update_type': 'message_callback'}
clb

2026-03-05 13:36:08
mid.000000000de64379019cbd91b6490959
snd

2026-03-05 13:36:09
mid.000000000de64379019cbd91a0f73417
del

2026-03-05 13:36:10
mid.000000000de64379019cbd91bbae3450
snd

2026-03-05 13:36:10
mid.000000000de64379019cbd91b6490959
del

2026-03-05 13:36:11
{'callback': {'timestamp': 1772706972147, 'callback_id': 'f9LHodD0cOInx0rSZFIqpDL9-kUjepBVHJP90SDJQyG_RGiQHETBoRfH4TJOWT7c_lxgEmSoUSXJ6snM-TJjmsub5h5k_0UC9phD6nCsxJKQpNOk5S4S', 'user': {'user_id': 23645861, 'first_name': 'Дмитрий', 'last_name': 'Марков', 'is_bot': False, 'last_activity_time': 1772706961000, 'name': 'Дмитрий Марков'}, 'payload': 'KBRD.0'}, 'message': {'recipient': {'chat_id': 233194361, 'chat_type': 'dialog', 'user_id': 23645861}, 'timestamp': 1772706970542, 'body': {'mid': 'mid.000000000de64379019cbd91bbae3450', 'seq': 116176124021453904, 'text': 'Введите ПИН-код доступа:  _ _ _ _', 'attachments': [{'callback_id': 'f9LHodD0cOKmOhxJyn44SokG2-3zwvOSqSSpuNqrWc9MM-o1xK6FbSK54Nfe1cFkTXX90tCn5PNINK4CXLSl5KpObHIsP-l0pwxvf9iVvi0z70swz_jR', 'payload': {'buttons': [[{'payload': 'KBRD.7', 'text': '7', 'intent': 'default', 'type': 'callback'}, {'payload': 'KBRD.8', 'text': '8', 'intent': 'default', 'type': 'callback'}, {'payload': 'KBRD.9', 'text': '9', 'intent': 'default', 'type': 'callback'}], [{'payload': 'KBRD.4', 'text': '4', 'intent': 'default', 'type': 'callback'}, {'payload': 'KBRD.5', 'text': '5', 'intent': 'default', 'type': 'callback'}, {'payload': 'KBRD.6', 'text': '6', 'intent': 'default', 'type': 'callback'}], [{'payload': 'KBRD.3', 'text': '3', 'intent': 'default', 'type': 'callback'}, {'payload': 'KBRD.2', 'text': '2', 'intent': 'default', 'type': 'callback'}, {'payload': 'KBRD.1', 'text': '1', 'intent': 'default', 'type': 'callback'}], [{'payload': 'KBRD.0', 'text': '0', 'intent': 'default', 'type': 'callback'}, {'payload': 'KBRD.Cancel', 'text': 'Сброс', 'intent': 'default', 'type': 'callback'}], [{'payload': 'RecoveryAuthorization', 'text': 'Восстановление доступа', 'intent': 'default', 'type': 'callback'}]]}, 'type': 'inline_keyboard'}], 'markup': [{'from': 25, 'length': 8, 'type': 'strong'}]}, 'sender': {'user_id': 210669020, 'first_name': 'DASHA_TOKEN_BOT', 'username': 'id575104156000_bot', 'is_bot': True, 'last_activity_time': 1772706972032, 'name': 'DASHA_TOKEN_BOT'}}, 'timestamp': 1772706972147, 'user_locale': 'ru', 'update_type': 'message_callback'}
clb

2026-03-05 13:36:15
23645861
edt

2026-03-05 13:36:20
{'callback': {'timestamp': 1772706980615, 'callback_id': 'f9LHodD0cOKNBHGF3jVhMtp-ilfRPSGFgsm5ur0eLWEZ1Rz45k2HKVY2rs7kGAVQNddaAZdp6nLjx7rjhknYuTONhiKPWb5AtN498ZM0pEB3mbG_v2q0', 'user': {'user_id': 23645861, 'first_name': 'Дмитрий', 'last_name': 'Марков', 'is_bot': False, 'last_activity_time': 1772706979000, 'name': 'Дмитрий Марков'}, 'payload': 'KBRD.0'}, 'message': {'recipient': {'chat_id': 233194361, 'chat_type': 'dialog', 'user_id': 23645861}, 'timestamp': 1772706970542, 'body': {'mid': 'mid.000000000de64379019cbd91bbae3450', 'seq': 116176124021453904, 'text': 'Введите ПИН-код доступа:  * _ _ _', 'attachments': [{'callback_id': 'f9LHodD0cOIWrGVzkDcGxO_8AOKHgPYBRoAFapx2f6ArH5Lr5X7A01G_jV1FnyiLgK0tkp3nufpJz0EaLjevu7ihBub0ZA9jWjHmOkKrwwBSpm5EFXH7', 'payload': {'buttons': [[{'payload': 'KBRD.7', 'text': '7', 'intent': 'default', 'type': 'callback'}, {'payload': 'KBRD.8', 'text': '8', 'intent': 'default', 'type': 'callback'}, {'payload': 'KBRD.9', 'text': '9', 'intent': 'default', 'type': 'callback'}], [{'payload': 'KBRD.4', 'text': '4', 'intent': 'default', 'type': 'callback'}, {'payload': 'KBRD.5', 'text': '5', 'intent': 'default', 'type': 'callback'}, {'payload': 'KBRD.6', 'text': '6', 'intent': 'default', 'type': 'callback'}], [{'payload': 'KBRD.3', 'text': '3', 'intent': 'default', 'type': 'callback'}, {'payload': 'KBRD.2', 'text': '2', 'intent': 'default', 'type': 'callback'}, {'payload': 'KBRD.1', 'text': '1', 'intent': 'default', 'type': 'callback'}], [{'payload': 'KBRD.0', 'text': '0', 'intent': 'default', 'type': 'callback'}, {'payload': 'KBRD.Cancel', 'text': 'Сброс', 'intent': 'default', 'type': 'callback'}], [{'payload': 'RecoveryAuthorization', 'text': 'Восстановление доступа', 'intent': 'default', 'type': 'callback'}]]}, 'type': 'inline_keyboard'}], 'markup': [{'from': 25, 'length': 8, 'type': 'strong'}]}, 'sender': {'user_id': 210669020, 'first_name': 'DASHA_TOKEN_BOT', 'username': 'id575104156000_bot', 'is_bot': True, 'last_activity_time': 1772706980449, 'name': 'DASHA_TOKEN_BOT'}}, 'timestamp': 1772706980615, 'user_locale': 'ru', 'update_type': 'message_callback'}
clb

2026-03-05 13:36:28
23645861
edt

2026-03-05 13:36:30
{'callback': {'timestamp': 1772706991362, 'callback_id': 'f9LHodD0cOL4u7OUaqc8_7iEVPc9O1tFMEPqMJSBGybOXH-sioJenl2zWjO_hj_tinTDCWOHpYW39gNLwhk1janruNwjBUB13nrtW3A-WBZ81heSylBn', 'user': {'user_id': 23645861, 'first_name': 'Дмитрий', 'last_name': 'Марков', 'is_bot': False, 'last_activity_time': 1772706988000, 'name': 'Дмитрий Марков'}, 'payload': 'KBRD.2'}, 'message': {'recipient': {'chat_id': 233194361, 'chat_type': 'dialog', 'user_id': 23645861}, 'timestamp': 1772706970542, 'body': {'mid': 'mid.000000000de64379019cbd91bbae3450', 'seq': 116176124021453904, 'text': 'Введите ПИН-код доступа:  * * _ _', 'attachments': [{'callback_id': 'f9LHodD0cOKnqYa5kcY7xbNYknde5teWkQpmXdPvfA0zl1egxsxVVral__Y6n7VYWabA3IDIigXCvSZesnrSRaefi43uf3_D9wFj0qgE_ch8VgiWhnwQ', 'payload': {'buttons': [[{'payload': 'KBRD.7', 'text': '7', 'intent': 'default', 'type': 'callback'}, {'payload': 'KBRD.8', 'text': '8', 'intent': 'default', 'type': 'callback'}, {'payload': 'KBRD.9', 'text': '9', 'intent': 'default', 'type': 'callback'}], [{'payload': 'KBRD.4', 'text': '4', 'intent': 'default', 'type': 'callback'}, {'payload': 'KBRD.5', 'text': '5', 'intent': 'default', 'type': 'callback'}, {'payload': 'KBRD.6', 'text': '6', 'intent': 'default', 'type': 'callback'}], [{'payload': 'KBRD.3', 'text': '3', 'intent': 'default', 'type': 'callback'}, {'payload': 'KBRD.2', 'text': '2', 'intent': 'default', 'type': 'callback'}, {'payload': 'KBRD.1', 'text': '1', 'intent': 'default', 'type': 'callback'}], [{'payload': 'KBRD.0', 'text': '0', 'intent': 'default', 'type': 'callback'}, {'payload': 'KBRD.Cancel', 'text': 'Сброс', 'intent': 'default', 'type': 'callback'}], [{'payload': 'RecoveryAuthorization', 'text': 'Восстановление доступа', 'intent': 'default', 'type': 'callback'}]]}, 'type': 'inline_keyboard'}], 'markup': [{'from': 25, 'length': 8, 'type': 'strong'}]}, 'sender': {'user_id': 210669020, 'first_name': 'DASHA_TOKEN_BOT', 'username': 'id575104156000_bot', 'is_bot': True, 'last_activity_time': 1772706991218, 'name': 'DASHA_TOKEN_BOT'}}, 'timestamp': 1772706991362, 'user_locale': 'ru', 'update_type': 'message_callback'}
clb

2026-03-05 13:36:31
23645861
edt

2026-03-05 13:36:51
{'callback': {'timestamp': 1772707012251, 'callback_id': 'f9LHodD0cOIoBTihYbUK9UXgF5IM_ilWD_W3ghIGVIndxX-rERKUyKwLFvSZG7QuspC_vr_NQBJh85PLQeSJv9rV00OUW9pDG8qYuo-1hFpKzmt2II_V', 'user': {'user_id': 23645861, 'first_name': 'Дмитрий', 'last_name': 'Марков', 'is_bot': False, 'last_activity_time': 1772706988000, 'name': 'Дмитрий Марков'}, 'payload': 'KBRD.9'}, 'message': {'recipient': {'chat_id': 233194361, 'chat_type': 'dialog', 'user_id': 23645861}, 'timestamp': 1772706970542, 'body': {'mid': 'mid.000000000de64379019cbd91bbae3450', 'seq': 116176124021453904, 'text': 'Введите ПИН-код доступа:  * * * _', 'attachments': [{'callback_id': 'f9LHodD0cOK54zdhBbw2hHDp6nNc8hCKRKrm5uXRhKnJf--Ktp6DQ9IH1yg6yghnXYV38RNmC-4XW5mvJvs74UW9x5TQwDBmRDBMzksnrFnbcg3F3kRd', 'payload': {'buttons': [[{'payload': 'KBRD.7', 'text': '7', 'intent': 'default', 'type': 'callback'}, {'payload': 'KBRD.8', 'text': '8', 'intent': 'default', 'type': 'callback'}, {'payload': 'KBRD.9', 'text': '9', 'intent': 'default', 'type': 'callback'}], [{'payload': 'KBRD.4', 'text': '4', 'intent': 'default', 'type': 'callback'}, {'payload': 'KBRD.5', 'text': '5', 'intent': 'default', 'type': 'callback'}, {'payload': 'KBRD.6', 'text': '6', 'intent': 'default', 'type': 'callback'}], [{'payload': 'KBRD.3', 'text': '3', 'intent': 'default', 'type': 'callback'}, {'payload': 'KBRD.2', 'text': '2', 'intent': 'default', 'type': 'callback'}, {'payload': 'KBRD.1', 'text': '1', 'intent': 'default', 'type': 'callback'}], [{'payload': 'KBRD.0', 'text': '0', 'intent': 'default', 'type': 'callback'}, {'payload': 'KBRD.Cancel', 'text': 'Сброс', 'intent': 'default', 'type': 'callback'}], [{'payload': 'RecoveryAuthorization', 'text': 'Восстановление доступа', 'intent': 'default', 'type': 'callback'}]]}, 'type': 'inline_keyboard'}], 'markup': [{'from': 25, 'length': 8, 'type': 'strong'}]}, 'sender': {'user_id': 210669020, 'first_name': 'DASHA_TOKEN_BOT', 'username': 'id575104156000_bot', 'is_bot': True, 'last_activity_time': 1772707012115, 'name': 'DASHA_TOKEN_BOT'}}, 'timestamp': 1772707012251, 'user_locale': 'ru', 'update_type': 'message_callback'}
clb

2026-03-05 18:13:46
{'callback': {'timestamp': 1772723623380, 'callback_id': 'f9LHodD0cOIEQHsaSSWPcAmDxzWnDv-ZeqLSL8SzTbBoTa_qOle8-kwNcWZZ18ITTK2lF9950W6OiUU7axX-_LP7ke7O6X-DOlMX-Pqyq3X9VtJX4g4M', 'user': {'user_id': 23645861, 'first_name': 'Дмитрий', 'last_name': 'Марков', 'is_bot': False, 'last_activity_time': 1772723620000, 'name': 'Дмитрий Марков'}, 'payload': 'KBRD.Cancel'}, 'message': {'recipient': {'chat_id': 233194361, 'chat_type': 'dialog', 'user_id': 23645861}, 'timestamp': 1772706970542, 'body': {'mid': 'mid.000000000de64379019cbd91bbae3450', 'seq': 116176124021453904, 'text': 'Введите ПИН-код доступа:  * * * _', 'attachments': [{'callback_id': 'f9LHodD0cOLM6RnoV-0Ah51CX74GE6AH562GD7EvxjO3BXyj4KjH3-fv3geAM6LnoPZ5YgWbtvvQFMUT4cjYaY0Oh8krnZZ2NROM2TBdfYq-u-VuFD7T', 'payload': {'buttons': [[{'payload': 'KBRD.7', 'text': '7', 'intent': 'default', 'type': 'callback'}, {'payload': 'KBRD.8', 'text': '8', 'intent': 'default', 'type': 'callback'}, {'payload': 'KBRD.9', 'text': '9', 'intent': 'default', 'type': 'callback'}], [{'payload': 'KBRD.4', 'text': '4', 'intent': 'default', 'type': 'callback'}, {'payload': 'KBRD.5', 'text': '5', 'intent': 'default', 'type': 'callback'}, {'payload': 'KBRD.6', 'text': '6', 'intent': 'default', 'type': 'callback'}], [{'payload': 'KBRD.3', 'text': '3', 'intent': 'default', 'type': 'callback'}, {'payload': 'KBRD.2', 'text': '2', 'intent': 'default', 'type': 'callback'}, {'payload': 'KBRD.1', 'text': '1', 'intent': 'default', 'type': 'callback'}], [{'payload': 'KBRD.0', 'text': '0', 'intent': 'default', 'type': 'callback'}, {'payload': 'KBRD.Cancel', 'text': 'Сброс', 'intent': 'default', 'type': 'callback'}], [{'payload': 'RecoveryAuthorization', 'text': 'Восстановление доступа', 'intent': 'default', 'type': 'callback'}]]}, 'type': 'inline_keyboard'}], 'markup': [{'from': 25, 'length': 8, 'type': 'strong'}]}, 'sender': {'user_id': 210669020, 'first_name': 'DASHA_TOKEN_BOT', 'username': 'id575104156000_bot', 'is_bot': True, 'last_activity_time': 1772723626910, 'name': 'DASHA_TOKEN_BOT'}}, 'timestamp': 1772723623380, 'user_locale': 'ru', 'update_type': 'message_callback'}
clb

2026-03-05 18:13:47
mid.000000000de64379019cbd91bbae3450
del

2026-03-05 18:13:47
mid.000000000de64379019cbe8fe9440bcd
snd

2026-03-05 18:13:53
{'callback': {'timestamp': 1772723633706, 'callback_id': 'f9LHodD0cOLIyrD5iQQAGugJbFdgPkPLsKLvKquI60VdP9K5ZQdcnNN-QOSe5Q_lFHZvN9B54LsZ3IEDj1g0in67qyFQxpgcjRQTefDnqxUVkFWUSEnf', 'user': {'user_id': 23645861, 'first_name': 'Дмитрий', 'last_name': 'Марков', 'is_bot': False, 'last_activity_time': 1772723620000, 'name': 'Дмитрий Марков'}, 'payload': 'Authorization'}, 'message': {'recipient': {'chat_id': 233194361, 'chat_type': 'dialog', 'user_id': 23645861}, 'timestamp': 1772723628356, 'body': {'mid': 'mid.000000000de64379019cbe8fe9440bcd', 'seq': 116177215707941837, 'text': 'Текст для RequiredAuthorization не найден', 'attachments': [{'callback_id': 'f9LHodD0cOLSwGbM7kYg0-WHo8Dk8cEjKYqTxFXuKLhXxoJ-Wg0vN_AOsjbJr1T3I8wgCFdtAkbcsKat8DXaxVQcYiw9RH7_Yx6tMNnGQGOuRhzbn8SD', 'payload': {'buttons': [[{'payload': 'Authorization', 'text': 'Авторизоваться', 'intent': 'default', 'type': 'callback'}]]}, 'type': 'inline_keyboard'}], 'markup': [{'from': 10, 'length': 21, 'type': 'strong'}]}, 'sender': {'user_id': 210669020, 'first_name': 'DASHA_TOKEN_BOT', 'username': 'id575104156000_bot', 'is_bot': True, 'last_activity_time': 1772723633606, 'name': 'DASHA_TOKEN_BOT'}}, 'timestamp': 1772723633706, 'user_locale': 'ru', 'update_type': 'message_callback'}
clb

2026-03-05 18:13:54
mid.000000000de64379019cbe90012d0959
snd

2026-03-05 18:13:54
mid.000000000de64379019cbe8fe9440bcd
del

2026-03-05 18:13:55
mid.000000000de64379019cbe9007242b1f
snd

2026-03-05 18:13:57
mid.000000000de64379019cbe900dce31eb
snd

2026-03-05 18:13:58
mid.000000000de64379019cbe90012d0959
del

2026-03-05 18:14:09
{'callback': {'timestamp': 1772723649730, 'callback_id': 'f9LHodD0cOJlVsuZmCvW4H0GgInzpbswlqtbmCU8jBMGVtgA86sk-GoyIq25lbXd8e6VNTsqSNJywePw9Ljvx7OvJKqed9j7KT_a-3hjMPSCihCb-a5A', 'user': {'user_id': 23645861, 'first_name': 'Дмитрий', 'last_name': 'Марков', 'is_bot': False, 'last_activity_time': 1772723648000, 'name': 'Дмитрий Марков'}, 'payload': 'KBRD.1'}, 'message': {'recipient': {'chat_id': 233194361, 'chat_type': 'dialog', 'user_id': 23645861}, 'timestamp': 1772723637710, 'body': {'mid': 'mid.000000000de64379019cbe900dce31eb', 'seq': 116177216320975339, 'text': 'Введите ПИН-код:  _ _ _ _', 'attachments': [{'callback_id': 'f9LHodD0cOLsSHCRSO-aggStyivD2Q9KEAxtZd9nIp-hgjc8S5BP3TlElWgRRvzmM-PM429pCWO_xxS1lqjuxJsFTTw1b-mrgVXqdXmBg3Y3kQz6kk2O', 'payload': {'buttons': [[{'payload': 'KBRD.7', 'text': '7', 'intent': 'default', 'type': 'callback'}, {'payload': 'KBRD.8', 'text': '8', 'intent': 'default', 'type': 'callback'}, {'payload': 'KBRD.9', 'text': '9', 'intent': 'default', 'type': 'callback'}], [{'payload': 'KBRD.4', 'text': '4', 'intent': 'default', 'type': 'callback'}, {'payload': 'KBRD.5', 'text': '5', 'intent': 'default', 'type': 'callback'}, {'payload': 'KBRD.6', 'text': '6', 'intent': 'default', 'type': 'callback'}], [{'payload': 'KBRD.3', 'text': '3', 'intent': 'default', 'type': 'callback'}, {'payload': 'KBRD.2', 'text': '2', 'intent': 'default', 'type': 'callback'}, {'payload': 'KBRD.1', 'text': '1', 'intent': 'default', 'type': 'callback'}], [{'payload': 'KBRD.0', 'text': '0', 'intent': 'default', 'type': 'callback'}, {'payload': 'KBRD.Cancel', 'text': 'Сброс', 'intent': 'default', 'type': 'callback'}], [{'payload': 'RecoveryAuthorization', 'text': 'Восстановление доступа', 'intent': 'default', 'type': 'callback'}]]}, 'type': 'inline_keyboard'}], 'markup': [{'from': 17, 'length': 8, 'type': 'strong'}]}, 'sender': {'user_id': 210669020, 'first_name': 'DASHA_TOKEN_BOT', 'username': 'id575104156000_bot', 'is_bot': True, 'last_activity_time': 1772723649970, 'name': 'DASHA_TOKEN_BOT'}}, 'timestamp': 1772723649730, 'user_locale': 'ru', 'update_type': 'message_callback'}
clb

2026-03-05 18:14:10
23645861
edt

2026-03-05 18:14:11
{'callback': {'timestamp': 1772723651799, 'callback_id': 'f9LHodD0cOJnb6PfxiejW0gPh8oEIxUDL1_DlUcIxIcJ_sk6HHmy-vh5-Yq35m3q68eZgAg5gTXFK2yXRy-6tL-TT1yO4h7NAS8uK_S6CmKlSqVwJVE2', 'user': {'user_id': 23645861, 'first_name': 'Дмитрий', 'last_name': 'Марков', 'is_bot': False, 'last_activity_time': 1772723648000, 'name': 'Дмитрий Марков'}, 'payload': 'KBRD.2'}, 'message': {'recipient': {'chat_id': 233194361, 'chat_type': 'dialog', 'user_id': 23645861}, 'timestamp': 1772723637710, 'body': {'mid': 'mid.000000000de64379019cbe900dce31eb', 'seq': 116177216320975339, 'text': 'Введите ПИН-код:  * _ _ _', 'attachments': [{'callback_id': 'f9LHodD0cOJynUAu8mrxTMbVILC-6KG8GxHo-HQsNGk3QCccXzMln6nH8JtKpt0TzhQnQGcJ5xhU3cy8Titcnk1aoPRukjscYypJozBreGB5JGLawadH', 'payload': {'buttons': [[{'payload': 'KBRD.7', 'text': '7', 'intent': 'default', 'type': 'callback'}, {'payload': 'KBRD.8', 'text': '8', 'intent': 'default', 'type': 'callback'}, {'payload': 'KBRD.9', 'text': '9', 'intent': 'default', 'type': 'callback'}], [{'payload': 'KBRD.4', 'text': '4', 'intent': 'default', 'type': 'callback'}, {'payload': 'KBRD.5', 'text': '5', 'intent': 'default', 'type': 'callback'}, {'payload': 'KBRD.6', 'text': '6', 'intent': 'default', 'type': 'callback'}], [{'payload': 'KBRD.3', 'text': '3', 'intent': 'default', 'type': 'callback'}, {'payload': 'KBRD.2', 'text': '2', 'intent': 'default', 'type': 'callback'}, {'payload': 'KBRD.1', 'text': '1', 'intent': 'default', 'type': 'callback'}], [{'payload': 'KBRD.0', 'text': '0', 'intent': 'default', 'type': 'callback'}, {'payload': 'KBRD.Cancel', 'text': 'Сброс', 'intent': 'default', 'type': 'callback'}], [{'payload': 'RecoveryAuthorization', 'text': 'Восстановление доступа', 'intent': 'default', 'type': 'callback'}]]}, 'type': 'inline_keyboard'}], 'markup': [{'from': 17, 'length': 8, 'type': 'strong'}]}, 'sender': {'user_id': 210669020, 'first_name': 'DASHA_TOKEN_BOT', 'username': 'id575104156000_bot', 'is_bot': True, 'last_activity_time': 1772723651750, 'name': 'DASHA_TOKEN_BOT'}}, 'timestamp': 1772723651799, 'user_locale': 'ru', 'update_type': 'message_callback'}
clb

2026-03-05 18:14:11
23645861
edt

2026-03-05 18:14:17
{'callback': {'timestamp': 1772723657948, 'callback_id': 'f9LHodD0cOLioxRc1e4bKRhYHv0w5HpeiErSnaaE0Bq3uYM2WLpJyivR0zywzbmh8fzMPgCON-Fjfe_OPEt5SUYwz8Er2XhUUllt9debpmI8_VcMg5AH', 'user': {'user_id': 23645861, 'first_name': 'Дмитрий', 'last_name': 'Марков', 'is_bot': False, 'last_activity_time': 1772723648000, 'name': 'Дмитрий Марков'}, 'payload': 'KBRD.9'}, 'message': {'recipient': {'chat_id': 233194361, 'chat_type': 'dialog', 'user_id': 23645861}, 'timestamp': 1772723637710, 'body': {'mid': 'mid.000000000de64379019cbe900dce31eb', 'seq': 116177216320975339, 'text': 'Введите ПИН-код:  * * _ _', 'attachments': [{'callback_id': 'f9LHodD0cOJ94k88IcUx6u6K7dfWY4jFKDuok0QADneh2Xf5Jk0YDFRLWRH5xwWq50oVHkSGvs8q5x1Kqd-aJPOnsGczRR6EojKLjBgHjrG42LTyujCY', 'payload': {'buttons': [[{'payload': 'KBRD.7', 'text': '7', 'intent': 'default', 'type': 'callback'}, {'payload': 'KBRD.8', 'text': '8', 'intent': 'default', 'type': 'callback'}, {'payload': 'KBRD.9', 'text': '9', 'intent': 'default', 'type': 'callback'}], [{'payload': 'KBRD.4', 'text': '4', 'intent': 'default', 'type': 'callback'}, {'payload': 'KBRD.5', 'text': '5', 'intent': 'default', 'type': 'callback'}, {'payload': 'KBRD.6', 'text': '6', 'intent': 'default', 'type': 'callback'}], [{'payload': 'KBRD.3', 'text': '3', 'intent': 'default', 'type': 'callback'}, {'payload': 'KBRD.2', 'text': '2', 'intent': 'default', 'type': 'callback'}, {'payload': 'KBRD.1', 'text': '1', 'intent': 'default', 'type': 'callback'}], [{'payload': 'KBRD.0', 'text': '0', 'intent': 'default', 'type': 'callback'}, {'payload': 'KBRD.Cancel', 'text': 'Сброс', 'intent': 'default', 'type': 'callback'}], [{'payload': 'RecoveryAuthorization', 'text': 'Восстановление доступа', 'intent': 'default', 'type': 'callback'}]]}, 'type': 'inline_keyboard'}], 'markup': [{'from': 17, 'length': 8, 'type': 'strong'}]}, 'sender': {'user_id': 210669020, 'first_name': 'DASHA_TOKEN_BOT', 'username': 'id575104156000_bot', 'is_bot': True, 'last_activity_time': 1772723657843, 'name': 'DASHA_TOKEN_BOT'}}, 'timestamp': 1772723657948, 'user_locale': 'ru', 'update_type': 'message_callback'}
clb

2026-03-05 18:14:18
23645861
edt

2026-03-05 18:14:19
{'callback': {'timestamp': 1772723659936, 'callback_id': 'f9LHodD0cOKIwOzK_0yEmhPtWw_kJd3CefdzWrzDk7wIvs1h6ct5C8ksI2jxkrgJQac9df7-7eVXWTUozp6APcycycybRg_kPdE2lfz6VGk6N-TUtryH', 'user': {'user_id': 23645861, 'first_name': 'Дмитрий', 'last_name': 'Марков', 'is_bot': False, 'last_activity_time': 1772723648000, 'name': 'Дмитрий Марков'}, 'payload': 'KBRD.8'}, 'message': {'recipient': {'chat_id': 233194361, 'chat_type': 'dialog', 'user_id': 23645861}, 'timestamp': 1772723637710, 'body': {'mid': 'mid.000000000de64379019cbe900dce31eb', 'seq': 116177216320975339, 'text': 'Введите ПИН-код:  * * * _', 'attachments': [{'callback_id': 'f9LHodD0cOJlmq0bJ8D6U0NEYfkNgCl6HrMrFY42IH3wN0u4DFLHDJyrAx84ClK9HC9uSXdsCpafStjkOhQ5Kjwb04QTi76iIH4WlFcGWLHyadIykOXo', 'payload': {'buttons': [[{'payload': 'KBRD.7', 'text': '7', 'intent': 'default', 'type': 'callback'}, {'payload': 'KBRD.8', 'text': '8', 'intent': 'default', 'type': 'callback'}, {'payload': 'KBRD.9', 'text': '9', 'intent': 'default', 'type': 'callback'}], [{'payload': 'KBRD.4', 'text': '4', 'intent': 'default', 'type': 'callback'}, {'payload': 'KBRD.5', 'text': '5', 'intent': 'default', 'type': 'callback'}, {'payload': 'KBRD.6', 'text': '6', 'intent': 'default', 'type': 'callback'}], [{'payload': 'KBRD.3', 'text': '3', 'intent': 'default', 'type': 'callback'}, {'payload': 'KBRD.2', 'text': '2', 'intent': 'default', 'type': 'callback'}, {'payload': 'KBRD.1', 'text': '1', 'intent': 'default', 'type': 'callback'}], [{'payload': 'KBRD.0', 'text': '0', 'intent': 'default', 'type': 'callback'}, {'payload': 'KBRD.Cancel', 'text': 'Сброс', 'intent': 'default', 'type': 'callback'}], [{'payload': 'RecoveryAuthorization', 'text': 'Восстановление доступа', 'intent': 'default', 'type': 'callback'}]]}, 'type': 'inline_keyboard'}], 'markup': [{'from': 17, 'length': 8, 'type': 'strong'}]}, 'sender': {'user_id': 210669020, 'first_name': 'DASHA_TOKEN_BOT', 'username': 'id575104156000_bot', 'is_bot': True, 'last_activity_time': 1772723659836, 'name': 'DASHA_TOKEN_BOT'}}, 'timestamp': 1772723659936, 'user_locale': 'ru', 'update_type': 'message_callback'}
clb

2026-03-05 18:14:20
23645861
edt

2026-03-05 18:14:20
mid.000000000de64379019cbe9069d60959
snd

2026-03-05 18:14:21
mid.000000000de64379019cbe900dce31eb
del

2026-03-05 18:14:23
mid.000000000de64379019cbe9073454981
snd

2026-03-05 18:14:24
mid.000000000de64379019cbe90766f1aca
snd

2026-03-05 18:14:24
mid.000000000de64379019cbe9069d60959
del

2026-03-05 18:14:42
{'callback': {'timestamp': 1772723682760, 'callback_id': 'f9LHodD0cOIEON_2kuMPJoDvv1gMhK0V9g9GWAFLBorsbmiI_F5vF2l3TXzh2ZsYtE6ftJkxkZg6Jn6wcF8vNttW7h7mu2lrbrr6oWP4I_Q5cZ9HM7xc', 'user': {'user_id': 23645861, 'first_name': 'Дмитрий', 'last_name': 'Марков', 'is_bot': False, 'last_activity_time': 1772723677000, 'name': 'Дмитрий Марков'}, 'payload': 'KBRD.0'}, 'message': {'recipient': {'chat_id': 233194361, 'chat_type': 'dialog', 'user_id': 23645861}, 'timestamp': 1772723663685, 'body': {'mid': 'mid.000000000de64379019cbe9073454981', 'seq': 116177218023278977, 'text': 'Введите ПИН-код:  _ _ _ _', 'attachments': [{'callback_id': 'f9LHodD0cOKe5CWMyNkpJ6JqWISnQ_bk0F4t6U6grE9ygcGxh3xGJnk8kkeJ43Pzwv1aPImswF8MU7pxfBUua1LmqVQsS5wP4S4fgN2tk21184OqWh3e', 'payload': {'buttons': [[{'payload': 'KBRD.7', 'text': '7', 'intent': 'default', 'type': 'callback'}, {'payload': 'KBRD.8', 'text': '8', 'intent': 'default', 'type': 'callback'}, {'payload': 'KBRD.9', 'text': '9', 'intent': 'default', 'type': 'callback'}], [{'payload': 'KBRD.4', 'text': '4', 'intent': 'default', 'type': 'callback'}, {'payload': 'KBRD.5', 'text': '5', 'intent': 'default', 'type': 'callback'}, {'payload': 'KBRD.6', 'text': '6', 'intent': 'default', 'type': 'callback'}], [{'payload': 'KBRD.3', 'text': '3', 'intent': 'default', 'type': 'callback'}, {'payload': 'KBRD.2', 'text': '2', 'intent': 'default', 'type': 'callback'}, {'payload': 'KBRD.1', 'text': '1', 'intent': 'default', 'type': 'callback'}], [{'payload': 'KBRD.0', 'text': '0', 'intent': 'default', 'type': 'callback'}, {'payload': 'KBRD.Cancel', 'text': 'Сброс', 'intent': 'default', 'type': 'callback'}], [{'payload': 'RecoveryAuthorization', 'text': 'Восстановление доступа', 'intent': 'default', 'type': 'callback'}]]}, 'type': 'inline_keyboard'}], 'markup': [{'from': 17, 'length': 8, 'type': 'strong'}]}, 'sender': {'user_id': 210669020, 'first_name': 'DASHA_TOKEN_BOT', 'username': 'id575104156000_bot', 'is_bot': True, 'last_activity_time': 1772723682664, 'name': 'DASHA_TOKEN_BOT'}}, 'timestamp': 1772723682760, 'user_locale': 'ru', 'update_type': 'message_callback'}
clb

2026-03-05 18:14:43
23645861
edt

2026-03-05 18:14:43
{'callback': {'timestamp': 1772723683353, 'callback_id': 'f9LHodD0cOL60bFSIzJN3qFsduSGFmAf__3yUBGQ5bf2Y3DNLuEVg6gx5bo6kAg_O22eDvqEgqh3g8HGwdNFs6rXtWcv6UjCurR2ax1IwnweiARQmQX7', 'user': {'user_id': 23645861, 'first_name': 'Дмитрий', 'last_name': 'Марков', 'is_bot': False, 'last_activity_time': 1772723677000, 'name': 'Дмитрий Марков'}, 'payload': 'KBRD.0'}, 'message': {'recipient': {'chat_id': 233194361, 'chat_type': 'dialog', 'user_id': 23645861}, 'timestamp': 1772723663685, 'body': {'mid': 'mid.000000000de64379019cbe9073454981', 'seq': 116177218023278977, 'text': 'Введите ПИН-код:  * _ _ _', 'attachments': [{'callback_id': 'f9LHodD0cOJYbOwJIDFZwm3ia3Ks7eZdfG2Xdlpxf4IRY71_W17CCaUEDLIDrZnaXF8IHUgGqESTnaYwoV2sMFY8ZD1zTXfHQ-f6O5ByZdiqhD0b-Nzi', 'payload': {'buttons': [[{'payload': 'KBRD.7', 'text': '7', 'intent': 'default', 'type': 'callback'}, {'payload': 'KBRD.8', 'text': '8', 'intent': 'default', 'type': 'callback'}, {'payload': 'KBRD.9', 'text': '9', 'intent': 'default', 'type': 'callback'}], [{'payload': 'KBRD.4', 'text': '4', 'intent': 'default', 'type': 'callback'}, {'payload': 'KBRD.5', 'text': '5', 'intent': 'default', 'type': 'callback'}, {'payload': 'KBRD.6', 'text': '6', 'intent': 'default', 'type': 'callback'}], [{'payload': 'KBRD.3', 'text': '3', 'intent': 'default', 'type': 'callback'}, {'payload': 'KBRD.2', 'text': '2', 'intent': 'default', 'type': 'callback'}, {'payload': 'KBRD.1', 'text': '1', 'intent': 'default', 'type': 'callback'}], [{'payload': 'KBRD.0', 'text': '0', 'intent': 'default', 'type': 'callback'}, {'payload': 'KBRD.Cancel', 'text': 'Сброс', 'intent': 'default', 'type': 'callback'}], [{'payload': 'RecoveryAuthorization', 'text': 'Восстановление доступа', 'intent': 'default', 'type': 'callback'}]]}, 'type': 'inline_keyboard'}], 'markup': [{'from': 17, 'length': 8, 'type': 'strong'}]}, 'sender': {'user_id': 210669020, 'first_name': 'DASHA_TOKEN_BOT', 'username': 'id575104156000_bot', 'is_bot': True, 'last_activity_time': 1772723683782, 'name': 'DASHA_TOKEN_BOT'}}, 'timestamp': 1772723683353, 'user_locale': 'ru', 'update_type': 'message_callback'}
clb

2026-03-05 18:14:43
23645861
edt

2026-03-05 18:14:44
{'callback': {'timestamp': 1772723684003, 'callback_id': 'f9LHodD0cOL2VqNcgNXGfev22MTL7BOr_GIfcjK5iVC72_zWDnQFAX-39StNkRF-hlKxjs9tN8v-bpqVOobIRpfjmoPwRZQI8JJGeaYtPoF-XAndsA_P', 'user': {'user_id': 23645861, 'first_name': 'Дмитрий', 'last_name': 'Марков', 'is_bot': False, 'last_activity_time': 1772723677000, 'name': 'Дмитрий Марков'}, 'payload': 'KBRD.0'}, 'message': {'recipient': {'chat_id': 233194361, 'chat_type': 'dialog', 'user_id': 23645861}, 'timestamp': 1772723663685, 'body': {'mid': 'mid.000000000de64379019cbe9073454981', 'seq': 116177218023278977, 'text': 'Введите ПИН-код:  * * _ _', 'attachments': [{'callback_id': 'f9LHodD0cOKjiSmFHuLny6Tn4H85bxmuY6egAXKiD9cLFPmGRopWwrcoHbTTDB4xIT5wttj5IHAIicAPcUOFWpfxDXIv_5J2pVyFI3yeRqMA4TYvVdoN', 'payload': {'buttons': [[{'payload': 'KBRD.7', 'text': '7', 'intent': 'default', 'type': 'callback'}, {'payload': 'KBRD.8', 'text': '8', 'intent': 'default', 'type': 'callback'}, {'payload': 'KBRD.9', 'text': '9', 'intent': 'default', 'type': 'callback'}], [{'payload': 'KBRD.4', 'text': '4', 'intent': 'default', 'type': 'callback'}, {'payload': 'KBRD.5', 'text': '5', 'intent': 'default', 'type': 'callback'}, {'payload': 'KBRD.6', 'text': '6', 'intent': 'default', 'type': 'callback'}], [{'payload': 'KBRD.3', 'text': '3', 'intent': 'default', 'type': 'callback'}, {'payload': 'KBRD.2', 'text': '2', 'intent': 'default', 'type': 'callback'}, {'payload': 'KBRD.1', 'text': '1', 'intent': 'default', 'type': 'callback'}], [{'payload': 'KBRD.0', 'text': '0', 'intent': 'default', 'type': 'callback'}, {'payload': 'KBRD.Cancel', 'text': 'Сброс', 'intent': 'default', 'type': 'callback'}], [{'payload': 'RecoveryAuthorization', 'text': 'Восстановление доступа', 'intent': 'default', 'type': 'callback'}]]}, 'type': 'inline_keyboard'}], 'markup': [{'from': 17, 'length': 8, 'type': 'strong'}]}, 'sender': {'user_id': 210669020, 'first_name': 'DASHA_TOKEN_BOT', 'username': 'id575104156000_bot', 'is_bot': True, 'last_activity_time': 1772723684791, 'name': 'DASHA_TOKEN_BOT'}}, 'timestamp': 1772723684003, 'user_locale': 'ru', 'update_type': 'message_callback'}
clb

2026-03-05 18:14:45
23645861
edt

2026-03-05 18:14:45
{'callback': {'timestamp': 1772723684779, 'callback_id': 'f9LHodD0cOIr2a2HiUGstVZRQJPne-LK7B8a082sFqzJNorAvb72BT2r_B9vU6QObSFfLcxP8oGpZXWusbZuCHDU6cgDfZNW1Zik7HpW254-1JfxkAtl', 'user': {'user_id': 23645861, 'first_name': 'Дмитрий', 'last_name': 'Марков', 'is_bot': False, 'last_activity_time': 1772723677000, 'name': 'Дмитрий Марков'}, 'payload': 'KBRD.0'}, 'message': {'recipient': {'chat_id': 233194361, 'chat_type': 'dialog', 'user_id': 23645861}, 'timestamp': 1772723663685, 'body': {'mid': 'mid.000000000de64379019cbe9073454981', 'seq': 116177218023278977, 'text': 'Введите ПИН-код:  * * _ _', 'attachments': [{'callback_id': 'f9LHodD0cOLFnJEbDPRt6dRGq6cw5YHpyhYbPMwuRZ-kYDoABj9-Qt1sdm3iWzBvjN09hb7r_H-Gtow8vO4fZy66exHztil7KwQivGstG2xeVPGyVBP_', 'payload': {'buttons': [[{'payload': 'KBRD.7', 'text': '7', 'intent': 'default', 'type': 'callback'}, {'payload': 'KBRD.8', 'text': '8', 'intent': 'default', 'type': 'callback'}, {'payload': 'KBRD.9', 'text': '9', 'intent': 'default', 'type': 'callback'}], [{'payload': 'KBRD.4', 'text': '4', 'intent': 'default', 'type': 'callback'}, {'payload': 'KBRD.5', 'text': '5', 'intent': 'default', 'type': 'callback'}, {'payload': 'KBRD.6', 'text': '6', 'intent': 'default', 'type': 'callback'}], [{'payload': 'KBRD.3', 'text': '3', 'intent': 'default', 'type': 'callback'}, {'payload': 'KBRD.2', 'text': '2', 'intent': 'default', 'type': 'callback'}, {'payload': 'KBRD.1', 'text': '1', 'intent': 'default', 'type': 'callback'}], [{'payload': 'KBRD.0', 'text': '0', 'intent': 'default', 'type': 'callback'}, {'payload': 'KBRD.Cancel', 'text': 'Сброс', 'intent': 'default', 'type': 'callback'}], [{'payload': 'RecoveryAuthorization', 'text': 'Восстановление доступа', 'intent': 'default', 'type': 'callback'}]]}, 'type': 'inline_keyboard'}], 'markup': [{'from': 17, 'length': 8, 'type': 'strong'}]}, 'sender': {'user_id': 210669020, 'first_name': 'DASHA_TOKEN_BOT', 'username': 'id575104156000_bot', 'is_bot': True, 'last_activity_time': 1772723684792, 'name': 'DASHA_TOKEN_BOT'}}, 'timestamp': 1772723684779, 'user_locale': 'ru', 'update_type': 'message_callback'}
clb

2026-03-05 18:14:45
23645861
edt

2026-03-05 18:14:46
mid.000000000de64379019cbe90cea20959
snd

2026-03-05 18:14:47
mid.000000000de64379019cbe9073454981
del

2026-03-05 18:14:48
mid.000000000de64379019cbe90766f1aca
del

2026-03-05 18:14:48
mid.000000000de64379019cbe9007242b1f
del

2026-03-05 18:14:49
mid.000000000de64379019cbe90d911219e
snd

2026-03-05 18:14:50
mid.000000000de64379019cbe90cea20959
del

2026-03-05 18:17:54
mid.000000000de64379019cbe93aaf70959
snd

2026-03-05 18:17:55
mid.000000000de64379019cbe90d911219e
del

2026-03-05 18:17:55
mid.000000000de64379019cbe93b1ee6b62
snd

2026-03-05 18:17:56
mid.000000000de64379019cbe93aaf70959
del

2026-03-05 20:19:02
mid.000000000de64379019cbf02935361b9
snd

2026-03-05 20:19:06
mid.000000000de64379019cbe93b1ee6b62
del

2026-03-05 20:38:17
{'callback': {'timestamp': 1772732201493, 'callback_id': 'f9LHodD0cOIhJDldWd6iqIeoa2J56xQeC19cstHovStkWHdNkW9RkpWagONhO3fEskyeKAg8hi6LXnayrCvr6vY0aIs9Kp4I4b997dYjUKbp24Yc-IZn', 'user': {'user_id': 23645861, 'first_name': 'Дмитрий', 'last_name': 'Марков', 'is_bot': False, 'last_activity_time': 1772732256000, 'name': 'Дмитрий Марков'}, 'payload': 'Start'}, 'message': {'recipient': {'chat_id': 233194361, 'chat_type': 'dialog', 'user_id': 23645861}, 'timestamp': 1772731142995, 'body': {'mid': 'mid.000000000de64379019cbf02935361b9', 'seq': 116177708187345337, 'text': 'Бот-генератор токенов доступа v.1.2.', 'attachments': [{'callback_id': 'f9LHodD0cOIUx6jV1m7pB3XI6gkoZGg7K2v0VpYgcOyCo2n_17cIdt8zq6UAXUZPx2XPAOgWq2F8CGeiFWJTU9HsQAKtX0mTWBbuaYb9FtqWSkvMJCF7', 'payload': {'buttons': [[{'payload': 'Start', 'text': 'Начать', 'intent': 'default', 'type': 'callback'}]]}, 'type': 'inline_keyboard'}]}, 'sender': {'user_id': 210669020, 'first_name': 'DASHA_TOKEN_BOT', 'username': 'id575104156000_bot', 'is_bot': True, 'last_activity_time': 1772732298296, 'name': 'DASHA_TOKEN_BOT'}}, 'timestamp': 1772732201493, 'user_locale': 'ru', 'update_type': 'message_callback'}
clb

2026-03-05 20:38:18
mid.000000000de64379019cbf02935361b9
del

2026-03-05 20:38:18
mid.000000000de64379019cbf1438620961
snd

2026-03-05 20:38:19
mid.000000000de64379019cbf143bdc2695
snd

2026-03-05 20:38:19
{'callback': {'timestamp': 1772732240603, 'callback_id': 'f9LHodD0cOJJx7rFjhodclIpgGAlmJDCZAD4yuFELtUBjXVWUI7HnaMol_kqepOXV3ldyzQwzl3NWxgZ6CyvSqa53FaY8SwjBVqV9Mz2BKL7-T0mzvm4', 'user': {'user_id': 23645861, 'first_name': 'Дмитрий', 'last_name': 'Марков', 'is_bot': False, 'last_activity_time': 1772732256000, 'name': 'Дмитрий Марков'}, 'payload': 'Start'}, 'message': {'recipient': {'chat_id': 233194361, 'chat_type': 'dialog', 'user_id': 23645861}, 'timestamp': 1772731142995, 'body': {'mid': 'mid.000000000de64379019cbf02935361b9', 'seq': 116177708187345337, 'text': 'Бот-генератор токенов доступа v.1.2.', 'attachments': [{'callback_id': 'f9LHodD0cOIapCOQoMvwNczxnzBskr9GxvIUGYfOotK4KCUWxHfj1qqyJLqN3oZRKXRL9OnxiyYYtbyHTGlbl4P1DwHifqX5JgZQir8M3LzDQue-Yv-3', 'payload': {'buttons': [[{'payload': 'Start', 'text': 'Начать', 'intent': 'default', 'type': 'callback'}]]}, 'type': 'inline_keyboard'}]}, 'sender': {'user_id': 210669020, 'first_name': 'DASHA_TOKEN_BOT', 'username': 'id575104156000_bot', 'is_bot': True, 'last_activity_time': 1772732298296, 'name': 'DASHA_TOKEN_BOT'}}, 'timestamp': 1772732240603, 'user_locale': 'ru', 'update_type': 'message_callback'}
clb

2026-03-05 20:38:20
mid.000000000de64379019cbf143e690959
snd

2026-03-05 20:38:21
mid.000000000de64379019cbf143bdc2695
del

2026-03-05 20:38:21
mid.000000000de64379019cbf1438620961
del

2026-03-05 20:38:22
mid.000000000de64379019cbf1446696aa5
snd

2026-03-05 20:38:23
mid.000000000de64379019cbf143e690959
del

2026-03-05 20:38:43
{'callback': {'timestamp': 1772732323542, 'callback_id': 'f9LHodD0cOI-0u-H6kobWn3Pd91Brdymvmzi_0PlqzzQfQFCGhBNF6doHpdW7bORzLN6aTbwKGgRoKZkS0i25UABiQIMufKNCacw3ZXhQfx_et6f08H-', 'user': {'user_id': 23645861, 'first_name': 'Дмитрий', 'last_name': 'Марков', 'is_bot': False, 'last_activity_time': 1772732316000, 'name': 'Дмитрий Марков'}, 'payload': 'Start'}, 'message': {'recipient': {'chat_id': 233194361, 'chat_type': 'dialog', 'user_id': 23645861}, 'timestamp': 1772731142995, 'body': {'mid': 'mid.000000000de64379019cbf02935361b9', 'seq': 116177708187345337, 'text': 'Бот-генератор токенов доступа v.1.2.', 'attachments': [{'callback_id': 'f9LHodD0cOKkocwofFNQaO3BpKFkIFbqrX1-kEElrEHhMhY96fJAEINML54JqmbuUrqw1y6-zYJgYx8X217azeDiYuCtNKddfYV0bQCgABXqUE6_jnuf', 'payload': {'buttons': [[{'payload': 'Start', 'text': 'Начать', 'intent': 'default', 'type': 'callback'}]]}, 'type': 'inline_keyboard'}]}, 'sender': {'user_id': 210669020, 'first_name': 'DASHA_TOKEN_BOT', 'username': 'id575104156000_bot', 'is_bot': True, 'last_activity_time': 1772732323468, 'name': 'DASHA_TOKEN_BOT'}}, 'timestamp': 1772732323542, 'user_locale': 'ru', 'update_type': 'message_callback'}
clb

2026-03-05 20:38:43
mid.000000000de64379019cbf1446696aa5
del

2026-03-05 20:38:44
mid.000000000de64379019cbf149c6547fa
snd

2026-03-05 20:38:45
mid.000000000de64379019cbf14a1871131
snd

2026-03-05 20:39:08
{'callback': {'timestamp': 1772732348773, 'callback_id': 'f9LHodD0cOLNVAZt1RIgo4-juJmZK8NsNK4s_4maGadvwb5SB4maLlzdofLJ2NzGdNmiM1YocnJnq0-UqfawABrz4ywZbvyhC6xAy7dKJtGWySLl5CAs', 'user': {'user_id': 23645861, 'first_name': 'Дмитрий', 'last_name': 'Марков', 'is_bot': False, 'last_activity_time': 1772732336000, 'name': 'Дмитрий Марков'}, 'payload': 'KBRD.9'}, 'message': {'recipient': {'chat_id': 233194361, 'chat_type': 'dialog', 'user_id': 23645861}, 'timestamp': 1772732326279, 'body': {'mid': 'mid.000000000de64379019cbf14a1871131', 'seq': 116177785735024945, 'text': 'Введите код доступа:%0A _ _ _ _', 'attachments': [{'callback_id': 'f9LHodD0cOKqPc4bCkR4V95W7sw1jY9F2XJhijmG4bubjR2f9j4NdyUuwP092kBHWEsrfc9AWEnkl4uC5l5moByY-BOdvwm7u1aZlbVOTx2crOONsdRe', 'payload': {'buttons': [[{'payload': 'KBRD.7', 'text': '7', 'intent': 'default', 'type': 'callback'}, {'payload': 'KBRD.8', 'text': '8', 'intent': 'default', 'type': 'callback'}, {'payload': 'KBRD.9', 'text': '9', 'intent': 'default', 'type': 'callback'}], [{'payload': 'KBRD.4', 'text': '4', 'intent': 'default', 'type': 'callback'}, {'payload': 'KBRD.5', 'text': '5', 'intent': 'default', 'type': 'callback'}, {'payload': 'KBRD.6', 'text': '6', 'intent': 'default', 'type': 'callback'}], [{'payload': 'KBRD.3', 'text': '3', 'intent': 'default', 'type': 'callback'}, {'payload': 'KBRD.2', 'text': '2', 'intent': 'default', 'type': 'callback'}, {'payload': 'KBRD.1', 'text': '1', 'intent': 'default', 'type': 'callback'}], [{'payload': 'KBRD.0', 'text': '0', 'intent': 'default', 'type': 'callback'}, {'payload': 'KBRD.Cancel', 'text': 'Сброс', 'intent': 'default', 'type': 'callback'}], [{'payload': 'RecoveryAuthorization', 'text': 'Восстановление доступа', 'intent': 'default', 'type': 'callback'}]]}, 'type': 'inline_keyboard'}], 'markup': [{'from': 23, 'length': 8, 'type': 'strong'}]}, 'sender': {'user_id': 210669020, 'first_name': 'DASHA_TOKEN_BOT', 'username': 'id575104156000_bot', 'is_bot': True, 'last_activity_time': 1772732348687, 'name': 'DASHA_TOKEN_BOT'}}, 'timestamp': 1772732348773, 'user_locale': 'ru', 'update_type': 'message_callback'}
clb

2026-03-05 20:39:09
23645861
edt

2026-03-05 20:39:10
{'callback': {'timestamp': 1772732351009, 'callback_id': 'f9LHodD0cOIvcjVRKKPpamoVHR7iCVhLj7TJVDK4gut4JUJvweUGk8X5E1VmF7ayXeNcfeQqEccbzVSYQ2MR1fmZYvVbQT-OGZ-h37OdH6l2OIuvBGKS', 'user': {'user_id': 23645861, 'first_name': 'Дмитрий', 'last_name': 'Марков', 'is_bot': False, 'last_activity_time': 1772732336000, 'name': 'Дмитрий Марков'}, 'payload': 'KBRD.6'}, 'message': {'recipient': {'chat_id': 233194361, 'chat_type': 'dialog', 'user_id': 23645861}, 'timestamp': 1772732326279, 'body': {'mid': 'mid.000000000de64379019cbf14a1871131', 'seq': 116177785735024945, 'text': 'Введите код доступа:%0A * _ _ _', 'attachments': [{'callback_id': 'f9LHodD0cOJrFBb12Vkq1kPsOy_KIGCxv6hqGkVtTRbBt2GBhp99R3cdcIABiLkyxSMKbIPu75qHXU1RkAHC-TWOpK7zlYzuJn0sSOty6lzYH3iMRaZY', 'payload': {'buttons': [[{'payload': 'KBRD.7', 'text': '7', 'intent': 'default', 'type': 'callback'}, {'payload': 'KBRD.8', 'text': '8', 'intent': 'default', 'type': 'callback'}, {'payload': 'KBRD.9', 'text': '9', 'intent': 'default', 'type': 'callback'}], [{'payload': 'KBRD.4', 'text': '4', 'intent': 'default', 'type': 'callback'}, {'payload': 'KBRD.5', 'text': '5', 'intent': 'default', 'type': 'callback'}, {'payload': 'KBRD.6', 'text': '6', 'intent': 'default', 'type': 'callback'}], [{'payload': 'KBRD.3', 'text': '3', 'intent': 'default', 'type': 'callback'}, {'payload': 'KBRD.2', 'text': '2', 'intent': 'default', 'type': 'callback'}, {'payload': 'KBRD.1', 'text': '1', 'intent': 'default', 'type': 'callback'}], [{'payload': 'KBRD.0', 'text': '0', 'intent': 'default', 'type': 'callback'}, {'payload': 'KBRD.Cancel', 'text': 'Сброс', 'intent': 'default', 'type': 'callback'}], [{'payload': 'RecoveryAuthorization', 'text': 'Восстановление доступа', 'intent': 'default', 'type': 'callback'}]]}, 'type': 'inline_keyboard'}], 'markup': [{'from': 23, 'length': 8, 'type': 'strong'}]}, 'sender': {'user_id': 210669020, 'first_name': 'DASHA_TOKEN_BOT', 'username': 'id575104156000_bot', 'is_bot': True, 'last_activity_time': 1772732350949, 'name': 'DASHA_TOKEN_BOT'}}, 'timestamp': 1772732351009, 'user_locale': 'ru', 'update_type': 'message_callback'}
clb

2026-03-05 20:39:11
23645861
edt

2026-03-05 20:41:21
{'callback': {'timestamp': 1772732481478, 'callback_id': 'f9LHodD0cOIpjUNonuf5rOxs4Vci6OjCDEiWtlIevpZJLk3an6bgSqzyCNwkxV097pDVL1H5056eoUuycVzH3gU_6l74TNdBcCtk5oMN9uFIMUEntjSG', 'user': {'user_id': 23645861, 'first_name': 'Дмитрий', 'last_name': 'Марков', 'is_bot': False, 'last_activity_time': 1772732478000, 'name': 'Дмитрий Марков'}, 'payload': 'KBRD.2'}, 'message': {'recipient': {'chat_id': 233194361, 'chat_type': 'dialog', 'user_id': 23645861}, 'timestamp': 1772732326279, 'body': {'mid': 'mid.000000000de64379019cbf14a1871131', 'seq': 116177785735024945, 'text': 'Введите код доступа:%0A * * _ _', 'attachments': [{'callback_id': 'f9LHodD0cOIaOiLyPpPevH6fl9wCtHDPzWjpdN56mCld6Li37VdaDm7dVaNVcGCTS1yiQ7cC_1sgOGWQpX3ee7WKD0bsXWB83YRlpWAVRqbMAdu2NWsW', 'payload': {'buttons': [[{'payload': 'KBRD.7', 'text': '7', 'intent': 'default', 'type': 'callback'}, {'payload': 'KBRD.8', 'text': '8', 'intent': 'default', 'type': 'callback'}, {'payload': 'KBRD.9', 'text': '9', 'intent': 'default', 'type': 'callback'}], [{'payload': 'KBRD.4', 'text': '4', 'intent': 'default', 'type': 'callback'}, {'payload': 'KBRD.5', 'text': '5', 'intent': 'default', 'type': 'callback'}, {'payload': 'KBRD.6', 'text': '6', 'intent': 'default', 'type': 'callback'}], [{'payload': 'KBRD.3', 'text': '3', 'intent': 'default', 'type': 'callback'}, {'payload': 'KBRD.2', 'text': '2', 'intent': 'default', 'type': 'callback'}, {'payload': 'KBRD.1', 'text': '1', 'intent': 'default', 'type': 'callback'}], [{'payload': 'KBRD.0', 'text': '0', 'intent': 'default', 'type': 'callback'}, {'payload': 'KBRD.Cancel', 'text': 'Сброс', 'intent': 'default', 'type': 'callback'}], [{'payload': 'RecoveryAuthorization', 'text': 'Восстановление доступа', 'intent': 'default', 'type': 'callback'}]]}, 'type': 'inline_keyboard'}], 'markup': [{'from': 23, 'length': 8, 'type': 'strong'}]}, 'sender': {'user_id': 210669020, 'first_name': 'DASHA_TOKEN_BOT', 'username': 'id575104156000_bot', 'is_bot': True, 'last_activity_time': 1772732481385, 'name': 'DASHA_TOKEN_BOT'}}, 'timestamp': 1772732481478, 'user_locale': 'ru', 'update_type': 'message_callback'}
clb

2026-03-05 20:41:21
mid.000000000de64379019cbf14a1871131
del

2026-03-05 20:41:22
mid.000000000de64379019cbf149c6547fa
del

2026-03-05 20:41:23
mid.000000000de64379019cbf17095e41c2
snd

2026-03-05 20:41:27
{'callback': {'timestamp': 1772732488037, 'callback_id': 'f9LHodD0cOJpBvWDclbsSoJSv2YKqk31laCajd7Tl5noNKSRDwn3pOMWM2D28IEwUXyvgfOkx5Qh4fmVANBavxrtgE4i1wzg3h8l-N6KcQoYt9IUkm1D', 'user': {'user_id': 23645861, 'first_name': 'Дмитрий', 'last_name': 'Марков', 'is_bot': False, 'last_activity_time': 1772732478000, 'name': 'Дмитрий Марков'}, 'payload': 'Authorization'}, 'message': {'recipient': {'chat_id': 233194361, 'chat_type': 'dialog', 'user_id': 23645861}, 'timestamp': 1772732483934, 'body': {'mid': 'mid.000000000de64379019cbf17095e41c2', 'seq': 116177796067115458, 'text': 'Текст для RequiredAuthorization не найден', 'attachments': [{'callback_id': 'f9LHodD0cOJ6Fz14VwgzmyT0ErclGKNkW6V0SZ7G1BIN9rCmsRj3IvJR24CUEltc1p0WX1G32yyVA7rSDyfxtV10t-Z-fzX8Akyr5i0E9hNP2X-TZldX', 'payload': {'buttons': [[{'payload': 'Authorization', 'text': 'Авторизоваться', 'intent': 'default', 'type': 'callback'}]]}, 'type': 'inline_keyboard'}], 'markup': [{'from': 10, 'length': 21, 'type': 'strong'}]}, 'sender': {'user_id': 210669020, 'first_name': 'DASHA_TOKEN_BOT', 'username': 'id575104156000_bot', 'is_bot': True, 'last_activity_time': 1772732487956, 'name': 'DASHA_TOKEN_BOT'}}, 'timestamp': 1772732488037, 'user_locale': 'ru', 'update_type': 'message_callback'}
clb

2026-03-05 20:41:28
mid.000000000de64379019cbf171bcc0959
snd

2026-03-05 20:41:28
mid.000000000de64379019cbf17095e41c2
del

2026-03-05 20:41:29
mid.000000000de64379019cbf17213b71ec
snd

2026-03-05 20:41:31
mid.000000000de64379019cbf17275c0ec4
snd

2026-03-05 20:41:32
mid.000000000de64379019cbf171bcc0959
del

2026-03-05 20:41:55
{'callback': {'timestamp': 1772732516319, 'callback_id': 'f9LHodD0cOJdwSmJnGqjDslG9BNlmPFWCjzJRhUyV-_CAh9JTFX-grvHkjvyiAvEuiqM3VLgQknigEFU_fRPY0UpeFeRSdhzOF4BHYeYXBFy7SBo8oCl', 'user': {'user_id': 23645861, 'first_name': 'Дмитрий', 'last_name': 'Марков', 'is_bot': False, 'last_activity_time': 1772732505000, 'name': 'Дмитрий Марков'}, 'payload': 'KBRD.0'}, 'message': {'recipient': {'chat_id': 233194361, 'chat_type': 'dialog', 'user_id': 23645861}, 'timestamp': 1772732491612, 'body': {'mid': 'mid.000000000de64379019cbf17275c0ec4', 'seq': 116177796570287812, 'text': 'Введите код доступа: _ _ _ _', 'attachments': [{'callback_id': 'f9LHodD0cOJueoOkaxkHx2ifPBSmpPi17zFKkGdKJwTyghbEsLAyZqjZEmg7_xvufyq2fYQp5F8jity9F1GcxHnT5vAQT_scB8knbuloR0GpuvzVEBOr', 'payload': {'buttons': [[{'payload': 'KBRD.7', 'text': '7', 'intent': 'default', 'type': 'callback'}, {'payload': 'KBRD.8', 'text': '8', 'intent': 'default', 'type': 'callback'}, {'payload': 'KBRD.9', 'text': '9', 'intent': 'default', 'type': 'callback'}], [{'payload': 'KBRD.4', 'text': '4', 'intent': 'default', 'type': 'callback'}, {'payload': 'KBRD.5', 'text': '5', 'intent': 'default', 'type': 'callback'}, {'payload': 'KBRD.6', 'text': '6', 'intent': 'default', 'type': 'callback'}], [{'payload': 'KBRD.3', 'text': '3', 'intent': 'default', 'type': 'callback'}, {'payload': 'KBRD.2', 'text': '2', 'intent': 'default', 'type': 'callback'}, {'payload': 'KBRD.1', 'text': '1', 'intent': 'default', 'type': 'callback'}], [{'payload': 'KBRD.0', 'text': '0', 'intent': 'default', 'type': 'callback'}, {'payload': 'KBRD.Cancel', 'text': 'Сброс', 'intent': 'default', 'type': 'callback'}], [{'payload': 'RecoveryAuthorization', 'text': 'Восстановление доступа', 'intent': 'default', 'type': 'callback'}]]}, 'type': 'inline_keyboard'}], 'markup': [{'from': 20, 'length': 8, 'type': 'strong'}]}, 'sender': {'user_id': 210669020, 'first_name': 'DASHA_TOKEN_BOT', 'username': 'id575104156000_bot', 'is_bot': True, 'last_activity_time': 1772732516257, 'name': 'DASHA_TOKEN_BOT'}}, 'timestamp': 1772732516319, 'user_locale': 'ru', 'update_type': 'message_callback'}
clb

2026-03-05 20:41:56
23645861
edt

2026-03-05 20:42:00
{'callback': {'timestamp': 1772732520685, 'callback_id': 'f9LHodD0cOITtR-2BUGVY4zXVRIrJBIL76WIu6OgwxNl2K9mE2xfdcE3eqBtT6GgqeeztBJmqhQVvSYntnqcXigSzhrfIOw-BfgIJ1zh9QyQUiCNnhrh', 'user': {'user_id': 23645861, 'first_name': 'Дмитрий', 'last_name': 'Марков', 'is_bot': False, 'last_activity_time': 1772732505000, 'name': 'Дмитрий Марков'}, 'payload': 'KBRD.0'}, 'message': {'recipient': {'chat_id': 233194361, 'chat_type': 'dialog', 'user_id': 23645861}, 'timestamp': 1772732491612, 'body': {'mid': 'mid.000000000de64379019cbf17275c0ec4', 'seq': 116177796570287812, 'text': 'Введите код доступа: * _ _ _', 'attachments': [{'callback_id': 'f9LHodD0cOJBjj9tKPVs9oPBUgKY9CYrFSaNWG4PM4Zu3xpeA9L3QlJhk0MhubTYk9HnwBDB5OZL-9C6ggn9wLO7ivKxYqySWBSdx19cCaD27j6PD8qE', 'payload': {'buttons': [[{'payload': 'KBRD.7', 'text': '7', 'intent': 'default', 'type': 'callback'}, {'payload': 'KBRD.8', 'text': '8', 'intent': 'default', 'type': 'callback'}, {'payload': 'KBRD.9', 'text': '9', 'intent': 'default', 'type': 'callback'}], [{'payload': 'KBRD.4', 'text': '4', 'intent': 'default', 'type': 'callback'}, {'payload': 'KBRD.5', 'text': '5', 'intent': 'default', 'type': 'callback'}, {'payload': 'KBRD.6', 'text': '6', 'intent': 'default', 'type': 'callback'}], [{'payload': 'KBRD.3', 'text': '3', 'intent': 'default', 'type': 'callback'}, {'payload': 'KBRD.2', 'text': '2', 'intent': 'default', 'type': 'callback'}, {'payload': 'KBRD.1', 'text': '1', 'intent': 'default', 'type': 'callback'}], [{'payload': 'KBRD.0', 'text': '0', 'intent': 'default', 'type': 'callback'}, {'payload': 'KBRD.Cancel', 'text': 'Сброс', 'intent': 'default', 'type': 'callback'}], [{'payload': 'RecoveryAuthorization', 'text': 'Восстановление доступа', 'intent': 'default', 'type': 'callback'}]]}, 'type': 'inline_keyboard'}], 'markup': [{'from': 20, 'length': 8, 'type': 'strong'}]}, 'sender': {'user_id': 210669020, 'first_name': 'DASHA_TOKEN_BOT', 'username': 'id575104156000_bot', 'is_bot': True, 'last_activity_time': 1772732520585, 'name': 'DASHA_TOKEN_BOT'}}, 'timestamp': 1772732520685, 'user_locale': 'ru', 'update_type': 'message_callback'}
clb

2026-03-05 20:42:00
23645861
edt

2026-03-05 20:42:02
{'callback': {'timestamp': 1772732522573, 'callback_id': 'f9LHodD0cOIE5HXw11V4kacY52f8UItvn06YZ3cdh0C65DoL4n3QP-Qsoz-tOJ3FNLv1kMF8JyxtsL60YZ_6sQdOCWRCtF7_2Zbyrs6Ye0Ns1j8zpyE4', 'user': {'user_id': 23645861, 'first_name': 'Дмитрий', 'last_name': 'Марков', 'is_bot': False, 'last_activity_time': 1772732505000, 'name': 'Дмитрий Марков'}, 'payload': 'KBRD.0'}, 'message': {'recipient': {'chat_id': 233194361, 'chat_type': 'dialog', 'user_id': 23645861}, 'timestamp': 1772732491612, 'body': {'mid': 'mid.000000000de64379019cbf17275c0ec4', 'seq': 116177796570287812, 'text': 'Введите код доступа: * * _ _', 'attachments': [{'callback_id': 'f9LHodD0cOLWyHaNJAoRoS5OMX7CNoaRz4ZqgI2cTmRgtxPRydvU6wJ668P2su0eCy2-Al0dvNUzI2TiaYL5kuXyKNWn2VOeisZH8Pfm1rH5EktP2vZz', 'payload': {'buttons': [[{'payload': 'KBRD.7', 'text': '7', 'intent': 'default', 'type': 'callback'}, {'payload': 'KBRD.8', 'text': '8', 'intent': 'default', 'type': 'callback'}, {'payload': 'KBRD.9', 'text': '9', 'intent': 'default', 'type': 'callback'}], [{'payload': 'KBRD.4', 'text': '4', 'intent': 'default', 'type': 'callback'}, {'payload': 'KBRD.5', 'text': '5', 'intent': 'default', 'type': 'callback'}, {'payload': 'KBRD.6', 'text': '6', 'intent': 'default', 'type': 'callback'}], [{'payload': 'KBRD.3', 'text': '3', 'intent': 'default', 'type': 'callback'}, {'payload': 'KBRD.2', 'text': '2', 'intent': 'default', 'type': 'callback'}, {'payload': 'KBRD.1', 'text': '1', 'intent': 'default', 'type': 'callback'}], [{'payload': 'KBRD.0', 'text': '0', 'intent': 'default', 'type': 'callback'}, {'payload': 'KBRD.Cancel', 'text': 'Сброс', 'intent': 'default', 'type': 'callback'}], [{'payload': 'RecoveryAuthorization', 'text': 'Восстановление доступа', 'intent': 'default', 'type': 'callback'}]]}, 'type': 'inline_keyboard'}], 'markup': [{'from': 20, 'length': 8, 'type': 'strong'}]}, 'sender': {'user_id': 210669020, 'first_name': 'DASHA_TOKEN_BOT', 'username': 'id575104156000_bot', 'is_bot': True, 'last_activity_time': 1772732522473, 'name': 'DASHA_TOKEN_BOT'}}, 'timestamp': 1772732522573, 'user_locale': 'ru', 'update_type': 'message_callback'}
clb

2026-03-05 20:42:02
23645861
edt

2026-03-05 20:42:03
{'callback': {'timestamp': 1772732524434, 'callback_id': 'f9LHodD0cOJimWNTiytqNdeb2Fm1EyoSkJTlvcW1UptXFT9XPyaV5C_emkj56brGupwSoTGW5VUZ92Ske-9xH0OiDNWUwI_aefhpcnSDzGaUJmAqWhQC', 'user': {'user_id': 23645861, 'first_name': 'Дмитрий', 'last_name': 'Марков', 'is_bot': False, 'last_activity_time': 1772732505000, 'name': 'Дмитрий Марков'}, 'payload': 'KBRD.6'}, 'message': {'recipient': {'chat_id': 233194361, 'chat_type': 'dialog', 'user_id': 23645861}, 'timestamp': 1772732491612, 'body': {'mid': 'mid.000000000de64379019cbf17275c0ec4', 'seq': 116177796570287812, 'text': 'Введите код доступа: * * * _', 'attachments': [{'callback_id': 'f9LHodD0cOLwcDWATnUFtuc9nKgsk4sjcyQ1377jeVIuFjJi8zIadTK7x_LH-lu9iyaLN3kP3TYNKkEoM_BfHPh2NbmOpP7dpIrp2kLpxV5OSdv0om58', 'payload': {'buttons': [[{'payload': 'KBRD.7', 'text': '7', 'intent': 'default', 'type': 'callback'}, {'payload': 'KBRD.8', 'text': '8', 'intent': 'default', 'type': 'callback'}, {'payload': 'KBRD.9', 'text': '9', 'intent': 'default', 'type': 'callback'}], [{'payload': 'KBRD.4', 'text': '4', 'intent': 'default', 'type': 'callback'}, {'payload': 'KBRD.5', 'text': '5', 'intent': 'default', 'type': 'callback'}, {'payload': 'KBRD.6', 'text': '6', 'intent': 'default', 'type': 'callback'}], [{'payload': 'KBRD.3', 'text': '3', 'intent': 'default', 'type': 'callback'}, {'payload': 'KBRD.2', 'text': '2', 'intent': 'default', 'type': 'callback'}, {'payload': 'KBRD.1', 'text': '1', 'intent': 'default', 'type': 'callback'}], [{'payload': 'KBRD.0', 'text': '0', 'intent': 'default', 'type': 'callback'}, {'payload': 'KBRD.Cancel', 'text': 'Сброс', 'intent': 'default', 'type': 'callback'}], [{'payload': 'RecoveryAuthorization', 'text': 'Восстановление доступа', 'intent': 'default', 'type': 'callback'}]]}, 'type': 'inline_keyboard'}], 'markup': [{'from': 20, 'length': 8, 'type': 'strong'}]}, 'sender': {'user_id': 210669020, 'first_name': 'DASHA_TOKEN_BOT', 'username': 'id575104156000_bot', 'is_bot': True, 'last_activity_time': 1772732524358, 'name': 'DASHA_TOKEN_BOT'}}, 'timestamp': 1772732524434, 'user_locale': 'ru', 'update_type': 'message_callback'}
clb

2026-03-05 20:42:04
23645861
edt

2026-03-05 20:42:05
mid.000000000de64379019cbf17ac630959
snd

2026-03-05 20:42:06
mid.000000000de64379019cbf17275c0ec4
del

2026-03-05 20:42:07
mid.000000000de64379019cbf17b57b003c
snd

2026-03-05 20:42:08
mid.000000000de64379019cbf17b7aa1aca
snd

2026-03-05 20:42:09
mid.000000000de64379019cbf17ac630959
del

2026-03-05 20:45:05
{'callback': {'timestamp': 1772732705626, 'callback_id': 'f9LHodD0cOJTFB6f8687tu1uK3f8LK4G5yVDlhsREsQki5ZhR8-Pf_YZNRkbknqp7mfdWbX6Bqaws1rxufuvHN0YwNbTM692gnG4zx_e7IylUH8bKOxH', 'user': {'user_id': 23645861, 'first_name': 'Дмитрий', 'last_name': 'Марков', 'is_bot': False, 'last_activity_time': 1772732704000, 'name': 'Дмитрий Марков'}, 'payload': 'KBRD.4'}, 'message': {'recipient': {'chat_id': 233194361, 'chat_type': 'dialog', 'user_id': 23645861}, 'timestamp': 1772732527995, 'body': {'mid': 'mid.000000000de64379019cbf17b57b003c', 'seq': 116177798954680380, 'text': 'Введите код доступа: _ _ _ _', 'attachments': [{'callback_id': 'f9LHodD0cOKJyg4uwa7j3ME9AJZ-Mv7DsjOoI9ue_eRwr2RFpMOuaKHB6KOx1mtZ33j-0-rJwhBGDS-9Ls-6Lw7Umy1kKUKTs9bDcSNnPVUFtjYZXEOX', 'payload': {'buttons': [[{'payload': 'KBRD.7', 'text': '7', 'intent': 'default', 'type': 'callback'}, {'payload': 'KBRD.8', 'text': '8', 'intent': 'default', 'type': 'callback'}, {'payload': 'KBRD.9', 'text': '9', 'intent': 'default', 'type': 'callback'}], [{'payload': 'KBRD.4', 'text': '4', 'intent': 'default', 'type': 'callback'}, {'payload': 'KBRD.5', 'text': '5', 'intent': 'default', 'type': 'callback'}, {'payload': 'KBRD.6', 'text': '6', 'intent': 'default', 'type': 'callback'}], [{'payload': 'KBRD.3', 'text': '3', 'intent': 'default', 'type': 'callback'}, {'payload': 'KBRD.2', 'text': '2', 'intent': 'default', 'type': 'callback'}, {'payload': 'KBRD.1', 'text': '1', 'intent': 'default', 'type': 'callback'}], [{'payload': 'KBRD.0', 'text': '0', 'intent': 'default', 'type': 'callback'}, {'payload': 'KBRD.Cancel', 'text': 'Сброс', 'intent': 'default', 'type': 'callback'}], [{'payload': 'RecoveryAuthorization', 'text': 'Восстановление доступа', 'intent': 'default', 'type': 'callback'}]]}, 'type': 'inline_keyboard'}], 'markup': [{'from': 20, 'length': 8, 'type': 'strong'}]}, 'sender': {'user_id': 210669020, 'first_name': 'DASHA_TOKEN_BOT', 'username': 'id575104156000_bot', 'is_bot': True, 'last_activity_time': 1772732705544, 'name': 'DASHA_TOKEN_BOT'}}, 'timestamp': 1772732705626, 'user_locale': 'ru', 'update_type': 'message_callback'}
clb

2026-03-05 20:45:05
mid.000000000de64379019cbf17b7aa1aca
del

2026-03-05 20:45:06
mid.000000000de64379019cbf17b57b003c
del

2026-03-05 20:45:07
mid.000000000de64379019cbf17213b71ec
del

2026-03-05 20:45:07
mid.000000000de64379019cbf1a762044f9
snd

2026-03-05 20:45:11
{'callback': {'timestamp': 1772732712483, 'callback_id': 'f9LHodD0cOK8fnD5mlJTXwzerLtAfNOHwkt3qtYWMMcfN6sDo1c77eCmXPM8Kf5hugEDDG6rVI4wt1dQXRTOfQkViZ9Zas7WYK6wh1xszfVRKb4hiz1U', 'user': {'user_id': 23645861, 'first_name': 'Дмитрий', 'last_name': 'Марков', 'is_bot': False, 'last_activity_time': 1772732707000, 'name': 'Дмитрий Марков'}, 'payload': 'Authorization'}, 'message': {'recipient': {'chat_id': 233194361, 'chat_type': 'dialog', 'user_id': 23645861}, 'timestamp': 1772732708384, 'body': {'mid': 'mid.000000000de64379019cbf1a762044f9', 'seq': 116177810776671481, 'text': 'Текст для RequiredAuthorization не найден', 'attachments': [{'callback_id': 'f9LHodD0cOKHa4ce8WI4-7XlqnE3wsrSNLiwBYDCfLvq1FiPiLXQ9hKCSGp6wySX6nzS5OZzFbtSsgRCcrySv6G_jFHT7tRa6PjYue4Rp_BUx1mz_UeB', 'payload': {'buttons': [[{'payload': 'Authorization', 'text': 'Авторизоваться', 'intent': 'default', 'type': 'callback'}]]}, 'type': 'inline_keyboard'}], 'markup': [{'from': 10, 'length': 21, 'type': 'strong'}]}, 'sender': {'user_id': 210669020, 'first_name': 'DASHA_TOKEN_BOT', 'username': 'id575104156000_bot', 'is_bot': True, 'last_activity_time': 1772732712407, 'name': 'DASHA_TOKEN_BOT'}}, 'timestamp': 1772732712483, 'user_locale': 'ru', 'update_type': 'message_callback'}
clb

2026-03-05 20:45:12
mid.000000000de64379019cbf1a89110959
snd

2026-03-05 20:45:13
mid.000000000de64379019cbf1a762044f9
del

2026-03-05 20:45:13
mid.000000000de64379019cbf1a8cfd12df
snd

2026-03-05 20:45:14
mid.000000000de64379019cbf1a91183b83
snd

2026-03-05 20:45:15
mid.000000000de64379019cbf1a89110959
del

2026-03-05 20:45:20
{'callback': {'timestamp': 1772732720635, 'callback_id': 'f9LHodD0cOJc5hZvNU8uZ2tKrIdU5LCDjhS4gIeThQEQc0exsH1r3W7HPpBzI3kAwWVlsTY3DcYKrgC740eFvrqy3T0KR2cjIZTz4sLDDONBrPClPFCh', 'user': {'user_id': 23645861, 'first_name': 'Дмитрий', 'last_name': 'Марков', 'is_bot': False, 'last_activity_time': 1772732718000, 'name': 'Дмитрий Марков'}, 'payload': 'CancelCurrentOperation'}, 'message': {'recipient': {'chat_id': 233194361, 'chat_type': 'dialog', 'user_id': 23645861}, 'timestamp': 1772732715288, 'body': {'mid': 'mid.000000000de64379019cbf1a91183b83', 'seq': 116177811229129603, 'text': 'Введите код доступа: _ _ _ _', 'attachments': [{'callback_id': 'f9LHodD0cOIvyRwzxBNM2bLyc2Z58CkQcl0utCKcutUKeI48ztLHinF_r0gTiuPMsOLUgQuCowIl-DXFTdgbt5KoXCEMxj7G-2-dSOGFZdD8XUv0MJjn', 'payload': {'buttons': [[{'payload': 'KBRD.7', 'text': '7', 'intent': 'default', 'type': 'callback'}, {'payload': 'KBRD.8', 'text': '8', 'intent': 'default', 'type': 'callback'}, {'payload': 'KBRD.9', 'text': '9', 'intent': 'default', 'type': 'callback'}], [{'payload': 'KBRD.4', 'text': '4', 'intent': 'default', 'type': 'callback'}, {'payload': 'KBRD.5', 'text': '5', 'intent': 'default', 'type': 'callback'}, {'payload': 'KBRD.6', 'text': '6', 'intent': 'default', 'type': 'callback'}], [{'payload': 'KBRD.3', 'text': '3', 'intent': 'default', 'type': 'callback'}, {'payload': 'KBRD.2', 'text': '2', 'intent': 'default', 'type': 'callback'}, {'payload': 'KBRD.1', 'text': '1', 'intent': 'default', 'type': 'callback'}], [{'payload': 'KBRD.0', 'text': '0', 'intent': 'default', 'type': 'callback'}, {'payload': 'KBRD.Cancel', 'text': 'Сброс', 'intent': 'default', 'type': 'callback'}], [{'payload': 'RecoveryAuthorization', 'text': 'Восстановление доступа', 'intent': 'default', 'type': 'callback'}], [{'payload': 'CancelCurrentOperation', 'text': 'Прервать операцию', 'intent': 'default', 'type': 'callback'}]]}, 'type': 'inline_keyboard'}], 'markup': [{'from': 20, 'length': 8, 'type': 'strong'}]}, 'sender': {'user_id': 210669020, 'first_name': 'DASHA_TOKEN_BOT', 'username': 'id575104156000_bot', 'is_bot': True, 'last_activity_time': 1772732720547, 'name': 'DASHA_TOKEN_BOT'}}, 'timestamp': 1772732720635, 'user_locale': 'ru', 'update_type': 'message_callback'}
clb

2026-03-05 20:45:20
mid.000000000de64379019cbf1aa87d0959
snd

2026-03-05 20:45:21
mid.000000000de64379019cbf1a91183b83
del

2026-03-05 20:45:22
mid.000000000de64379019cbf1a8cfd12df
del

2026-03-05 20:45:22
mid.000000000de64379019cbf1aaf5c7dba
snd

2026-03-05 20:45:23
mid.000000000de64379019cbf1aa87d0959
del

2026-03-05 20:55:45
{'callback': {'timestamp': 1772733346284, 'callback_id': 'f9LHodD0cOLYnBZzDx7gVzQwhiNxEzq_79IYeAuPTjKdWCq8YkaFCiVtUnUxybn2EsBfwPRzObFkT7Yn10LP6qo5aISGBdSqTGrjbHtP9xchBphK4Vj3', 'user': {'user_id': 23645861, 'first_name': 'Дмитрий', 'last_name': 'Марков', 'is_bot': False, 'last_activity_time': 1772733342000, 'name': 'Дмитрий Марков'}, 'payload': 'MainMenu'}, 'message': {'recipient': {'chat_id': 233194361, 'chat_type': 'dialog', 'user_id': 23645861}, 'timestamp': 1772732723036, 'body': {'mid': 'mid.000000000de64379019cbf1aaf5c7dba', 'seq': 116177811736919482, 'text': 'Операция отменена. Для продолжения перейдите в Главное меню Бота или получите Новый токен.', 'attachments': [{'callback_id': 'f9LHodD0cOLzPWUYQkX4-_b8lPYcRYXuFlPkoR_bzodATIC-d_Bl5thrtcHQusSAZZHkLewnnumgx-h0zVVpEKTt-c7Xt2QzUARUbdVb9suCTLze1DAg', 'payload': {'buttons': [[{'payload': 'MainMenu', 'text': 'Главное меню', 'intent': 'default', 'type': 'callback'}], [{'payload': 'GetNewToken', 'text': 'Новый токен', 'intent': 'default', 'type': 'callback'}]]}, 'type': 'inline_keyboard'}], 'markup': [{'from': 47, 'length': 12, 'type': 'strong'}, {'from': 78, 'length': 11, 'type': 'strong'}]}, 'sender': {'user_id': 210669020, 'first_name': 'DASHA_TOKEN_BOT', 'username': 'id575104156000_bot', 'is_bot': True, 'last_activity_time': 1772733346206, 'name': 'DASHA_TOKEN_BOT'}}, 'timestamp': 1772733346284, 'user_locale': 'ru', 'update_type': 'message_callback'}
clb

2026-03-05 20:55:46
mid.000000000de64379019cbf1aaf5c7dba
del

2026-03-05 20:55:46
mid.000000000de64379019cbf2435be2f6f
snd

2026-03-05 20:55:51
{'callback': {'timestamp': 1772733351615, 'callback_id': 'f9LHodD0cOIGYv_goIG_TcUzExekeKiPp9CbBMVckBfY3iAqNui_vb5EmhNqF5Ig9DKn7vVVuWrO33-GSxP5IWUesvs7_kO7C3X2I7MLPRQakTK3eUn1', 'user': {'user_id': 23645861, 'first_name': 'Дмитрий', 'last_name': 'Марков', 'is_bot': False, 'last_activity_time': 1772733342000, 'name': 'Дмитрий Марков'}, 'payload': 'Authorization'}, 'message': {'recipient': {'chat_id': 233194361, 'chat_type': 'dialog', 'user_id': 23645861}, 'timestamp': 1772733347262, 'body': {'mid': 'mid.000000000de64379019cbf2435be2f6f', 'seq': 116177852646174575, 'text': 'Текст для RequiredAuthorization не найден', 'attachments': [{'callback_id': 'f9LHodD0cOJpkxc4loLRlnekp7GZS1HvbVZmChXJNf1IM-qJTk7zMpCaGFpvxUgKViWjRGxkYtblKfP0owo3IwEGYO9HiVZX7nw1JRj5ienwZU2sHOrP', 'payload': {'buttons': [[{'payload': 'Authorization', 'text': 'Авторизоваться', 'intent': 'default', 'type': 'callback'}]]}, 'type': 'inline_keyboard'}], 'markup': [{'from': 10, 'length': 21, 'type': 'strong'}]}, 'sender': {'user_id': 210669020, 'first_name': 'DASHA_TOKEN_BOT', 'username': 'id575104156000_bot', 'is_bot': True, 'last_activity_time': 1772733351558, 'name': 'DASHA_TOKEN_BOT'}}, 'timestamp': 1772733351615, 'user_locale': 'ru', 'update_type': 'message_callback'}
clb

2026-03-05 20:55:51
mid.000000000de64379019cbf2449c00959
snd

2026-03-05 20:55:52
mid.000000000de64379019cbf2435be2f6f
del

2026-03-05 20:55:53
mid.000000000de64379019cbf244fa40366
snd

2026-03-05 20:55:55
mid.000000000de64379019cbf24562958ee
snd

2026-03-05 20:55:56
mid.000000000de64379019cbf2449c00959
del

2026-03-05 20:56:15
{'callback': {'timestamp': 1772733376157, 'callback_id': 'f9LHodD0cOJ01Cvq1LllgHmXk68d35DtaJiHvIHstGzg6lB3IOexm1H1iGwKg2pk2RuAbUrNVowK6Rukzss4GU5k9VYfp3t11ALeKIUH3F1yt9F7yUaa', 'user': {'user_id': 23645861, 'first_name': 'Дмитрий', 'last_name': 'Марков', 'is_bot': False, 'last_activity_time': 1772733371000, 'name': 'Дмитрий Марков'}, 'payload': 'CancelCurrentOperation'}, 'message': {'recipient': {'chat_id': 233194361, 'chat_type': 'dialog', 'user_id': 23645861}, 'timestamp': 1772733355561, 'body': {'mid': 'mid.000000000de64379019cbf24562958ee', 'seq': 116177853190068462, 'text': 'Введите код доступа: _ _ _ _', 'attachments': [{'callback_id': 'f9LHodD0cOIHYF-wULR9__Q0BXBiu7MOCSfSR0q51eZZYExxoA1PRcccDUt3GzYwaAU2sNZfhT53WeHrkgSxeIXo5JFKEAPxfCB8NlhmjIqNNb16epJl', 'payload': {'buttons': [[{'payload': 'KBRD.7', 'text': '7', 'intent': 'default', 'type': 'callback'}, {'payload': 'KBRD.8', 'text': '8', 'intent': 'default', 'type': 'callback'}, {'payload': 'KBRD.9', 'text': '9', 'intent': 'default', 'type': 'callback'}], [{'payload': 'KBRD.4', 'text': '4', 'intent': 'default', 'type': 'callback'}, {'payload': 'KBRD.5', 'text': '5', 'intent': 'default', 'type': 'callback'}, {'payload': 'KBRD.6', 'text': '6', 'intent': 'default', 'type': 'callback'}], [{'payload': 'KBRD.3', 'text': '3', 'intent': 'default', 'type': 'callback'}, {'payload': 'KBRD.2', 'text': '2', 'intent': 'default', 'type': 'callback'}, {'payload': 'KBRD.1', 'text': '1', 'intent': 'default', 'type': 'callback'}], [{'payload': 'KBRD.0', 'text': '0', 'intent': 'default', 'type': 'callback'}, {'payload': 'KBRD.Cancel', 'text': 'Сброс', 'intent': 'default', 'type': 'callback'}], [{'payload': 'RecoveryAuthorization', 'text': 'Восстановление доступа', 'intent': 'default', 'type': 'callback'}], [{'payload': 'CancelCurrentOperation', 'text': 'Прервать операцию', 'intent': 'default', 'type': 'callback'}]]}, 'type': 'inline_keyboard'}], 'markup': [{'from': 20, 'length': 8, 'type': 'strong'}]}, 'sender': {'user_id': 210669020, 'first_name': 'DASHA_TOKEN_BOT', 'username': 'id575104156000_bot', 'is_bot': True, 'last_activity_time': 1772733376091, 'name': 'DASHA_TOKEN_BOT'}}, 'timestamp': 1772733376157, 'user_locale': 'ru', 'update_type': 'message_callback'}
clb

2026-03-05 20:56:16
mid.000000000de64379019cbf24a8a80959
snd

2026-03-05 21:27:43
{'callback': {'timestamp': 1772735264265, 'callback_id': 'f9LHodD0cOIaOoggn67Bb8Udn8pEbTCmDLPqHp_rW_paU51PzbwKAdLhb4iCVXmfhjyeFgSz4PBlV2Xsowf4Kvd5KnyMEK1Z1M_dnb41F3uNKcgvrfJI', 'user': {'user_id': 23645861, 'first_name': 'Дмитрий', 'last_name': 'Марков', 'is_bot': False, 'last_activity_time': 1772735254000, 'name': 'Дмитрий Марков'}, 'payload': 'RecoveryAuthorization'}, 'message': {'recipient': {'chat_id': 233194361, 'chat_type': 'dialog', 'user_id': 23645861}, 'timestamp': 1772733355561, 'body': {'mid': 'mid.000000000de64379019cbf24562958ee', 'seq': 116177853190068462, 'text': 'Введите код доступа: _ _ _ _', 'attachments': [{'callback_id': 'f9LHodD0cOI9yLG33cyyGiFVFHcpYSAwvSlbqwWjmvAiBbXLbKXXMeqaqDCYL7-c8EqbV3bOiJ3T7vRDLvlNcu5ZGl5AbpHrnSuXVd_kCy0W5yVXABv8', 'payload': {'buttons': [[{'payload': 'KBRD.7', 'text': '7', 'intent': 'default', 'type': 'callback'}, {'payload': 'KBRD.8', 'text': '8', 'intent': 'default', 'type': 'callback'}, {'payload': 'KBRD.9', 'text': '9', 'intent': 'default', 'type': 'callback'}], [{'payload': 'KBRD.4', 'text': '4', 'intent': 'default', 'type': 'callback'}, {'payload': 'KBRD.5', 'text': '5', 'intent': 'default', 'type': 'callback'}, {'payload': 'KBRD.6', 'text': '6', 'intent': 'default', 'type': 'callback'}], [{'payload': 'KBRD.3', 'text': '3', 'intent': 'default', 'type': 'callback'}, {'payload': 'KBRD.2', 'text': '2', 'intent': 'default', 'type': 'callback'}, {'payload': 'KBRD.1', 'text': '1', 'intent': 'default', 'type': 'callback'}], [{'payload': 'KBRD.0', 'text': '0', 'intent': 'default', 'type': 'callback'}, {'payload': 'KBRD.Cancel', 'text': 'Сброс', 'intent': 'default', 'type': 'callback'}], [{'payload': 'RecoveryAuthorization', 'text': 'Восстановление доступа', 'intent': 'default', 'type': 'callback'}], [{'payload': 'CancelCurrentOperation', 'text': 'Прервать операцию', 'intent': 'default', 'type': 'callback'}]]}, 'type': 'inline_keyboard'}], 'markup': [{'from': 20, 'length': 8, 'type': 'strong'}]}, 'sender': {'user_id': 210669020, 'first_name': 'DASHA_TOKEN_BOT', 'username': 'id575104156000_bot', 'is_bot': True, 'last_activity_time': 1772735264194, 'name': 'DASHA_TOKEN_BOT'}}, 'timestamp': 1772735264265, 'user_locale': 'ru', 'update_type': 'message_callback'}
clb

2026-03-05 21:27:44
mid.000000000de64379019cbf24562958ee
del

2026-03-05 21:27:45
mid.000000000de64379019cbf244fa40366
del

2026-03-05 21:27:45
mid.000000000de64379019cbf417db22ad2
snd

2026-03-05 21:27:52
{'callback': {'timestamp': 1772735273281, 'callback_id': 'f9LHodD0cOKFNRBo9YNohAXQJNBYQ_pDypE53pzkky4TNJ5TDKTP6YzxRWtzTAQrWmRXFxBbTDoYWCCO-k3GnF0QtrAzAtvUnz3zzSTZLh21ZaM_1tYe', 'user': {'user_id': 23645861, 'first_name': 'Дмитрий', 'last_name': 'Марков', 'is_bot': False, 'last_activity_time': 1772735254000, 'name': 'Дмитрий Марков'}, 'payload': 'Authorization'}, 'message': {'recipient': {'chat_id': 233194361, 'chat_type': 'dialog', 'user_id': 23645861}, 'timestamp': 1772735266226, 'body': {'mid': 'mid.000000000de64379019cbf417db22ad2', 'seq': 116177978407398098, 'text': 'Текст для RequiredAuthorization не найден', 'attachments': [{'callback_id': 'f9LHodD0cOIMXGRCwT3Oq8Ydt48UGeB2fRlMF8PYlqF6zt-O7gRmSJ1Gr6y5UYalLHEEq8LnS11dAnUSV8_nclTvo3EWe_4Amly0Rp__TDSOyJiYErAB', 'payload': {'buttons': [[{'payload': 'Authorization', 'text': 'Авторизоваться', 'intent': 'default', 'type': 'callback'}]]}, 'type': 'inline_keyboard'}], 'markup': [{'from': 10, 'length': 21, 'type': 'strong'}]}, 'sender': {'user_id': 210669020, 'first_name': 'DASHA_TOKEN_BOT', 'username': 'id575104156000_bot', 'is_bot': True, 'last_activity_time': 1772735273217, 'name': 'DASHA_TOKEN_BOT'}}, 'timestamp': 1772735273281, 'user_locale': 'ru', 'update_type': 'message_callback'}
clb

2026-03-05 21:27:53
mid.000000000de64379019cbf419ccd0959
snd

2026-03-05 21:27:54
mid.000000000de64379019cbf417db22ad2
del

2026-03-05 21:27:55
mid.000000000de64379019cbf41a35344d5
snd

2026-03-05 21:27:56
mid.000000000de64379019cbf41a91a304d
snd

2026-03-05 21:27:57
mid.000000000de64379019cbf419ccd0959
del

2026-03-05 21:27:59
{'callback': {'timestamp': 1772735279518, 'callback_id': 'f9LHodD0cOKj97lmQLQF5hJ0noQGEf9ERpEMO1LwCIH-UvpTDJVG3ORGb9RXPiq0MXsRvMl99oiYWO9SKOg0D82JaRrQIX1-Bxh5XPcxmIbR-3LS_FkA', 'user': {'user_id': 23645861, 'first_name': 'Дмитрий', 'last_name': 'Марков', 'is_bot': False, 'last_activity_time': 1772735276000, 'name': 'Дмитрий Марков'}, 'payload': 'CancelCurrentOperation'}, 'message': {'recipient': {'chat_id': 233194361, 'chat_type': 'dialog', 'user_id': 23645861}, 'timestamp': 1772735277338, 'body': {'mid': 'mid.000000000de64379019cbf41a91a304d', 'seq': 116177979135635533, 'text': 'Введите код доступа: _ _ _ _', 'attachments': [{'callback_id': 'f9LHodD0cOJR-9Nf5mTExr1NyYjse_32D7CY-tbi-0lE6nEdc1hBEGGBQsg4ZlVvp3Tk7myIfiRNkp6UMP7F-LpTiPXxEaRIRmpCeCYSKUZYG9qJYgtG', 'payload': {'buttons': [[{'payload': 'KBRD.7', 'text': '7', 'intent': 'default', 'type': 'callback'}, {'payload': 'KBRD.8', 'text': '8', 'intent': 'default', 'type': 'callback'}, {'payload': 'KBRD.9', 'text': '9', 'intent': 'default', 'type': 'callback'}], [{'payload': 'KBRD.4', 'text': '4', 'intent': 'default', 'type': 'callback'}, {'payload': 'KBRD.5', 'text': '5', 'intent': 'default', 'type': 'callback'}, {'payload': 'KBRD.6', 'text': '6', 'intent': 'default', 'type': 'callback'}], [{'payload': 'KBRD.3', 'text': '3', 'intent': 'default', 'type': 'callback'}, {'payload': 'KBRD.2', 'text': '2', 'intent': 'default', 'type': 'callback'}, {'payload': 'KBRD.1', 'text': '1', 'intent': 'default', 'type': 'callback'}], [{'payload': 'KBRD.0', 'text': '0', 'intent': 'default', 'type': 'callback'}, {'payload': 'KBRD.Cancel', 'text': 'Сброс', 'intent': 'default', 'type': 'callback'}], [{'payload': 'RecoveryAuthorization', 'text': 'Восстановление доступа', 'intent': 'default', 'type': 'callback'}], [{'payload': 'CancelCurrentOperation', 'text': 'Прервать операцию', 'intent': 'default', 'type': 'callback'}]]}, 'type': 'inline_keyboard'}], 'markup': [{'from': 20, 'length': 8, 'type': 'strong'}]}, 'sender': {'user_id': 210669020, 'first_name': 'DASHA_TOKEN_BOT', 'username': 'id575104156000_bot', 'is_bot': True, 'last_activity_time': 1772735279446, 'name': 'DASHA_TOKEN_BOT'}}, 'timestamp': 1772735279518, 'user_locale': 'ru', 'update_type': 'message_callback'}
clb

2026-03-05 21:28:04
mid.000000000de64379019cbf41bfe40959
snd

2026-03-05 21:28:05
mid.000000000de64379019cbf41a91a304d
del

2026-03-05 21:28:05
mid.000000000de64379019cbf41a35344d5
del

2026-03-05 21:28:06
mid.000000000de64379019cbf41cf7d2aca
snd

2026-03-05 21:28:08
mid.000000000de64379019cbf41bfe40959
del

2026-03-05 21:28:33
{'callback': {'timestamp': 1772735313804, 'callback_id': 'f9LHodD0cOK_QUn3e37VMDG4hEpYg1iLFCFNV2JekwHJhl2LLXiXaqLa5NbzsLHqSIc7JomHyFEu6N0cx8hFuB3kCZtwmzqs0BojGSrVA8qtUtyVafbP', 'user': {'user_id': 23645861, 'first_name': 'Дмитрий', 'last_name': 'Марков', 'is_bot': False, 'last_activity_time': 1772735310000, 'name': 'Дмитрий Марков'}, 'payload': 'Authorization'}, 'message': {'recipient': {'chat_id': 233194361, 'chat_type': 'dialog', 'user_id': 23645861}, 'timestamp': 1772735287165, 'body': {'mid': 'mid.000000000de64379019cbf41cf7d2aca', 'seq': 116177979779656394, 'text': 'Текст для RequiredAuthorization не найден', 'attachments': [{'callback_id': 'f9LHodD0cOJo5lcF2pntKjLLY6oVCtJxil1kT76wJe853h7_YGA0AGr8McRaQiPy0ZHKwgbH_mRy-bFCpW1kqnLMC_obllT0b84Tl-eyJP8BD9d5kofX', 'payload': {'buttons': [[{'payload': 'Authorization', 'text': 'Авторизоваться', 'intent': 'default', 'type': 'callback'}]]}, 'type': 'inline_keyboard'}], 'markup': [{'from': 10, 'length': 21, 'type': 'strong'}]}, 'sender': {'user_id': 210669020, 'first_name': 'DASHA_TOKEN_BOT', 'username': 'id575104156000_bot', 'is_bot': True, 'last_activity_time': 1772735313728, 'name': 'DASHA_TOKEN_BOT'}}, 'timestamp': 1772735313804, 'user_locale': 'ru', 'update_type': 'message_callback'}
clb

2026-03-05 21:28:33
mid.000000000de64379019cbf4239220959
snd

2026-03-05 21:28:34
mid.000000000de64379019cbf41cf7d2aca
del

2026-03-05 21:28:34
mid.000000000de64379019cbf423d7f191a
snd

2026-03-05 21:28:35
mid.000000000de64379019cbf424132547f
snd

2026-03-05 21:28:36
mid.000000000de64379019cbf4239220959
del

2026-03-05 21:28:40
{'callback': {'timestamp': 1772735320770, 'callback_id': 'f9LHodD0cOL_1CEpUexckpCF35r-0CsIKCihPzXqCjb_fw1yHa6kSUXz7Ec-9g-PLghmGvWkAynI5JwQKz5z56d1n1VWsFxjHVwNV9RTJS1Ma_0RBIXB', 'user': {'user_id': 23645861, 'first_name': 'Дмитрий', 'last_name': 'Марков', 'is_bot': False, 'last_activity_time': 1772735310000, 'name': 'Дмитрий Марков'}, 'payload': 'KBRD.0'}, 'message': {'recipient': {'chat_id': 233194361, 'chat_type': 'dialog', 'user_id': 23645861}, 'timestamp': 1772735316274, 'body': {'mid': 'mid.000000000de64379019cbf424132547f', 'seq': 116177981687354495, 'text': 'Введите код доступа: _ _ _ _', 'attachments': [{'callback_id': 'f9LHodD0cOL58Wsz3JzB2krxnLMKX1ph5w3e_gw56HjlJf2HVqXaGw2tQ0r9GeXnM-b0WBESx755gpxWHh2295AsJO0zTRJ-xLtx9c7op-HGIfip_4ot', 'payload': {'buttons': [[{'payload': 'KBRD.7', 'text': '7', 'intent': 'default', 'type': 'callback'}, {'payload': 'KBRD.8', 'text': '8', 'intent': 'default', 'type': 'callback'}, {'payload': 'KBRD.9', 'text': '9', 'intent': 'default', 'type': 'callback'}], [{'payload': 'KBRD.4', 'text': '4', 'intent': 'default', 'type': 'callback'}, {'payload': 'KBRD.5', 'text': '5', 'intent': 'default', 'type': 'callback'}, {'payload': 'KBRD.6', 'text': '6', 'intent': 'default', 'type': 'callback'}], [{'payload': 'KBRD.3', 'text': '3', 'intent': 'default', 'type': 'callback'}, {'payload': 'KBRD.2', 'text': '2', 'intent': 'default', 'type': 'callback'}, {'payload': 'KBRD.1', 'text': '1', 'intent': 'default', 'type': 'callback'}], [{'payload': 'KBRD.0', 'text': '0', 'intent': 'default', 'type': 'callback'}, {'payload': 'KBRD.Cancel', 'text': 'Сброс', 'intent': 'default', 'type': 'callback'}], [{'payload': 'RecoveryAuthorization', 'text': 'Восстановление доступа', 'intent': 'default', 'type': 'callback'}], [{'payload': 'CancelCurrentOperation', 'text': 'Прервать операцию', 'intent': 'default', 'type': 'callback'}]]}, 'type': 'inline_keyboard'}], 'markup': [{'from': 20, 'length': 8, 'type': 'strong'}]}, 'sender': {'user_id': 210669020, 'first_name': 'DASHA_TOKEN_BOT', 'username': 'id575104156000_bot', 'is_bot': True, 'last_activity_time': 1772735320720, 'name': 'DASHA_TOKEN_BOT'}}, 'timestamp': 1772735320770, 'user_locale': 'ru', 'update_type': 'message_callback'}
clb

2026-03-05 21:28:40
23645861
edt

2026-03-05 21:28:42
{'callback': {'timestamp': 1772735322577, 'callback_id': 'f9LHodD0cOLhPzcaaR3u5QJuW7AUsjO0Qz5qEeV7K3mbc_NufC8Q54OkmrwYBoOvU6x3njRxIAyd8j5TYMXHqnOlxD7lCpc0GmTgYokljj8xfSoiIilc', 'user': {'user_id': 23645861, 'first_name': 'Дмитрий', 'last_name': 'Марков', 'is_bot': False, 'last_activity_time': 1772735310000, 'name': 'Дмитрий Марков'}, 'payload': 'KBRD.0'}, 'message': {'recipient': {'chat_id': 233194361, 'chat_type': 'dialog', 'user_id': 23645861}, 'timestamp': 1772735316274, 'body': {'mid': 'mid.000000000de64379019cbf424132547f', 'seq': 116177981687354495, 'text': 'Введите код доступа: * _ _ _', 'attachments': [{'callback_id': 'f9LHodD0cOJV16FkOv51t4aLONzPacz4sCsymQrq8hMHplgwT3D_SA1mV6UMesxQoB7oVlaJXflKh-2RoRfSohVCyieEA3KLsazpANrLJorUEr7Uz8Vq', 'payload': {'buttons': [[{'payload': 'KBRD.7', 'text': '7', 'intent': 'default', 'type': 'callback'}, {'payload': 'KBRD.8', 'text': '8', 'intent': 'default', 'type': 'callback'}, {'payload': 'KBRD.9', 'text': '9', 'intent': 'default', 'type': 'callback'}], [{'payload': 'KBRD.4', 'text': '4', 'intent': 'default', 'type': 'callback'}, {'payload': 'KBRD.5', 'text': '5', 'intent': 'default', 'type': 'callback'}, {'payload': 'KBRD.6', 'text': '6', 'intent': 'default', 'type': 'callback'}], [{'payload': 'KBRD.3', 'text': '3', 'intent': 'default', 'type': 'callback'}, {'payload': 'KBRD.2', 'text': '2', 'intent': 'default', 'type': 'callback'}, {'payload': 'KBRD.1', 'text': '1', 'intent': 'default', 'type': 'callback'}], [{'payload': 'KBRD.0', 'text': '0', 'intent': 'default', 'type': 'callback'}, {'payload': 'KBRD.Cancel', 'text': 'Сброс', 'intent': 'default', 'type': 'callback'}], [{'payload': 'RecoveryAuthorization', 'text': 'Восстановление доступа', 'intent': 'default', 'type': 'callback'}], [{'payload': 'CancelCurrentOperation', 'text': 'Прервать операцию', 'intent': 'default', 'type': 'callback'}]]}, 'type': 'inline_keyboard'}], 'markup': [{'from': 20, 'length': 8, 'type': 'strong'}]}, 'sender': {'user_id': 210669020, 'first_name': 'DASHA_TOKEN_BOT', 'username': 'id575104156000_bot', 'is_bot': True, 'last_activity_time': 1772735322504, 'name': 'DASHA_TOKEN_BOT'}}, 'timestamp': 1772735322577, 'user_locale': 'ru', 'update_type': 'message_callback'}
clb

2026-03-05 21:28:42
23645861
edt

2026-03-05 21:28:43
{'callback': {'timestamp': 1772735324165, 'callback_id': 'f9LHodD0cOKJYPQ_1e5GNgriRAmqciFe-U4h5BYWRgO80SdnYcsP5jv0KaeK1NEQpQogOBknBlCzSCVPiN7jYoM0MYwL0OrjhZwNkO7M4SFJgI78BT5E', 'user': {'user_id': 23645861, 'first_name': 'Дмитрий', 'last_name': 'Марков', 'is_bot': False, 'last_activity_time': 1772735310000, 'name': 'Дмитрий Марков'}, 'payload': 'KBRD.0'}, 'message': {'recipient': {'chat_id': 233194361, 'chat_type': 'dialog', 'user_id': 23645861}, 'timestamp': 1772735316274, 'body': {'mid': 'mid.000000000de64379019cbf424132547f', 'seq': 116177981687354495, 'text': 'Введите код доступа: * * _ _', 'attachments': [{'callback_id': 'f9LHodD0cOKWVd-ewmasaXEimCnIbW-ILKLxRJpBOl7RIlmStSh6M6AsgAPjwHMqGyuCkAiGe8fiWH7n4JQGNz7jiu7JG-mK4QAUEK1e7NGHbkQZTaFD', 'payload': {'buttons': [[{'payload': 'KBRD.7', 'text': '7', 'intent': 'default', 'type': 'callback'}, {'payload': 'KBRD.8', 'text': '8', 'intent': 'default', 'type': 'callback'}, {'payload': 'KBRD.9', 'text': '9', 'intent': 'default', 'type': 'callback'}], [{'payload': 'KBRD.4', 'text': '4', 'intent': 'default', 'type': 'callback'}, {'payload': 'KBRD.5', 'text': '5', 'intent': 'default', 'type': 'callback'}, {'payload': 'KBRD.6', 'text': '6', 'intent': 'default', 'type': 'callback'}], [{'payload': 'KBRD.3', 'text': '3', 'intent': 'default', 'type': 'callback'}, {'payload': 'KBRD.2', 'text': '2', 'intent': 'default', 'type': 'callback'}, {'payload': 'KBRD.1', 'text': '1', 'intent': 'default', 'type': 'callback'}], [{'payload': 'KBRD.0', 'text': '0', 'intent': 'default', 'type': 'callback'}, {'payload': 'KBRD.Cancel', 'text': 'Сброс', 'intent': 'default', 'type': 'callback'}], [{'payload': 'RecoveryAuthorization', 'text': 'Восстановление доступа', 'intent': 'default', 'type': 'callback'}], [{'payload': 'CancelCurrentOperation', 'text': 'Прервать операцию', 'intent': 'default', 'type': 'callback'}]]}, 'type': 'inline_keyboard'}], 'markup': [{'from': 20, 'length': 8, 'type': 'strong'}]}, 'sender': {'user_id': 210669020, 'first_name': 'DASHA_TOKEN_BOT', 'username': 'id575104156000_bot', 'is_bot': True, 'last_activity_time': 1772735324106, 'name': 'DASHA_TOKEN_BOT'}}, 'timestamp': 1772735324165, 'user_locale': 'ru', 'update_type': 'message_callback'}
clb

2026-03-05 21:28:44
23645861
edt

2026-03-05 21:28:45
{'callback': {'timestamp': 1772735326193, 'callback_id': 'f9LHodD0cOJQgllowcsA-dxmTl2mu-sDQliMIqPFkCqiQzQhjDkKe9it_5owNLJb0DgGxY4VuCNdl94QvugKDCkP7Eohh_n7th9YHwrx7NY8svkm3fGj', 'user': {'user_id': 23645861, 'first_name': 'Дмитрий', 'last_name': 'Марков', 'is_bot': False, 'last_activity_time': 1772735324000, 'name': 'Дмитрий Марков'}, 'payload': 'KBRD.0'}, 'message': {'recipient': {'chat_id': 233194361, 'chat_type': 'dialog', 'user_id': 23645861}, 'timestamp': 1772735316274, 'body': {'mid': 'mid.000000000de64379019cbf424132547f', 'seq': 116177981687354495, 'text': 'Введите код доступа: * * * _', 'attachments': [{'callback_id': 'f9LHodD0cOK1mDBK-_8JJNliBjc3_N5n8od9ykWLgaR_XM_48WROT0RgPYYq7inDlvGVD06os9Bkh0XbBRCAh8jPwKyqfbE83UwlOFhEk5sToA-FnvXS', 'payload': {'buttons': [[{'payload': 'KBRD.7', 'text': '7', 'intent': 'default', 'type': 'callback'}, {'payload': 'KBRD.8', 'text': '8', 'intent': 'default', 'type': 'callback'}, {'payload': 'KBRD.9', 'text': '9', 'intent': 'default', 'type': 'callback'}], [{'payload': 'KBRD.4', 'text': '4', 'intent': 'default', 'type': 'callback'}, {'payload': 'KBRD.5', 'text': '5', 'intent': 'default', 'type': 'callback'}, {'payload': 'KBRD.6', 'text': '6', 'intent': 'default', 'type': 'callback'}], [{'payload': 'KBRD.3', 'text': '3', 'intent': 'default', 'type': 'callback'}, {'payload': 'KBRD.2', 'text': '2', 'intent': 'default', 'type': 'callback'}, {'payload': 'KBRD.1', 'text': '1', 'intent': 'default', 'type': 'callback'}], [{'payload': 'KBRD.0', 'text': '0', 'intent': 'default', 'type': 'callback'}, {'payload': 'KBRD.Cancel', 'text': 'Сброс', 'intent': 'default', 'type': 'callback'}], [{'payload': 'RecoveryAuthorization', 'text': 'Восстановление доступа', 'intent': 'default', 'type': 'callback'}], [{'payload': 'CancelCurrentOperation', 'text': 'Прервать операцию', 'intent': 'default', 'type': 'callback'}]]}, 'type': 'inline_keyboard'}], 'markup': [{'from': 20, 'length': 8, 'type': 'strong'}]}, 'sender': {'user_id': 210669020, 'first_name': 'DASHA_TOKEN_BOT', 'username': 'id575104156000_bot', 'is_bot': True, 'last_activity_time': 1772735326100, 'name': 'DASHA_TOKEN_BOT'}}, 'timestamp': 1772735326193, 'user_locale': 'ru', 'update_type': 'message_callback'}
clb

2026-03-05 21:28:46
23645861
edt

2026-03-05 21:28:47
mid.000000000de64379019cbf426d000959
snd

2026-03-05 21:28:47
mid.000000000de64379019cbf424132547f
del

2026-03-05 21:28:48
mid.000000000de64379019cbf423d7f191a
del

2026-03-05 21:28:49
mid.000000000de64379019cbf4275e8469e
snd

2026-03-05 21:28:49
mid.000000000de64379019cbf426d000959
del

2026-03-05 21:29:03
{'callback': {'timestamp': 1772735343968, 'callback_id': 'f9LHodD0cOKbt3WKMwDOOBt3jsj4Gl6nGboTBLPUk2EGP0JCGgmtY9LzVq-Fj4RqRoNy8qAAX5_YepPe0Q1WwO-sugU_9AOnL5hCtVv40IvGi87DMBy3', 'user': {'user_id': 23645861, 'first_name': 'Дмитрий', 'last_name': 'Марков', 'is_bot': False, 'last_activity_time': 1772735341000, 'name': 'Дмитрий Марков'}, 'payload': 'GetNewToken'}, 'message': {'recipient': {'chat_id': 233194361, 'chat_type': 'dialog', 'user_id': 23645861}, 'timestamp': 1772735329768, 'body': {'mid': 'mid.000000000de64379019cbf4275e8469e', 'seq': 116177982571693726, 'text': 'Выберите команду меню Бота или получите Новый токен.', 'attachments': [{'callback_id': 'f9LHodD0cOJzmBBwehiWXrE6o8rluVD8_hHXMvrcx4Fa6LJtHzsQiIIsymIJr7sH1fAYhxvT2FojPBAxSBLmXD_2-Fzpr-OOEcKUlCJx_IPF35vTpDZS', 'payload': {'buttons': [[{'payload': 'MainMenu', 'text': 'Главное меню', 'intent': 'default', 'type': 'callback'}], [{'payload': 'GetNewToken', 'text': 'Новый токен', 'intent': 'default', 'type': 'callback'}]]}, 'type': 'inline_keyboard'}], 'markup': [{'from': 40, 'length': 11, 'type': 'strong'}]}, 'sender': {'user_id': 210669020, 'first_name': 'DASHA_TOKEN_BOT', 'username': 'id575104156000_bot', 'is_bot': True, 'last_activity_time': 1772735343904, 'name': 'DASHA_TOKEN_BOT'}}, 'timestamp': 1772735343968, 'user_locale': 'ru', 'update_type': 'message_callback'}
clb

2026-03-05 21:29:04
mid.000000000de64379019cbf42b0570959
snd

2026-03-05 21:29:05
mid.000000000de64379019cbf4275e8469e
del

2026-03-05 21:29:06
mid.000000000de64379019cbf42b9b32f17
snd

2026-03-05 21:29:07
mid.000000000de64379019cbf42beaa259e
snd

2026-03-05 21:29:08
mid.000000000de64379019cbf42b0570959
del

2026-03-05 21:29:38
mid.000000000de64379019cbf42beaa259e
del

2026-03-05 21:29:39
mid.000000000de64379019cbf42b9b32f17
del

2026-03-05 21:29:39
mid.000000000de64379019cbf433ac70ed2
snd

2026-03-05 21:31:12
{'callback': {'timestamp': 1772735473473, 'callback_id': 'f9LHodD0cOJ7FZ3z3gX8JfTOtgLCj7eF8v6R26yk6r2QZ4mNiaUx1sftrmXrIEuVojIm9F_d_2I_0wI-Vrzbxz2eKXWCevJJF3E-wkg7yE5kezuM13Ak', 'user': {'user_id': 23645861, 'first_name': 'Дмитрий', 'last_name': 'Марков', 'is_bot': False, 'last_activity_time': 1772735471000, 'name': 'Дмитрий Марков'}, 'payload': 'MainMenu'}, 'message': {'recipient': {'chat_id': 233194361, 'chat_type': 'dialog', 'user_id': 23645861}, 'timestamp': 1772735380167, 'body': {'mid': 'mid.000000000de64379019cbf433ac70ed2', 'seq': 116177985874628306, 'text': 'Истек срок действия токена 181142.', 'attachments': [{'callback_id': 'f9LHodD0cOJj-i4osiiVrbpA0cBtv5X_4Jte-MMqAdl4HDc0UZhjqiORf-IAwLrdjZI_8lYHaAqZa-IcSgsUnOCaI-98_oSGgmo2NZqcscDlHEGx4nYv', 'payload': {'buttons': [[{'payload': 'MainMenu', 'text': 'Главное меню', 'intent': 'default', 'type': 'callback'}], [{'payload': 'GetNewToken', 'text': 'Новый токен', 'intent': 'default', 'type': 'callback'}]]}, 'type': 'inline_keyboard'}], 'markup': [{'from': 27, 'length': 6, 'type': 'strikethrough'}]}, 'sender': {'user_id': 210669020, 'first_name': 'DASHA_TOKEN_BOT', 'username': 'id575104156000_bot', 'is_bot': True, 'last_activity_time': 1772735473388, 'name': 'DASHA_TOKEN_BOT'}}, 'timestamp': 1772735473473, 'user_locale': 'ru', 'update_type': 'message_callback'}
clb

2026-03-05 21:31:13
mid.000000000de64379019cbf44aa740959
snd

2026-03-05 21:31:15
mid.000000000de64379019cbf44af127a9b
snd

2026-03-05 21:31:15
mid.000000000de64379019cbf44aa740959
del

2026-03-05 21:31:17
{'callback': {'timestamp': 1772735477801, 'callback_id': 'f9LHodD0cOK4KDQOHPuobiJgIjN1zEDsAsetRc_4c28QCZW1K45a2rhf3JZgyn3ydw_HEXl2dn2ww1kJXdRy1No42Ne2Ner5IVPvQIys1RAD2WZ5spNE', 'user': {'user_id': 23645861, 'first_name': 'Дмитрий', 'last_name': 'Марков', 'is_bot': False, 'last_activity_time': 1772735475000, 'name': 'Дмитрий Марков'}, 'payload': 'MenuDeleteUser'}, 'message': {'recipient': {'chat_id': 233194361, 'chat_type': 'dialog', 'user_id': 23645861}, 'timestamp': 1772735475474, 'body': {'mid': 'mid.000000000de64379019cbf44af127a9b', 'seq': 116177992120695451, 'text': 'Выберите команду меню Бота или получите Новый токен.', 'attachments': [{'callback_id': 'f9LHodD0cOKOO6ARgQuvL-5itbvmyjQXqAmBsnDnie31z0l39VrBYrvd_EZxIN93nCN7PQ9d_yN82K43fl5gOU5EOqKQkUMICwInELIE1cFONli944PT', 'payload': {'buttons': [[{'payload': 'MenuAuth', 'text': 'Изменить доступ', 'intent': 'default', 'type': 'callback'}, {'payload': 'MenuAbout', 'text': 'О сервисе', 'intent': 'default', 'type': 'callback'}], [{'payload': 'MenuDeleteChat', 'text': 'Удалить чат из сервиса', 'intent': 'default', 'type': 'callback'}], [{'payload': 'MenuDeleteUser', 'text': 'Отказаться от использования сервиса', 'intent': 'default', 'type': 'callback'}], [{'payload': 'GetNewToken', 'text': 'Новый токен', 'intent': 'default', 'type': 'callback'}, {'payload': 'MenuExit', 'text': 'Выход из меню', 'intent': 'default', 'type': 'callback'}]]}, 'type': 'inline_keyboard'}], 'markup': [{'from': 40, 'length': 11, 'type': 'strong'}]}, 'sender': {'user_id': 210669020, 'first_name': 'DASHA_TOKEN_BOT', 'username': 'id575104156000_bot', 'is_bot': True, 'last_activity_time': 1772735477733, 'name': 'DASHA_TOKEN_BOT'}}, 'timestamp': 1772735477801, 'user_locale': 'ru', 'update_type': 'message_callback'}
clb

2026-03-05 21:31:18
mid.000000000de64379019cbf44bbbd0959
snd

2026-03-05 21:31:19
mid.000000000de64379019cbf44af127a9b
del

2026-03-05 21:31:20
mid.000000000de64379019cbf44c4046c33
snd

2026-03-05 21:31:21
mid.000000000de64379019cbf44bbbd0959
del

2026-03-05 21:31:28
{'callback': {'timestamp': 1772735488523, 'callback_id': 'f9LHodD0cOKTI8isrzsfpYyflVyyyMI79FIGigOqZxgmPsFOrsp1pST4P75WMk1i0vjtzGOexpc_iOO904xrwyhheJoC_sGt4Boci0iGP_uNs5VxC1bs', 'user': {'user_id': 23645861, 'first_name': 'Дмитрий', 'last_name': 'Марков', 'is_bot': False, 'last_activity_time': 1772735485000, 'name': 'Дмитрий Марков'}, 'payload': 'MenuDelUserYes'}, 'message': {'recipient': {'chat_id': 233194361, 'chat_type': 'dialog', 'user_id': 23645861}, 'timestamp': 1772735480836, 'body': {'mid': 'mid.000000000de64379019cbf44c4046c33', 'seq': 116177992472095795, 'text': 'Текст для MenuDelUserQuestion не найден', 'attachments': [{'callback_id': 'f9LHodD0cOL047yDtXgOp5Vd7ETDvACDqrwuunFBz4GEkLmv9ynQsLLD3c4XGFGZ_SIj_rLkstwT-w_n6SDuke2aPdCi4_9DsyBOLM08qNKMrlruNzKF', 'payload': {'buttons': [[{'payload': 'MenuDelUserYes', 'text': 'ДА - отказаться от сервиса', 'intent': 'default', 'type': 'callback'}], [{'payload': 'MenuDelUserNo', 'text': 'НЕТ - остаться в сервисе', 'intent': 'default', 'type': 'callback'}]]}, 'type': 'inline_keyboard'}], 'markup': [{'from': 10, 'length': 19, 'type': 'strong'}]}, 'sender': {'user_id': 210669020, 'first_name': 'DASHA_TOKEN_BOT', 'username': 'id575104156000_bot', 'is_bot': True, 'last_activity_time': 1772735488436, 'name': 'DASHA_TOKEN_BOT'}}, 'timestamp': 1772735488523, 'user_locale': 'ru', 'update_type': 'message_callback'}
clb

2026-03-05 21:31:28
mid.000000000de64379019cbf44e4b30959
snd

2026-03-05 21:31:43
mid.000000000de64379019cbf433ac70ed2
del

2026-03-05 21:31:43
mid.000000000de64379019cbf44c4046c33
del

2026-03-05 21:31:45
mid.000000000de64379019cbf44e4b30959
del

2026-03-05 21:49:23
{'message': {'recipient': {'chat_id': 233194361, 'chat_type': 'dialog', 'user_id': 210669020}, 'timestamp': 1772736552230, 'body': {'mid': 'mid.000000000de64379019cbf551d26000f', 'seq': 116178062686945295, 'text': 'Привет'}, 'sender': {'user_id': 23645861, 'first_name': 'Дмитрий', 'last_name': 'Марков', 'is_bot': False, 'last_activity_time': 1772736563000, 'name': 'Дмитрий Марков'}}, 'timestamp': 1772736552230, 'user_locale': 'ru', 'update_type': 'message_created'}
txt

2026-03-05 21:49:23
mid.000000000de64379019cbf551d26000f
del

2026-03-05 21:49:24
mid.000000000de64379019cbf554df96876
snd

2026-03-05 21:51:54
{'callback': {'timestamp': 1772736714893, 'callback_id': 'f9LHodD0cOJqrgs6FKoU0TfoLJoIOFtKHIq-YU6TJGhBIhOFQwLE0PJp9fDHHIaq8NZUWC92QuJxy8UUoGPHILWa-SEmqjjPCg40zG_xQkoAMluxAQ6Q', 'user': {'user_id': 23645861, 'first_name': 'Дмитрий', 'last_name': 'Марков', 'is_bot': False, 'last_activity_time': 1772736713000, 'name': 'Дмитрий Марков'}, 'payload': 'Registration'}, 'message': {'recipient': {'chat_id': 233194361, 'chat_type': 'dialog', 'user_id': 23645861}, 'timestamp': 1772736564729, 'body': {'mid': 'mid.000000000de64379019cbf554df96876', 'seq': 116178063506106486, 'text': 'Текст для RequiredRegistration не найден', 'attachments': [{'callback_id': 'f9LHodD0cOLFJYqzR0ru7K5Z96VzkGpMeAqPQKC4dR4Rt3V3KEzzxQq2mgSwBIrASQjL3-d92IqIiM8ubk15tgRrHWI29lXnp6HHWx_LfwTjk-ApcK3x', 'payload': {'buttons': [[{'payload': 'Registration', 'text': 'Регистрация', 'intent': 'default', 'type': 'callback'}]]}, 'type': 'inline_keyboard'}], 'markup': [{'from': 10, 'length': 20, 'type': 'strong'}]}, 'sender': {'user_id': 210669020, 'first_name': 'DASHA_TOKEN_BOT', 'username': 'id575104156000_bot', 'is_bot': True, 'last_activity_time': 1772736714830, 'name': 'DASHA_TOKEN_BOT'}}, 'timestamp': 1772736714893, 'user_locale': 'ru', 'update_type': 'message_callback'}
clb

2026-03-05 21:51:55
mid.000000000de64379019cbf579b270959
snd

2026-03-05 21:51:55
mid.000000000de64379019cbf554df96876
del

2026-03-05 21:51:57
mid.000000000de64379019cbf57a26e6541
snd

2026-03-05 21:51:58
mid.000000000de64379019cbf57a7f97093
snd

2026-03-05 21:51:58
mid.000000000de64379019cbf579b270959
del

2026-03-05 22:19:50
{'callback': {'timestamp': 1772738391146, 'callback_id': 'f9LHodD0cOIXiufxX_U1BX_SgU-3-HocmPWFFKX0wRD_y5STi61WSbrHSxq3DW6RIp-5Vekx6M0-vvBCsqLCFXcyu4EgcbOef1I59wLEzuShzSJ9Xvqk', 'user': {'user_id': 23645861, 'first_name': 'Дмитрий', 'last_name': 'Марков', 'is_bot': False, 'last_activity_time': 1772738384000, 'name': 'Дмитрий Марков'}, 'payload': 'CancelRegistration'}, 'message': {'recipient': {'chat_id': 233194361, 'chat_type': 'dialog', 'user_id': 23645861}, 'timestamp': 1772736718841, 'body': {'mid': 'mid.000000000de64379019cbf57a7f97093', 'seq': 116178073605992595, 'text': 'Для регистрации необходимо передать боту Ваш контакт. В дальнейшем Вы сможете авторизоваться с помощью номера телефона. Бот не будет пользоваться Вашим номером телефона кроме как для авторизации запросов внешних респондентов', 'attachments': [{'callback_id': 'f9LHodD0cOL_kkdje6YrD7Bqhvh5q1rQ5-EcwpmfkN8mAE-SzCkDohGGa_5EyMH-FDu--_Pj6c9-8o4-J9-H_0yUU4AEb_7SY7jNFwLhICezcFkpUtvK', 'payload': {'buttons': [[{'text': 'Отправить контакт', 'type': 'request_contact'}], [{'payload': 'CancelRegistration', 'text': 'Отменить регистрацию', 'intent': 'default', 'type': 'callback'}]]}, 'type': 'inline_keyboard'}]}, 'sender': {'user_id': 210669020, 'first_name': 'DASHA_TOKEN_BOT', 'username': 'id575104156000_bot', 'is_bot': True, 'last_activity_time': 1772738391091, 'name': 'DASHA_TOKEN_BOT'}}, 'timestamp': 1772738391146, 'user_locale': 'ru', 'update_type': 'message_callback'}
clb

2026-03-05 22:19:51
mid.000000000de64379019cbf57a7f97093
del

2026-03-05 22:19:52
mid.000000000de64379019cbf57a26e6541
del

2026-03-05 22:19:53
mid.000000000de64379019cbf7135df4d79
snd

2026-03-05 22:20:30
{'callback': {'timestamp': 1772738430971, 'callback_id': 'f9LHodD0cOJfwk8uaEqIevE1eqEKGuYw5V1DCwi8GJXQDY8SOp9bYNKuJ5wfneTxxAE6FiFwO84BmeISIMSCZYp39HoJJj53QsigwbgqKM100u8hET1s', 'user': {'user_id': 23645861, 'first_name': 'Дмитрий', 'last_name': 'Марков', 'is_bot': False, 'last_activity_time': 1772738411000, 'name': 'Дмитрий Марков'}, 'payload': 'Registration'}, 'message': {'recipient': {'chat_id': 233194361, 'chat_type': 'dialog', 'user_id': 23645861}, 'timestamp': 1772738393567, 'body': {'mid': 'mid.000000000de64379019cbf7135df4d79', 'seq': 116178183360826745, 'text': 'Текст для RequiredRegistration не найден', 'attachments': [{'callback_id': 'f9LHodD0cOJOF6Fl5RM90uWMdQ4llIdNtn0yq4_TGryDyEfN9VwUAmMFexNaXlh1SsqIc68MUIGJd1ziqokgkLaIhsB7D9upxE0h_jT8dWSPcNvO9SJn', 'payload': {'buttons': [[{'payload': 'Registration', 'text': 'Регистрация', 'intent': 'default', 'type': 'callback'}]]}, 'type': 'inline_keyboard'}], 'markup': [{'from': 10, 'length': 20, 'type': 'strong'}]}, 'sender': {'user_id': 210669020, 'first_name': 'DASHA_TOKEN_BOT', 'username': 'id575104156000_bot', 'is_bot': True, 'last_activity_time': 1772738430921, 'name': 'DASHA_TOKEN_BOT'}}, 'timestamp': 1772738430971, 'user_locale': 'ru', 'update_type': 'message_callback'}
clb

2026-03-05 22:20:31
mid.000000000de64379019cbf71ca480959
snd

2026-03-05 22:20:31
mid.000000000de64379019cbf7135df4d79
del

2026-03-05 22:20:32
mid.000000000de64379019cbf71d0486541
snd

2026-03-05 22:20:34
mid.000000000de64379019cbf71d5cf3006
snd

2026-03-05 22:20:34
mid.000000000de64379019cbf71ca480959
del

2026-03-05 22:20:37
{'message': {'recipient': {'chat_id': 233194361, 'chat_type': 'dialog', 'user_id': 210669020}, 'timestamp': 1772738437450, 'body': {'mid': 'mid.000000000de64379019cbf71e14a2a73', 'seq': 116178186236734067, 'text': '', 'attachments': [{'payload': {'vcf_info': 'BEGIN:VCARD\r\nVERSION:3.0\r\nPRODID:ez-vcard 0.10.3\r\nTEL;TYPE=cell:79175560062\r\nFN:Дмитрий Марков\r\nEND:VCARD\r\n', 'max_info': {'user_id': 23645861, 'first_name': 'Дмитрий', 'last_name': 'Марков', 'is_bot': False, 'last_activity_time': 1772738411000, 'name': 'Дмитрий Марков'}}, 'type': 'contact'}]}, 'sender': {'user_id': 23645861, 'first_name': 'Дмитрий', 'last_name': 'Марков', 'is_bot': False, 'last_activity_time': 1772738411000, 'name': 'Дмитрий Марков'}}, 'timestamp': 1772738437450, 'user_locale': 'ru', 'update_type': 'message_created'}
txt

2026-03-05 22:20:37
mid.000000000de64379019cbf71e14a2a73
del

2026-03-05 22:20:38
mid.000000000de64379019cbf71e7fa0959
snd

2026-03-05 22:20:39
mid.000000000de64379019cbf71d5cf3006
del

2026-03-05 22:20:40
mid.000000000de64379019cbf71f0b95a04
snd

2026-03-05 22:20:41
mid.000000000de64379019cbf71e7fa0959
del

2026-03-05 22:21:16
{'callback': {'timestamp': 1772738477200, 'callback_id': 'f9LHodD0cOJeTh7y4DU2-CIYtVut2Zc2m7RWOtq0J5CYhTok-a0jf4wn6MeK2_QlUGH4sjxwO0egTLNO55QVCTO55e3yNP_2o35JFgM3c0ZZ9pKKtTuc', 'user': {'user_id': 23645861, 'first_name': 'Дмитрий', 'last_name': 'Марков', 'is_bot': False, 'last_activity_time': 1772738469000, 'name': 'Дмитрий Марков'}, 'payload': 'CancelCurrentOperation'}, 'message': {'recipient': {'chat_id': 233194361, 'chat_type': 'dialog', 'user_id': 23645861}, 'timestamp': 1772738441401, 'body': {'mid': 'mid.000000000de64379019cbf71f0b95a04', 'seq': 116178186495678980, 'text': 'Текст для Recovery.Bot не найден', 'attachments': [{'callback_id': 'f9LHodD0cOKmSkNFWTdT4mITYvtoTqNumAqwwQwVHbdfemqjt-wtRh0ngGp6SukHXqvKmpo82oq5pG1dbAby48RkSCO_4Naje9ASQFZW3PeYPRhW8u9b', 'payload': {'buttons': [[{'payload': 'CancelCurrentOperation', 'text': 'Прервать операцию', 'intent': 'default', 'type': 'callback'}]]}, 'type': 'inline_keyboard'}], 'markup': [{'from': 10, 'length': 12, 'type': 'strong'}]}, 'sender': {'user_id': 210669020, 'first_name': 'DASHA_TOKEN_BOT', 'username': 'id575104156000_bot', 'is_bot': True, 'last_activity_time': 1772738477153, 'name': 'DASHA_TOKEN_BOT'}}, 'timestamp': 1772738477200, 'user_locale': 'ru', 'update_type': 'message_callback'}
clb

2026-03-05 22:21:17
mid.000000000de64379019cbf727f5f0959
snd

2026-03-05 22:21:18
mid.000000000de64379019cbf71f0b95a04
del

2026-03-05 22:21:18
mid.000000000de64379019cbf71d0486541
del

2026-03-05 22:21:19
mid.000000000de64379019cbf7287824db7
snd

2026-03-05 22:21:20
mid.000000000de64379019cbf727f5f0959
del

2026-03-05 22:24:27
mid.000000000de64379019cbf7565f50959
snd

2026-03-05 22:24:28
mid.000000000de64379019cbf7287824db7
del

2026-03-05 22:24:28
mid.000000000de64379019cbf756b33208b
snd

2026-03-05 22:24:29
mid.000000000de64379019cbf7565f50959
del

2026-03-05 22:31:24
{'callback': {'timestamp': 1772739085140, 'callback_id': 'f9LHodD0cOJkStG7NUrVi5yUr9l5IDcj880gHy9de4qPXGimDSYTelk_x2rt2o_W6GDpp8cwKyX519u3RPHXI2c4_Odh3xCP2UYDa_Dk3lIunQs2JEOk', 'user': {'user_id': 23645861, 'first_name': 'Дмитрий', 'last_name': 'Марков', 'is_bot': False, 'last_activity_time': 1772739077000, 'name': 'Дмитрий Марков'}, 'payload': 'Registration'}, 'message': {'recipient': {'chat_id': 233194361, 'chat_type': 'dialog', 'user_id': 23645861}, 'timestamp': 1772738669363, 'body': {'mid': 'mid.000000000de64379019cbf756b33208b', 'seq': 116178201435381899, 'text': 'Превышено разрешенное время бездействия Бота.', 'attachments': [{'callback_id': 'f9LHodD0cOLtatA2cFI15JnWO9GMba-PVhXl9tw67bdglHb4vF6rZXl_xehwpHrM0UO7ASJCObU86CrOWjIRr5DkFaae0atQwKeiEsUmI-5Htg-hnSRL', 'payload': {'buttons': [[{'payload': 'Registration', 'text': 'Регистрация', 'intent': 'default', 'type': 'callback'}]]}, 'type': 'inline_keyboard'}], 'markup': [{'from': 40, 'length': 4, 'type': 'strong'}]}, 'sender': {'user_id': 210669020, 'first_name': 'DASHA_TOKEN_BOT', 'username': 'id575104156000_bot', 'is_bot': True, 'last_activity_time': 1772739085063, 'name': 'DASHA_TOKEN_BOT'}}, 'timestamp': 1772739085140, 'user_locale': 'ru', 'update_type': 'message_callback'}
clb

2026-03-05 22:31:25
mid.000000000de64379019cbf756b33208b
del

2026-03-05 22:31:25
mid.000000000de64379019cbf7bc7c34557
snd

2026-03-05 22:31:31
{'callback': {'timestamp': 1772739092348, 'callback_id': 'f9LHodD0cOKslilLs5g8LXc-NntUcR0GCSX1DNGtrQbAhIVC6Xt0JccqCIYxSKrdb5VAQJoLqPL5mlXfdmpuC6v19DhbCMT3Mi84OG-unNATI2Em5Kg2', 'user': {'user_id': 23645861, 'first_name': 'Дмитрий', 'last_name': 'Марков', 'is_bot': False, 'last_activity_time': 1772739077000, 'name': 'Дмитрий Марков'}, 'payload': 'Registration'}, 'message': {'recipient': {'chat_id': 233194361, 'chat_type': 'dialog', 'user_id': 23645861}, 'timestamp': 1772739086275, 'body': {'mid': 'mid.000000000de64379019cbf7bc7c34557', 'seq': 116178228758136151, 'text': 'Текст для RequiredRegistration не найден', 'attachments': [{'callback_id': 'f9LHodD0cOKmYF2k4FVcvgMiqptlnhx9Dk2chGUc5samcNDjO2OX_e_TSBrdHEGFruHA0H_wRRvbwiddesGgEUghsuARLw2uN885VUlMVRQyXDCqfmOZ', 'payload': {'buttons': [[{'payload': 'Registration', 'text': 'Регистрация', 'intent': 'default', 'type': 'callback'}]]}, 'type': 'inline_keyboard'}], 'markup': [{'from': 10, 'length': 20, 'type': 'strong'}]}, 'sender': {'user_id': 210669020, 'first_name': 'DASHA_TOKEN_BOT', 'username': 'id575104156000_bot', 'is_bot': True, 'last_activity_time': 1772739092273, 'name': 'DASHA_TOKEN_BOT'}}, 'timestamp': 1772739092348, 'user_locale': 'ru', 'update_type': 'message_callback'}
clb

2026-03-05 22:31:32
mid.000000000de64379019cbf7be1770959
snd

2026-03-05 22:31:33
mid.000000000de64379019cbf7bc7c34557
del

2026-03-05 22:31:33
mid.000000000de64379019cbf7be6916541
snd

2026-03-05 22:31:35
mid.000000000de64379019cbf7beba509bf
snd

2026-03-05 22:31:36
mid.000000000de64379019cbf7be1770959
del

2026-03-05 22:32:18
{'message': {'recipient': {'chat_id': 233194361, 'chat_type': 'dialog', 'user_id': 210669020}, 'timestamp': 1772739138746, 'body': {'mid': 'mid.000000000de64379019cbf7c94ba2a73', 'seq': 116178232196868723, 'text': '', 'attachments': [{'payload': {'vcf_info': 'BEGIN:VCARD\r\nVERSION:3.0\r\nPRODID:ez-vcard 0.10.3\r\nTEL;TYPE=cell:79175560062\r\nFN:Дмитрий Марков\r\nEND:VCARD\r\n', 'max_info': {'user_id': 23645861, 'first_name': 'Дмитрий', 'last_name': 'Марков', 'is_bot': False, 'last_activity_time': 1772739133000, 'name': 'Дмитрий Марков'}}, 'type': 'contact'}]}, 'sender': {'user_id': 23645861, 'first_name': 'Дмитрий', 'last_name': 'Марков', 'is_bot': False, 'last_activity_time': 1772739133000, 'name': 'Дмитрий Марков'}}, 'timestamp': 1772739138746, 'user_locale': 'ru', 'update_type': 'message_created'}
txt

2026-03-05 22:33:17
mid.000000000de64379019cbf7c94ba2a73
del

2026-03-05 22:33:24
mid.000000000de64379019cbf7d96a70959
snd

2026-03-05 22:33:24
mid.000000000de64379019cbf7beba509bf
del

2026-03-05 22:33:26
mid.000000000de64379019cbf7d9e213312
snd

2026-03-05 22:33:26
mid.000000000de64379019cbf7d96a70959
del

2026-03-05 22:34:54
{'callback': {'timestamp': 1772739295367, 'callback_id': 'f9LHodD0cOL9vPeHJeVo0ROYZL42atnNfYYVaZO6L-9rIgoWX_oqtMqK-qn9Bk-xjAtjICC5XxL191mhDbj7aSsBS48vXPx8STWXWKd47oQI9h0qZZs7', 'user': {'user_id': 23645861, 'first_name': 'Дмитрий', 'last_name': 'Марков', 'is_bot': False, 'last_activity_time': 1772739294000, 'name': 'Дмитрий Марков'}, 'payload': 'CancelCurrentOperation'}, 'message': {'recipient': {'chat_id': 233194361, 'chat_type': 'dialog', 'user_id': 23645861}, 'timestamp': 1772739206689, 'body': {'mid': 'mid.000000000de64379019cbf7d9e213312', 'seq': 116178236649583378, 'text': 'Текст для Recovery.Bot не найден', 'attachments': [{'callback_id': 'f9LHodD0cOI_tD0PxGGsrknorgEmr8o0tynzF14m3Cq0HejPpwSJO3Y5Lqtq1oc6knpuej6K0czJjp0KgFbT2d2zCg252YuBo2Hdo2ySXhKSEwlW50BP', 'payload': {'buttons': [[{'payload': 'CancelCurrentOperation', 'text': 'Прервать операцию', 'intent': 'default', 'type': 'callback'}]]}, 'type': 'inline_keyboard'}], 'markup': [{'from': 10, 'length': 12, 'type': 'strong'}]}, 'sender': {'user_id': 210669020, 'first_name': 'DASHA_TOKEN_BOT', 'username': 'id575104156000_bot', 'is_bot': True, 'last_activity_time': 1772739295324, 'name': 'DASHA_TOKEN_BOT'}}, 'timestamp': 1772739295367, 'user_locale': 'ru', 'update_type': 'message_callback'}
clb

2026-03-05 22:34:55
mid.000000000de64379019cbf7efb8f0959
snd

2026-03-05 22:34:56
mid.000000000de64379019cbf7d9e213312
del

2026-03-05 22:34:56
mid.000000000de64379019cbf7be6916541
del

2026-03-05 22:34:57
mid.000000000de64379019cbf7f02d9694e
snd

2026-03-05 22:34:57
mid.000000000de64379019cbf7efb8f0959
del

2026-03-05 22:35:28
{'callback': {'timestamp': 1772739329032, 'callback_id': 'f9LHodD0cOK1LC1LWW0EAa3Njwjrxlsv6Wvr7j-zTn4ZqORMxKynfh4I8ho59F4mTlyU2G2O3f8POXWucf9E_68v_z0-jjidssqgtrQQV-9iDqCz81cj', 'user': {'user_id': 23645861, 'first_name': 'Дмитрий', 'last_name': 'Марков', 'is_bot': False, 'last_activity_time': 1772739323000, 'name': 'Дмитрий Марков'}, 'payload': 'Registration'}, 'message': {'recipient': {'chat_id': 233194361, 'chat_type': 'dialog', 'user_id': 23645861}, 'timestamp': 1772739298009, 'body': {'mid': 'mid.000000000de64379019cbf7f02d9694e', 'seq': 116178242634344782, 'text': 'Текст для RequiredRegistration не найден', 'attachments': [{'callback_id': 'f9LHodD0cOIqvayiUoqUBzxFmaNeCZPc_j9vwpHiTC3T5meMlapWTcY02at7v9Kdfyzg8zCHEPTyIyRXP0oKU4K9xSXXaU0V35sHidyBYKIygbKMpW9F', 'payload': {'buttons': [[{'payload': 'Registration', 'text': 'Регистрация', 'intent': 'default', 'type': 'callback'}]]}, 'type': 'inline_keyboard'}], 'markup': [{'from': 10, 'length': 20, 'type': 'strong'}]}, 'sender': {'user_id': 210669020, 'first_name': 'DASHA_TOKEN_BOT', 'username': 'id575104156000_bot', 'is_bot': True, 'last_activity_time': 1772739328972, 'name': 'DASHA_TOKEN_BOT'}}, 'timestamp': 1772739329032, 'user_locale': 'ru', 'update_type': 'message_callback'}
clb

2026-03-05 22:35:29
mid.000000000de64379019cbf7f7ebe0959
snd

2026-03-05 22:35:29
mid.000000000de64379019cbf7f02d9694e
del

2026-03-05 22:35:30
mid.000000000de64379019cbf7f83b26541
snd

2026-03-05 22:35:32
mid.000000000de64379019cbf7f8aa516f5
snd

2026-03-05 22:35:33
mid.000000000de64379019cbf7f7ebe0959
del

2026-03-05 22:35:45
{'message': {'recipient': {'chat_id': 233194361, 'chat_type': 'dialog', 'user_id': 210669020}, 'timestamp': 1772739346192, 'body': {'mid': 'mid.000000000de64379019cbf7fbf102a73', 'seq': 116178245792049779, 'text': '', 'attachments': [{'payload': {'vcf_info': 'BEGIN:VCARD\r\nVERSION:3.0\r\nPRODID:ez-vcard 0.10.3\r\nTEL;TYPE=cell:79175560062\r\nFN:Дмитрий Марков\r\nEND:VCARD\r\n', 'max_info': {'user_id': 23645861, 'first_name': 'Дмитрий', 'last_name': 'Марков', 'is_bot': False, 'last_activity_time': 1772739343000, 'name': 'Дмитрий Марков'}}, 'type': 'contact'}]}, 'sender': {'user_id': 23645861, 'first_name': 'Дмитрий', 'last_name': 'Марков', 'is_bot': False, 'last_activity_time': 1772739343000, 'name': 'Дмитрий Марков'}}, 'timestamp': 1772739346192, 'user_locale': 'ru', 'update_type': 'message_created'}
txt

2026-03-05 22:35:50
mid.000000000de64379019cbf7fbf102a73
del

2026-03-05 22:35:51
mid.000000000de64379019cbf7fd3df0959
snd

2026-03-05 22:35:51
mid.000000000de64379019cbf7f8aa516f5
del

2026-03-05 22:35:53
mid.000000000de64379019cbf7fdc8a148f
snd

2026-03-05 22:35:54
mid.000000000de64379019cbf7fd3df0959
del

2026-03-05 22:37:35
{'message': {'recipient': {'chat_id': 233194361, 'chat_type': 'dialog', 'user_id': 210669020}, 'timestamp': 1772739455700, 'body': {'mid': 'mid.000000000de64379019cbf816ad429ae', 'seq': 116178252968765870, 'text': '991033097'}, 'sender': {'user_id': 23645861, 'first_name': 'Дмитрий', 'last_name': 'Марков', 'is_bot': False, 'last_activity_time': 1772739455000, 'name': 'Дмитрий Марков'}}, 'timestamp': 1772739455700, 'user_locale': 'ru', 'update_type': 'message_created'}
txt

2026-03-05 22:37:44
mid.000000000de64379019cbf816ad429ae
del

2026-03-05 22:37:46
mid.000000000de64379019cbf8194d20959
snd

2026-03-05 22:37:47
mid.000000000de64379019cbf7fdc8a148f
del

2026-03-05 22:37:49
mid.000000000de64379019cbf81a163661d
snd

2026-03-05 22:37:49
mid.000000000de64379019cbf8194d20959
del

2026-03-05 22:38:20
{'message': {'recipient': {'chat_id': 233194361, 'chat_type': 'dialog', 'user_id': 210669020}, 'timestamp': 1772739501170, 'body': {'mid': 'mid.000000000de64379019cbf821c727e86', 'seq': 116178255948709510, 'text': '915292'}, 'sender': {'user_id': 23645861, 'first_name': 'Дмитрий', 'last_name': 'Марков', 'is_bot': False, 'last_activity_time': 1772739497000, 'name': 'Дмитрий Марков'}}, 'timestamp': 1772739501170, 'user_locale': 'ru', 'update_type': 'message_created'}
txt

2026-03-05 22:38:21
mid.000000000de64379019cbf821c727e86
del

2026-03-05 22:38:22
mid.000000000de64379019cbf8222110959
snd

2026-03-05 22:38:22
mid.000000000de64379019cbf81a163661d
del

2026-03-05 22:38:24
mid.000000000de64379019cbf822af21525
snd

2026-03-05 22:38:26
mid.000000000de64379019cbf8232dd3b4e
snd

2026-03-05 22:38:26
mid.000000000de64379019cbf8222110959
del

2026-03-05 22:38:35
{'callback': {'timestamp': 1772739515773, 'callback_id': 'f9LHodD0cOL1FdaVO5_FaWwHRuJn-NUXAh5CoqvkIHrxSlS7DTnDFNNxSItxYEy4TbMNsccAzj6w5aKv7AFxjXGVS3izDa5b_LdddwOaVddHsszLxokR', 'user': {'user_id': 23645861, 'first_name': 'Дмитрий', 'last_name': 'Марков', 'is_bot': False, 'last_activity_time': 1772739515000, 'name': 'Дмитрий Марков'}, 'payload': 'KBRD.7'}, 'message': {'recipient': {'chat_id': 233194361, 'chat_type': 'dialog', 'user_id': 23645861}, 'timestamp': 1772739506909, 'body': {'mid': 'mid.000000000de64379019cbf8232dd3b4e', 'seq': 116178256324803406, 'text': 'Введите код доступа: _ _ _ _', 'attachments': [{'callback_id': 'f9LHodD0cOIkqDrYLtT4XgMGp01XLeYw-K1KW05DfJaVF-PN1shfmVEwIqOiLV-6xsQAvvjXp6moaMU1_Nr4CrWY53ZofxoIYt7Xzne3KfHCYG4HCbSn', 'payload': {'buttons': [[{'payload': 'KBRD.7', 'text': '7', 'intent': 'default', 'type': 'callback'}, {'payload': 'KBRD.8', 'text': '8', 'intent': 'default', 'type': 'callback'}, {'payload': 'KBRD.9', 'text': '9', 'intent': 'default', 'type': 'callback'}], [{'payload': 'KBRD.4', 'text': '4', 'intent': 'default', 'type': 'callback'}, {'payload': 'KBRD.5', 'text': '5', 'intent': 'default', 'type': 'callback'}, {'payload': 'KBRD.6', 'text': '6', 'intent': 'default', 'type': 'callback'}], [{'payload': 'KBRD.3', 'text': '3', 'intent': 'default', 'type': 'callback'}, {'payload': 'KBRD.2', 'text': '2', 'intent': 'default', 'type': 'callback'}, {'payload': 'KBRD.1', 'text': '1', 'intent': 'default', 'type': 'callback'}], [{'payload': 'KBRD.0', 'text': '0', 'intent': 'default', 'type': 'callback'}, {'payload': 'KBRD.Cancel', 'text': 'Сброс', 'intent': 'default', 'type': 'callback'}], [{'payload': 'RecoveryAuthorization', 'text': 'Восстановление доступа', 'intent': 'default', 'type': 'callback'}], [{'payload': 'CancelCurrentOperation', 'text': 'Прервать операцию', 'intent': 'default', 'type': 'callback'}]]}, 'type': 'inline_keyboard'}], 'markup': [{'from': 20, 'length': 8, 'type': 'strong'}]}, 'sender': {'user_id': 210669020, 'first_name': 'DASHA_TOKEN_BOT', 'username': 'id575104156000_bot', 'is_bot': True, 'last_activity_time': 1772739515695, 'name': 'DASHA_TOKEN_BOT'}}, 'timestamp': 1772739515773, 'user_locale': 'ru', 'update_type': 'message_callback'}
clb

2026-03-05 22:38:35
23645861
edt

2026-03-05 22:38:36
{'callback': {'timestamp': 1772739516980, 'callback_id': 'f9LHodD0cOKUMdhkt3bmKlik5t569E2XYaSab7SBNSWU5awkPQDg7Kj0i_yqlbMg-FWCA5fofU5Pc1PCpnjBafFK6-2ex4aRAj_HAIXbNgHgJXnnk9UY', 'user': {'user_id': 23645861, 'first_name': 'Дмитрий', 'last_name': 'Марков', 'is_bot': False, 'last_activity_time': 1772739515000, 'name': 'Дмитрий Марков'}, 'payload': 'KBRD.8'}, 'message': {'recipient': {'chat_id': 233194361, 'chat_type': 'dialog', 'user_id': 23645861}, 'timestamp': 1772739506909, 'body': {'mid': 'mid.000000000de64379019cbf8232dd3b4e', 'seq': 116178256324803406, 'text': 'Введите код доступа: * _ _ _', 'attachments': [{'callback_id': 'f9LHodD0cOJ13xUFoir7d3QSuKhZqsIMJ3wugcuEbFyMSxQkKXXQMjSuhKcOXwgfy6sA7l4tnTZyzWmazZitULP3VvwdTcuikmDYTpYKRgSdgdpXefDl', 'payload': {'buttons': [[{'payload': 'KBRD.7', 'text': '7', 'intent': 'default', 'type': 'callback'}, {'payload': 'KBRD.8', 'text': '8', 'intent': 'default', 'type': 'callback'}, {'payload': 'KBRD.9', 'text': '9', 'intent': 'default', 'type': 'callback'}], [{'payload': 'KBRD.4', 'text': '4', 'intent': 'default', 'type': 'callback'}, {'payload': 'KBRD.5', 'text': '5', 'intent': 'default', 'type': 'callback'}, {'payload': 'KBRD.6', 'text': '6', 'intent': 'default', 'type': 'callback'}], [{'payload': 'KBRD.3', 'text': '3', 'intent': 'default', 'type': 'callback'}, {'payload': 'KBRD.2', 'text': '2', 'intent': 'default', 'type': 'callback'}, {'payload': 'KBRD.1', 'text': '1', 'intent': 'default', 'type': 'callback'}], [{'payload': 'KBRD.0', 'text': '0', 'intent': 'default', 'type': 'callback'}, {'payload': 'KBRD.Cancel', 'text': 'Сброс', 'intent': 'default', 'type': 'callback'}], [{'payload': 'RecoveryAuthorization', 'text': 'Восстановление доступа', 'intent': 'default', 'type': 'callback'}], [{'payload': 'CancelCurrentOperation', 'text': 'Прервать операцию', 'intent': 'default', 'type': 'callback'}]]}, 'type': 'inline_keyboard'}], 'markup': [{'from': 20, 'length': 8, 'type': 'strong'}]}, 'sender': {'user_id': 210669020, 'first_name': 'DASHA_TOKEN_BOT', 'username': 'id575104156000_bot', 'is_bot': True, 'last_activity_time': 1772739516916, 'name': 'DASHA_TOKEN_BOT'}}, 'timestamp': 1772739516980, 'user_locale': 'ru', 'update_type': 'message_callback'}
clb

2026-03-05 22:38:37
23645861
edt

2026-03-05 22:38:37
{'callback': {'timestamp': 1772739518248, 'callback_id': 'f9LHodD0cOJoUh39lnE9l8yOcqvAop0yRYe-hjPTS3YCkkBVaKqIemYJUgCZfB-vTDmJKlYOUp97ZDEHLfSO5kyK-VAoBuR4Rl6xHPv6pGd4de7axP8A', 'user': {'user_id': 23645861, 'first_name': 'Дмитрий', 'last_name': 'Марков', 'is_bot': False, 'last_activity_time': 1772739517000, 'name': 'Дмитрий Марков'}, 'payload': 'KBRD.9'}, 'message': {'recipient': {'chat_id': 233194361, 'chat_type': 'dialog', 'user_id': 23645861}, 'timestamp': 1772739506909, 'body': {'mid': 'mid.000000000de64379019cbf8232dd3b4e', 'seq': 116178256324803406, 'text': 'Введите код доступа: * * _ _', 'attachments': [{'callback_id': 'f9LHodD0cOJxQNDaOI6V7b30FKMxKvLc5BFTsTpXaNFwwtXzf3CnRZG79WnuiGH_3lrnHi_k05JcaSr0CQFzICepLVjUJzb5qpP-Jo0-RkWlrkt7-lbP', 'payload': {'buttons': [[{'payload': 'KBRD.7', 'text': '7', 'intent': 'default', 'type': 'callback'}, {'payload': 'KBRD.8', 'text': '8', 'intent': 'default', 'type': 'callback'}, {'payload': 'KBRD.9', 'text': '9', 'intent': 'default', 'type': 'callback'}], [{'payload': 'KBRD.4', 'text': '4', 'intent': 'default', 'type': 'callback'}, {'payload': 'KBRD.5', 'text': '5', 'intent': 'default', 'type': 'callback'}, {'payload': 'KBRD.6', 'text': '6', 'intent': 'default', 'type': 'callback'}], [{'payload': 'KBRD.3', 'text': '3', 'intent': 'default', 'type': 'callback'}, {'payload': 'KBRD.2', 'text': '2', 'intent': 'default', 'type': 'callback'}, {'payload': 'KBRD.1', 'text': '1', 'intent': 'default', 'type': 'callback'}], [{'payload': 'KBRD.0', 'text': '0', 'intent': 'default', 'type': 'callback'}, {'payload': 'KBRD.Cancel', 'text': 'Сброс', 'intent': 'default', 'type': 'callback'}], [{'payload': 'RecoveryAuthorization', 'text': 'Восстановление доступа', 'intent': 'default', 'type': 'callback'}], [{'payload': 'CancelCurrentOperation', 'text': 'Прервать операцию', 'intent': 'default', 'type': 'callback'}]]}, 'type': 'inline_keyboard'}], 'markup': [{'from': 20, 'length': 8, 'type': 'strong'}]}, 'sender': {'user_id': 210669020, 'first_name': 'DASHA_TOKEN_BOT', 'username': 'id575104156000_bot', 'is_bot': True, 'last_activity_time': 1772739518204, 'name': 'DASHA_TOKEN_BOT'}}, 'timestamp': 1772739518248, 'user_locale': 'ru', 'update_type': 'message_callback'}
clb

2026-03-05 22:38:38
23645861
edt

2026-03-05 22:38:40
{'callback': {'timestamp': 1772739520547, 'callback_id': 'f9LHodD0cOIOZsLWoW4EhB0McfLgQ-IzcmnqmgEetAZZHJwbMUi2M_S1hyAw4Rnqix92CZ7xK2kiiu_5-HeotYnldP2x-yAGJslm6zgpj-DFjXySRfvm', 'user': {'user_id': 23645861, 'first_name': 'Дмитрий', 'last_name': 'Марков', 'is_bot': False, 'last_activity_time': 1772739517000, 'name': 'Дмитрий Марков'}, 'payload': 'KBRD.5'}, 'message': {'recipient': {'chat_id': 233194361, 'chat_type': 'dialog', 'user_id': 23645861}, 'timestamp': 1772739506909, 'body': {'mid': 'mid.000000000de64379019cbf8232dd3b4e', 'seq': 116178256324803406, 'text': 'Введите код доступа: * * * _', 'attachments': [{'callback_id': 'f9LHodD0cOK4bkEZlLiAa1g5UM493yVZ_abGjaj2tXapF2OCsP1Gl_PcEgHSf7PjQjPVVniEUlreKH6weLSOMOUsduWFtrEa6jeTjzOhS_ECFjUDLHBC', 'payload': {'buttons': [[{'payload': 'KBRD.7', 'text': '7', 'intent': 'default', 'type': 'callback'}, {'payload': 'KBRD.8', 'text': '8', 'intent': 'default', 'type': 'callback'}, {'payload': 'KBRD.9', 'text': '9', 'intent': 'default', 'type': 'callback'}], [{'payload': 'KBRD.4', 'text': '4', 'intent': 'default', 'type': 'callback'}, {'payload': 'KBRD.5', 'text': '5', 'intent': 'default', 'type': 'callback'}, {'payload': 'KBRD.6', 'text': '6', 'intent': 'default', 'type': 'callback'}], [{'payload': 'KBRD.3', 'text': '3', 'intent': 'default', 'type': 'callback'}, {'payload': 'KBRD.2', 'text': '2', 'intent': 'default', 'type': 'callback'}, {'payload': 'KBRD.1', 'text': '1', 'intent': 'default', 'type': 'callback'}], [{'payload': 'KBRD.0', 'text': '0', 'intent': 'default', 'type': 'callback'}, {'payload': 'KBRD.Cancel', 'text': 'Сброс', 'intent': 'default', 'type': 'callback'}], [{'payload': 'RecoveryAuthorization', 'text': 'Восстановление доступа', 'intent': 'default', 'type': 'callback'}], [{'payload': 'CancelCurrentOperation', 'text': 'Прервать операцию', 'intent': 'default', 'type': 'callback'}]]}, 'type': 'inline_keyboard'}], 'markup': [{'from': 20, 'length': 8, 'type': 'strong'}]}, 'sender': {'user_id': 210669020, 'first_name': 'DASHA_TOKEN_BOT', 'username': 'id575104156000_bot', 'is_bot': True, 'last_activity_time': 1772739520461, 'name': 'DASHA_TOKEN_BOT'}}, 'timestamp': 1772739520547, 'user_locale': 'ru', 'update_type': 'message_callback'}
clb

2026-03-05 22:38:40
23645861
edt

2026-03-05 22:38:41
mid.000000000de64379019cbf826ce40959
snd

2026-03-05 22:38:41
mid.000000000de64379019cbf8232dd3b4e
del

2026-03-05 22:38:42
mid.000000000de64379019cbf82721632cb
snd

2026-03-05 22:38:43
mid.000000000de64379019cbf826ce40959
del

2026-03-05 22:41:46
mid.000000000de64379019cbf8542050959
snd

2026-03-05 22:41:48
mid.000000000de64379019cbf82721632cb
del

2026-03-05 22:41:49
mid.000000000de64379019cbf822af21525
del

2026-03-05 22:41:50
mid.000000000de64379019cbf7f83b26541
del

2026-03-05 22:41:50
mid.000000000de64379019cbf85515a3130
snd

2026-03-05 22:41:51
mid.000000000de64379019cbf8542050959
del

2026-03-05 22:45:19
{'callback': {'timestamp': 1772739919718, 'callback_id': 'f9LHodD0cOIKf4p1MtIdB-vN8NaWg0_ICl85PNH_GiQPsp_IlziARUgK32apz_w72AbFTseqjfEyx22xMK4oIPoP8LRr5Q6fQnnvngm2nOmNmCC8dQ7b', 'user': {'user_id': 23645861, 'first_name': 'Дмитрий', 'last_name': 'Марков', 'is_bot': False, 'last_activity_time': 1772739913000, 'name': 'Дмитрий Марков'}, 'payload': 'Registration'}, 'message': {'recipient': {'chat_id': 233194361, 'chat_type': 'dialog', 'user_id': 23645861}, 'timestamp': 1772739711322, 'body': {'mid': 'mid.000000000de64379019cbf85515a3130', 'seq': 116178269721211184, 'text': 'Превышено разрешенное время бездействия Бота.', 'attachments': [{'callback_id': 'f9LHodD0cOJ812xFTOjnt9gt0C8OW5UP3xrAXMVlPTjZVh3gxrd9KV8Ee1kGXLOQbzWYq6xE7JezYw0B0w6oc0f7WA-PTQHq3hyG-T33MfkeEuswkflk', 'payload': {'buttons': [[{'payload': 'Registration', 'text': 'Регистрация', 'intent': 'default', 'type': 'callback'}]]}, 'type': 'inline_keyboard'}], 'markup': [{'from': 40, 'length': 4, 'type': 'strong'}]}, 'sender': {'user_id': 210669020, 'first_name': 'DASHA_TOKEN_BOT', 'username': 'id575104156000_bot', 'is_bot': True, 'last_activity_time': 1772739919811, 'name': 'DASHA_TOKEN_BOT'}}, 'timestamp': 1772739919718, 'user_locale': 'ru', 'update_type': 'message_callback'}
clb

2026-03-05 22:45:19
mid.000000000de64379019cbf85515a3130
del

2026-03-05 22:45:20
mid.000000000de64379019cbf8884195f55
snd

2026-03-05 22:45:25
{'callback': {'timestamp': 1772739926130, 'callback_id': 'f9LHodD0cOIdzJOCqjVBLouRSLIGqgEFaGO2dh3vJ_JszcFKjOE3lqHuphYjUL_3xHfw0BMwwxw7HapKM0K_5iItxlNuWLPFL8T6ZwiNBfzU0KK5IMzA', 'user': {'user_id': 23645861, 'first_name': 'Дмитрий', 'last_name': 'Марков', 'is_bot': False, 'last_activity_time': 1772739913000, 'name': 'Дмитрий Марков'}, 'payload': 'Registration'}, 'message': {'recipient': {'chat_id': 233194361, 'chat_type': 'dialog', 'user_id': 23645861}, 'timestamp': 1772739920921, 'body': {'mid': 'mid.000000000de64379019cbf8884195f55', 'seq': 116178283457503061, 'text': 'Текст для RequiredRegistration не найден', 'attachments': [{'callback_id': 'f9LHodD0cOIxjQ8hmrMSF8cenEZi9--VeyQOpxN5LMBatymeRXEOnhktTHfCJ21YyZq9_YVrseMROZA4PQI56qZmmqb4Y9fc74nihuqHJnDtIuTKEmiT', 'payload': {'buttons': [[{'payload': 'Registration', 'text': 'Регистрация', 'intent': 'default', 'type': 'callback'}]]}, 'type': 'inline_keyboard'}], 'markup': [{'from': 10, 'length': 20, 'type': 'strong'}]}, 'sender': {'user_id': 210669020, 'first_name': 'DASHA_TOKEN_BOT', 'username': 'id575104156000_bot', 'is_bot': True, 'last_activity_time': 1772739926095, 'name': 'DASHA_TOKEN_BOT'}}, 'timestamp': 1772739926130, 'user_locale': 'ru', 'update_type': 'message_callback'}
clb

2026-03-05 22:45:26
mid.000000000de64379019cbf889bc70959
snd

2026-03-05 22:45:27
mid.000000000de64379019cbf8884195f55
del

2026-03-05 22:45:27
mid.000000000de64379019cbf88a1126541
snd

2026-03-05 22:45:29
mid.000000000de64379019cbf88a7396c0a
snd

2026-03-05 22:45:29
mid.000000000de64379019cbf889bc70959
del

2026-03-05 22:45:46
{'callback': {'timestamp': 1772739947169, 'callback_id': 'f9LHodD0cOI50FnjUYYw81DOX3JA-sJC-ifhSl9zhERzvb4VMl9q7noydPqhMnpo0CSDmugzSMQ_-2bynSpP9pGIklik5Pdi1ctdiD2Co1fmL6mM8JlS', 'user': {'user_id': 23645861, 'first_name': 'Дмитрий', 'last_name': 'Марков', 'is_bot': False, 'last_activity_time': 1772739940000, 'name': 'Дмитрий Марков'}, 'payload': 'CancelRegistration'}, 'message': {'recipient': {'chat_id': 233194361, 'chat_type': 'dialog', 'user_id': 23645861}, 'timestamp': 1772739929913, 'body': {'mid': 'mid.000000000de64379019cbf88a7396c0a', 'seq': 116178284046806026, 'text': 'Для регистрации необходимо передать боту Ваш контакт. В дальнейшем Вы сможете авторизоваться с помощью номера телефона. Бот не будет пользоваться Вашим номером телефона кроме как для авторизации запросов внешних респондентов', 'attachments': [{'callback_id': 'f9LHodD0cOJumOyQHojHyfVnLVqSXohOjy7mQ0L13FF5ukET9MtANNUG2imoDIoHv569moQCNdWwHUdCA6ex6lxSnCa1TgllJjKZR4VFzvuKM3PwHG1l', 'payload': {'buttons': [[{'text': 'Отправить контакт', 'type': 'request_contact'}], [{'payload': 'CancelRegistration', 'text': 'Отменить регистрацию', 'intent': 'default', 'type': 'callback'}]]}, 'type': 'inline_keyboard'}]}, 'sender': {'user_id': 210669020, 'first_name': 'DASHA_TOKEN_BOT', 'username': 'id575104156000_bot', 'is_bot': True, 'last_activity_time': 1772739947152, 'name': 'DASHA_TOKEN_BOT'}}, 'timestamp': 1772739947169, 'user_locale': 'ru', 'update_type': 'message_callback'}
clb

2026-03-05 22:45:47
mid.000000000de64379019cbf88edbd0959
snd

2026-03-05 22:45:48
mid.000000000de64379019cbf88a7396c0a
del

2026-03-05 22:45:49
mid.000000000de64379019cbf88a1126541
del

2026-03-05 22:45:50
mid.000000000de64379019cbf88f9a47bf2
snd

2026-03-05 22:45:51
mid.000000000de64379019cbf88edbd0959
del

2026-03-05 22:45:52
{'callback': {'timestamp': 1772739953353, 'callback_id': 'f9LHodD0cOJB1bGYASdqMSFNCtyLT-vvoa8aUgChYu6NZfiKWnynKZyzlAB2ZWJmJtnof_A0M5yd37vWcw26pLokQc5o24JLbpegozlqbe84f_vDutnE', 'user': {'user_id': 23645861, 'first_name': 'Дмитрий', 'last_name': 'Марков', 'is_bot': False, 'last_activity_time': 1772739948000, 'name': 'Дмитрий Марков'}, 'payload': 'Registration'}, 'message': {'recipient': {'chat_id': 233194361, 'chat_type': 'dialog', 'user_id': 23645861}, 'timestamp': 1772739951012, 'body': {'mid': 'mid.000000000de64379019cbf88f9a47bf2', 'seq': 116178285429554162, 'text': 'Текст для RequiredRegistration не найден', 'attachments': [{'callback_id': 'f9LHodD0cOIp0uxlJ5Co-PU0f4chUs7CbtY-MWdxRbjeHh8XmDSVtqlcsNxDBrblYANGc0AkwW5et9bYn1Q_UwQizlM_rqAqOB3LykP1_4JRrk0wP1H4', 'payload': {'buttons': [[{'payload': 'Registration', 'text': 'Регистрация', 'intent': 'default', 'type': 'callback'}]]}, 'type': 'inline_keyboard'}], 'markup': [{'from': 10, 'length': 20, 'type': 'strong'}]}, 'sender': {'user_id': 210669020, 'first_name': 'DASHA_TOKEN_BOT', 'username': 'id575104156000_bot', 'is_bot': True, 'last_activity_time': 1772739953283, 'name': 'DASHA_TOKEN_BOT'}}, 'timestamp': 1772739953353, 'user_locale': 'ru', 'update_type': 'message_callback'}
clb

2026-03-05 22:45:53
mid.000000000de64379019cbf8905dc0959
snd

2026-03-05 22:45:54
mid.000000000de64379019cbf88f9a47bf2
del

2026-03-05 22:45:55
mid.000000000de64379019cbf890b8a6541
snd

2026-03-05 22:45:56
mid.000000000de64379019cbf8911824d41
snd

2026-03-05 22:45:57
mid.000000000de64379019cbf8905dc0959
del

2026-03-05 22:46:01
{'message': {'recipient': {'chat_id': 233194361, 'chat_type': 'dialog', 'user_id': 210669020}, 'timestamp': 1772739962280, 'body': {'mid': 'mid.000000000de64379019cbf8925a82a73', 'seq': 116178286167992947, 'text': '', 'attachments': [{'payload': {'vcf_info': 'BEGIN:VCARD\r\nVERSION:3.0\r\nPRODID:ez-vcard 0.10.3\r\nTEL;TYPE=cell:79175560062\r\nFN:Дмитрий Марков\r\nEND:VCARD\r\n', 'max_info': {'user_id': 23645861, 'first_name': 'Дмитрий', 'last_name': 'Марков', 'is_bot': False, 'last_activity_time': 1772739961000, 'name': 'Дмитрий Марков'}}, 'type': 'contact'}]}, 'sender': {'user_id': 23645861, 'first_name': 'Дмитрий', 'last_name': 'Марков', 'is_bot': False, 'last_activity_time': 1772739961000, 'name': 'Дмитрий Марков'}}, 'timestamp': 1772739962280, 'user_locale': 'ru', 'update_type': 'message_created'}
txt

2026-03-05 22:46:02
mid.000000000de64379019cbf8925a82a73
del

2026-03-05 22:46:02
mid.000000000de64379019cbf8929690959
snd

2026-03-05 22:46:03
mid.000000000de64379019cbf8911824d41
del

2026-03-05 22:46:04
mid.000000000de64379019cbf893069148f
snd

2026-03-05 22:46:05
mid.000000000de64379019cbf8929690959
del

2026-03-05 22:46:18
{'message': {'recipient': {'chat_id': 233194361, 'chat_type': 'dialog', 'user_id': 210669020}, 'timestamp': 1772739978632, 'body': {'mid': 'mid.000000000de64379019cbf89658829ae', 'seq': 116178287239637422, 'text': '991033097'}, 'sender': {'user_id': 23645861, 'first_name': 'Дмитрий', 'last_name': 'Марков', 'is_bot': False, 'last_activity_time': 1772739975000, 'name': 'Дмитрий Марков'}}, 'timestamp': 1772739978632, 'user_locale': 'ru', 'update_type': 'message_created'}
txt

2026-03-05 22:46:18
mid.000000000de64379019cbf89658829ae
del

2026-03-05 22:46:19
mid.000000000de64379019cbf896bac0959
snd

2026-03-05 22:46:22
mid.000000000de64379019cbf893069148f
del

2026-03-05 22:46:23
mid.000000000de64379019cbf8979ec653d
snd

2026-03-05 22:46:24
mid.000000000de64379019cbf896bac0959
del

2026-03-05 22:46:40
{'message': {'recipient': {'chat_id': 233194361, 'chat_type': 'dialog', 'user_id': 210669020}, 'timestamp': 1772740000460, 'body': {'mid': 'mid.000000000de64379019cbf89bacc3b07', 'seq': 116178288670161671, 'text': '151626'}, 'sender': {'user_id': 23645861, 'first_name': 'Дмитрий', 'last_name': 'Марков', 'is_bot': False, 'last_activity_time': 1772739994000, 'name': 'Дмитрий Марков'}}, 'timestamp': 1772740000460, 'user_locale': 'ru', 'update_type': 'message_created'}
txt

2026-03-05 22:46:40
mid.000000000de64379019cbf89bacc3b07
del

2026-03-05 22:46:41
mid.000000000de64379019cbf89bf5a0959
snd

2026-03-05 22:46:41
mid.000000000de64379019cbf8979ec653d
del

2026-03-05 22:46:42
mid.000000000de64379019cbf89c63d48a9
snd

2026-03-05 22:46:44
mid.000000000de64379019cbf89cca15e0e
snd

2026-03-05 22:46:45
mid.000000000de64379019cbf89bf5a0959
del

2026-03-05 22:46:56
{'callback': {'timestamp': 1772740017471, 'callback_id': 'f9LHodD0cOIsLHmNdqgWfnGfU46tghDVYAIc_0NLHQCM0v6s7hSuL-gYmctUIKHBq-ttSOKu7fo6o9Ch9bN-6l9YT1J45WfwT684s0s9x-pR31WQuJAk', 'user': {'user_id': 23645861, 'first_name': 'Дмитрий', 'last_name': 'Марков', 'is_bot': False, 'last_activity_time': 1772740015000, 'name': 'Дмитрий Марков'}, 'payload': 'KBRD.5'}, 'message': {'recipient': {'chat_id': 233194361, 'chat_type': 'dialog', 'user_id': 23645861}, 'timestamp': 1772740005025, 'body': {'mid': 'mid.000000000de64379019cbf89cca15e0e', 'seq': 116178288969342478, 'text': 'Введите код доступа: _ _ _ _', 'attachments': [{'callback_id': 'f9LHodD0cOICfDbaD-OUAwGKIh_OIecH7m-ITO1onaCSlew-RCbl_yPgaCustTj29uvEtSiH5meI49LUvLZsFV66Hy1ZWgOSt6pxy7C2KOCNVUgsVty7', 'payload': {'buttons': [[{'payload': 'KBRD.7', 'text': '7', 'intent': 'default', 'type': 'callback'}, {'payload': 'KBRD.8', 'text': '8', 'intent': 'default', 'type': 'callback'}, {'payload': 'KBRD.9', 'text': '9', 'intent': 'default', 'type': 'callback'}], [{'payload': 'KBRD.4', 'text': '4', 'intent': 'default', 'type': 'callback'}, {'payload': 'KBRD.5', 'text': '5', 'intent': 'default', 'type': 'callback'}, {'payload': 'KBRD.6', 'text': '6', 'intent': 'default', 'type': 'callback'}], [{'payload': 'KBRD.3', 'text': '3', 'intent': 'default', 'type': 'callback'}, {'payload': 'KBRD.2', 'text': '2', 'intent': 'default', 'type': 'callback'}, {'payload': 'KBRD.1', 'text': '1', 'intent': 'default', 'type': 'callback'}], [{'payload': 'KBRD.0', 'text': '0', 'intent': 'default', 'type': 'callback'}, {'payload': 'KBRD.Cancel', 'text': 'Сброс', 'intent': 'default', 'type': 'callback'}], [{'payload': 'RecoveryAuthorization', 'text': 'Восстановление доступа', 'intent': 'default', 'type': 'callback'}], [{'payload': 'CancelCurrentOperation', 'text': 'Прервать операцию', 'intent': 'default', 'type': 'callback'}]]}, 'type': 'inline_keyboard'}], 'markup': [{'from': 20, 'length': 8, 'type': 'strong'}]}, 'sender': {'user_id': 210669020, 'first_name': 'DASHA_TOKEN_BOT', 'username': 'id575104156000_bot', 'is_bot': True, 'last_activity_time': 1772740017406, 'name': 'DASHA_TOKEN_BOT'}}, 'timestamp': 1772740017471, 'user_locale': 'ru', 'update_type': 'message_callback'}
clb

2026-03-05 22:46:57
23645861
edt

2026-03-05 22:46:58
{'callback': {'timestamp': 1772740018029, 'callback_id': 'f9LHodD0cOJSTI1wJnmHdJzEo_zsMtKfgYQeIlscQmU14-Sjphea1uQmCn_XspZ7ZBIhoGAKr5TP6BNjucgHY92-GP-ZM6n8HMUASLKLQzic5G16W-QE', 'user': {'user_id': 23645861, 'first_name': 'Дмитрий', 'last_name': 'Марков', 'is_bot': False, 'last_activity_time': 1772740015000, 'name': 'Дмитрий Марков'}, 'payload': 'KBRD.8'}, 'message': {'recipient': {'chat_id': 233194361, 'chat_type': 'dialog', 'user_id': 23645861}, 'timestamp': 1772740005025, 'body': {'mid': 'mid.000000000de64379019cbf89cca15e0e', 'seq': 116178288969342478, 'text': 'Введите код доступа: * _ _ _', 'attachments': [{'callback_id': 'f9LHodD0cOJV7V7a4f9948nmDaBS98hZuV5Dy2p50fcQDCY8v_6sCYU8zERmBJSM8Q_QZT_b8IYdhHSdivjkjVpv3m1p8ac-FYvpE1tJ9syww1vlrodG', 'payload': {'buttons': [[{'payload': 'KBRD.7', 'text': '7', 'intent': 'default', 'type': 'callback'}, {'payload': 'KBRD.8', 'text': '8', 'intent': 'default', 'type': 'callback'}, {'payload': 'KBRD.9', 'text': '9', 'intent': 'default', 'type': 'callback'}], [{'payload': 'KBRD.4', 'text': '4', 'intent': 'default', 'type': 'callback'}, {'payload': 'KBRD.5', 'text': '5', 'intent': 'default', 'type': 'callback'}, {'payload': 'KBRD.6', 'text': '6', 'intent': 'default', 'type': 'callback'}], [{'payload': 'KBRD.3', 'text': '3', 'intent': 'default', 'type': 'callback'}, {'payload': 'KBRD.2', 'text': '2', 'intent': 'default', 'type': 'callback'}, {'payload': 'KBRD.1', 'text': '1', 'intent': 'default', 'type': 'callback'}], [{'payload': 'KBRD.0', 'text': '0', 'intent': 'default', 'type': 'callback'}, {'payload': 'KBRD.Cancel', 'text': 'Сброс', 'intent': 'default', 'type': 'callback'}], [{'payload': 'RecoveryAuthorization', 'text': 'Восстановление доступа', 'intent': 'default', 'type': 'callback'}], [{'payload': 'CancelCurrentOperation', 'text': 'Прервать операцию', 'intent': 'default', 'type': 'callback'}]]}, 'type': 'inline_keyboard'}], 'markup': [{'from': 20, 'length': 8, 'type': 'strong'}]}, 'sender': {'user_id': 210669020, 'first_name': 'DASHA_TOKEN_BOT', 'username': 'id575104156000_bot', 'is_bot': True, 'last_activity_time': 1772740018609, 'name': 'DASHA_TOKEN_BOT'}}, 'timestamp': 1772740018029, 'user_locale': 'ru', 'update_type': 'message_callback'}
clb

2026-03-05 22:46:58
23645861
edt

2026-03-05 22:47:00
{'callback': {'timestamp': 1772740020530, 'callback_id': 'f9LHodD0cOIFXVgBYOaeJabWlJ2mTMfFGQZQPihQrV33IZfhSOzotE4vAVbyr6LByMuLSA_1wRE4ctJ39HbASUfMS9zq3JrixEphFt5_l0LEF48gFSZw', 'user': {'user_id': 23645861, 'first_name': 'Дмитрий', 'last_name': 'Марков', 'is_bot': False, 'last_activity_time': 1772740015000, 'name': 'Дмитрий Марков'}, 'payload': 'KBRD.9'}, 'message': {'recipient': {'chat_id': 233194361, 'chat_type': 'dialog', 'user_id': 23645861}, 'timestamp': 1772740005025, 'body': {'mid': 'mid.000000000de64379019cbf89cca15e0e', 'seq': 116178288969342478, 'text': 'Введите код доступа: * * _ _', 'attachments': [{'callback_id': 'f9LHodD0cOI6nWombBvI-lZFMYTIjUN9EMHqMsOil61fffItqCh-GX1IqpryXvWMgGwhllAJX0nEecKpI3VxCtaXZ9WfmssnXnCgvC9-SgQH4R0p1PVq', 'payload': {'buttons': [[{'payload': 'KBRD.7', 'text': '7', 'intent': 'default', 'type': 'callback'}, {'payload': 'KBRD.8', 'text': '8', 'intent': 'default', 'type': 'callback'}, {'payload': 'KBRD.9', 'text': '9', 'intent': 'default', 'type': 'callback'}], [{'payload': 'KBRD.4', 'text': '4', 'intent': 'default', 'type': 'callback'}, {'payload': 'KBRD.5', 'text': '5', 'intent': 'default', 'type': 'callback'}, {'payload': 'KBRD.6', 'text': '6', 'intent': 'default', 'type': 'callback'}], [{'payload': 'KBRD.3', 'text': '3', 'intent': 'default', 'type': 'callback'}, {'payload': 'KBRD.2', 'text': '2', 'intent': 'default', 'type': 'callback'}, {'payload': 'KBRD.1', 'text': '1', 'intent': 'default', 'type': 'callback'}], [{'payload': 'KBRD.0', 'text': '0', 'intent': 'default', 'type': 'callback'}, {'payload': 'KBRD.Cancel', 'text': 'Сброс', 'intent': 'default', 'type': 'callback'}], [{'payload': 'RecoveryAuthorization', 'text': 'Восстановление доступа', 'intent': 'default', 'type': 'callback'}], [{'payload': 'CancelCurrentOperation', 'text': 'Прервать операцию', 'intent': 'default', 'type': 'callback'}]]}, 'type': 'inline_keyboard'}], 'markup': [{'from': 20, 'length': 8, 'type': 'strong'}]}, 'sender': {'user_id': 210669020, 'first_name': 'DASHA_TOKEN_BOT', 'username': 'id575104156000_bot', 'is_bot': True, 'last_activity_time': 1772740020467, 'name': 'DASHA_TOKEN_BOT'}}, 'timestamp': 1772740020530, 'user_locale': 'ru', 'update_type': 'message_callback'}
clb

2026-03-05 22:47:01
23645861
edt

2026-03-05 22:47:03
{'callback': {'timestamp': 1772740023986, 'callback_id': 'f9LHodD0cOIrOUv83xdCvBfrQzktK5liZ25xFxAukj2bqBPNxydiMstxRBbVz_B-sdC9d6DKOib9km8TfWOV5F6LzeoOHWSbIgsy1hEqEHsOIQcz6nyM', 'user': {'user_id': 23645861, 'first_name': 'Дмитрий', 'last_name': 'Марков', 'is_bot': False, 'last_activity_time': 1772740023000, 'name': 'Дмитрий Марков'}, 'payload': 'KBRD.Cancel'}, 'message': {'recipient': {'chat_id': 233194361, 'chat_type': 'dialog', 'user_id': 23645861}, 'timestamp': 1772740005025, 'body': {'mid': 'mid.000000000de64379019cbf89cca15e0e', 'seq': 116178288969342478, 'text': 'Введите код доступа: * * * _', 'attachments': [{'callback_id': 'f9LHodD0cOLyS6vinq010I3w7ocy1T6pHwUKQcdqB-sStEQ6ydTQT1SguVt6uHwAGI2R3rLTbX-iGmLfD-P7-8RFl23JzbMByHWEVP9OvJSxvVMLBj_n', 'payload': {'buttons': [[{'payload': 'KBRD.7', 'text': '7', 'intent': 'default', 'type': 'callback'}, {'payload': 'KBRD.8', 'text': '8', 'intent': 'default', 'type': 'callback'}, {'payload': 'KBRD.9', 'text': '9', 'intent': 'default', 'type': 'callback'}], [{'payload': 'KBRD.4', 'text': '4', 'intent': 'default', 'type': 'callback'}, {'payload': 'KBRD.5', 'text': '5', 'intent': 'default', 'type': 'callback'}, {'payload': 'KBRD.6', 'text': '6', 'intent': 'default', 'type': 'callback'}], [{'payload': 'KBRD.3', 'text': '3', 'intent': 'default', 'type': 'callback'}, {'payload': 'KBRD.2', 'text': '2', 'intent': 'default', 'type': 'callback'}, {'payload': 'KBRD.1', 'text': '1', 'intent': 'default', 'type': 'callback'}], [{'payload': 'KBRD.0', 'text': '0', 'intent': 'default', 'type': 'callback'}, {'payload': 'KBRD.Cancel', 'text': 'Сброс', 'intent': 'default', 'type': 'callback'}], [{'payload': 'RecoveryAuthorization', 'text': 'Восстановление доступа', 'intent': 'default', 'type': 'callback'}], [{'payload': 'CancelCurrentOperation', 'text': 'Прервать операцию', 'intent': 'default', 'type': 'callback'}]]}, 'type': 'inline_keyboard'}], 'markup': [{'from': 20, 'length': 8, 'type': 'strong'}]}, 'sender': {'user_id': 210669020, 'first_name': 'DASHA_TOKEN_BOT', 'username': 'id575104156000_bot', 'is_bot': True, 'last_activity_time': 1772740023912, 'name': 'DASHA_TOKEN_BOT'}}, 'timestamp': 1772740023986, 'user_locale': 'ru', 'update_type': 'message_callback'}
clb

2026-03-05 22:47:04
23645861
edt

2026-03-05 22:47:38
{'callback': {'timestamp': 1772740058801, 'callback_id': 'f9LHodD0cOJboERKqc0Gh05zbRvUi9pdCKrUZyG_CxU-iP7Jj6W0WDtIIodmCKUT3TyAzbK8pND8lgYnLEHV87xsrFhq6a3BZ0K0CguE-pcNmivxzQAV', 'user': {'user_id': 23645861, 'first_name': 'Дмитрий', 'last_name': 'Марков', 'is_bot': False, 'last_activity_time': 1772740055000, 'name': 'Дмитрий Марков'}, 'payload': 'KBRD.0'}, 'message': {'recipient': {'chat_id': 233194361, 'chat_type': 'dialog', 'user_id': 23645861}, 'timestamp': 1772740005025, 'body': {'mid': 'mid.000000000de64379019cbf89cca15e0e', 'seq': 116178288969342478, 'text': 'Введите код доступа: _ _ _ _', 'attachments': [{'callback_id': 'f9LHodD0cOJWdiXg7ESGAkUQWyK3xn8uLNNYtyT5xZUiLjnv8SDeoPXF1EcFFgwwedBVfLgYQgkyKbPEBqDy1kr4iS5JCpf1WbVESuwZJfjZUvtRNvdh', 'payload': {'buttons': [[{'payload': 'KBRD.7', 'text': '7', 'intent': 'default', 'type': 'callback'}, {'payload': 'KBRD.8', 'text': '8', 'intent': 'default', 'type': 'callback'}, {'payload': 'KBRD.9', 'text': '9', 'intent': 'default', 'type': 'callback'}], [{'payload': 'KBRD.4', 'text': '4', 'intent': 'default', 'type': 'callback'}, {'payload': 'KBRD.5', 'text': '5', 'intent': 'default', 'type': 'callback'}, {'payload': 'KBRD.6', 'text': '6', 'intent': 'default', 'type': 'callback'}], [{'payload': 'KBRD.3', 'text': '3', 'intent': 'default', 'type': 'callback'}, {'payload': 'KBRD.2', 'text': '2', 'intent': 'default', 'type': 'callback'}, {'payload': 'KBRD.1', 'text': '1', 'intent': 'default', 'type': 'callback'}], [{'payload': 'KBRD.0', 'text': '0', 'intent': 'default', 'type': 'callback'}, {'payload': 'KBRD.Cancel', 'text': 'Сброс', 'intent': 'default', 'type': 'callback'}], [{'payload': 'RecoveryAuthorization', 'text': 'Восстановление доступа', 'intent': 'default', 'type': 'callback'}], [{'payload': 'CancelCurrentOperation', 'text': 'Прервать операцию', 'intent': 'default', 'type': 'callback'}]]}, 'type': 'inline_keyboard'}], 'markup': [{'from': 20, 'length': 8, 'type': 'strong'}]}, 'sender': {'user_id': 210669020, 'first_name': 'DASHA_TOKEN_BOT', 'username': 'id575104156000_bot', 'is_bot': True, 'last_activity_time': 1772740058729, 'name': 'DASHA_TOKEN_BOT'}}, 'timestamp': 1772740058801, 'user_locale': 'ru', 'update_type': 'message_callback'}
clb

2026-03-05 22:47:38
23645861
edt

2026-03-05 22:47:39
{'callback': {'timestamp': 1772740059643, 'callback_id': 'f9LHodD0cOIHseyncv4gV9EHwdDMumnZ-HV_eOLRDqQ0u-FD4Dlf3ral97JM3s5nMMYW_JhKhIu1jIaly91WyUBLledwijqx_nz8uXlFIQynI5HNX6ok', 'user': {'user_id': 23645861, 'first_name': 'Дмитрий', 'last_name': 'Марков', 'is_bot': False, 'last_activity_time': 1772740055000, 'name': 'Дмитрий Марков'}, 'payload': 'KBRD.0'}, 'message': {'recipient': {'chat_id': 233194361, 'chat_type': 'dialog', 'user_id': 23645861}, 'timestamp': 1772740005025, 'body': {'mid': 'mid.000000000de64379019cbf89cca15e0e', 'seq': 116178288969342478, 'text': 'Введите код доступа: * _ _ _', 'attachments': [{'callback_id': 'f9LHodD0cOK-ne1PhDPJuGRr0t4W6TZcKkcQVHJoB1R1UpbSZy04yYKlRAzb6tV3thItBa2En8SayOztSg8dxO0To_tOnXzdHg5dBCmZW5xyogT4L4Qp', 'payload': {'buttons': [[{'payload': 'KBRD.7', 'text': '7', 'intent': 'default', 'type': 'callback'}, {'payload': 'KBRD.8', 'text': '8', 'intent': 'default', 'type': 'callback'}, {'payload': 'KBRD.9', 'text': '9', 'intent': 'default', 'type': 'callback'}], [{'payload': 'KBRD.4', 'text': '4', 'intent': 'default', 'type': 'callback'}, {'payload': 'KBRD.5', 'text': '5', 'intent': 'default', 'type': 'callback'}, {'payload': 'KBRD.6', 'text': '6', 'intent': 'default', 'type': 'callback'}], [{'payload': 'KBRD.3', 'text': '3', 'intent': 'default', 'type': 'callback'}, {'payload': 'KBRD.2', 'text': '2', 'intent': 'default', 'type': 'callback'}, {'payload': 'KBRD.1', 'text': '1', 'intent': 'default', 'type': 'callback'}], [{'payload': 'KBRD.0', 'text': '0', 'intent': 'default', 'type': 'callback'}, {'payload': 'KBRD.Cancel', 'text': 'Сброс', 'intent': 'default', 'type': 'callback'}], [{'payload': 'RecoveryAuthorization', 'text': 'Восстановление доступа', 'intent': 'default', 'type': 'callback'}], [{'payload': 'CancelCurrentOperation', 'text': 'Прервать операцию', 'intent': 'default', 'type': 'callback'}]]}, 'type': 'inline_keyboard'}], 'markup': [{'from': 20, 'length': 8, 'type': 'strong'}]}, 'sender': {'user_id': 210669020, 'first_name': 'DASHA_TOKEN_BOT', 'username': 'id575104156000_bot', 'is_bot': True, 'last_activity_time': 1772740059952, 'name': 'DASHA_TOKEN_BOT'}}, 'timestamp': 1772740059643, 'user_locale': 'ru', 'update_type': 'message_callback'}
clb

2026-03-05 22:47:40
23645861
edt

2026-03-05 22:47:41
{'callback': {'timestamp': 1772740061925, 'callback_id': 'f9LHodD0cOLyHJhJ-RWsAl_Sg8UfjV54D2BlWUNwk7CTxTcwMvvvNqgxZ1XsYKzFOlOQVWTLH4so9GfQBiI9o0hxX9uGy7SWEAr5P84P0z0sQdxQcv0B', 'user': {'user_id': 23645861, 'first_name': 'Дмитрий', 'last_name': 'Марков', 'is_bot': False, 'last_activity_time': 1772740055000, 'name': 'Дмитрий Марков'}, 'payload': 'KBRD.0'}, 'message': {'recipient': {'chat_id': 233194361, 'chat_type': 'dialog', 'user_id': 23645861}, 'timestamp': 1772740005025, 'body': {'mid': 'mid.000000000de64379019cbf89cca15e0e', 'seq': 116178288969342478, 'text': 'Введите код доступа: * * _ _', 'attachments': [{'callback_id': 'f9LHodD0cOIbL7QgNY9yI7dijU4B3MfPHusBXbEdYNpfLOoqQsdgSR4hyjlkXpRFxiYmJs_o8yLotrNdIkZJIvSNrGc25FDgK2wMZRE2xxDg0hLzBUec', 'payload': {'buttons': [[{'payload': 'KBRD.7', 'text': '7', 'intent': 'default', 'type': 'callback'}, {'payload': 'KBRD.8', 'text': '8', 'intent': 'default', 'type': 'callback'}, {'payload': 'KBRD.9', 'text': '9', 'intent': 'default', 'type': 'callback'}], [{'payload': 'KBRD.4', 'text': '4', 'intent': 'default', 'type': 'callback'}, {'payload': 'KBRD.5', 'text': '5', 'intent': 'default', 'type': 'callback'}, {'payload': 'KBRD.6', 'text': '6', 'intent': 'default', 'type': 'callback'}], [{'payload': 'KBRD.3', 'text': '3', 'intent': 'default', 'type': 'callback'}, {'payload': 'KBRD.2', 'text': '2', 'intent': 'default', 'type': 'callback'}, {'payload': 'KBRD.1', 'text': '1', 'intent': 'default', 'type': 'callback'}], [{'payload': 'KBRD.0', 'text': '0', 'intent': 'default', 'type': 'callback'}, {'payload': 'KBRD.Cancel', 'text': 'Сброс', 'intent': 'default', 'type': 'callback'}], [{'payload': 'RecoveryAuthorization', 'text': 'Восстановление доступа', 'intent': 'default', 'type': 'callback'}], [{'payload': 'CancelCurrentOperation', 'text': 'Прервать операцию', 'intent': 'default', 'type': 'callback'}]]}, 'type': 'inline_keyboard'}], 'markup': [{'from': 20, 'length': 8, 'type': 'strong'}]}, 'sender': {'user_id': 210669020, 'first_name': 'DASHA_TOKEN_BOT', 'username': 'id575104156000_bot', 'is_bot': True, 'last_activity_time': 1772740061871, 'name': 'DASHA_TOKEN_BOT'}}, 'timestamp': 1772740061925, 'user_locale': 'ru', 'update_type': 'message_callback'}
clb

2026-03-05 22:47:42
23645861
edt

2026-03-05 22:47:44
{'callback': {'timestamp': 1772740065199, 'callback_id': 'f9LHodD0cOKEbTfwtyZArdUlJeMBzkdEJw8OmR4AVRAoBxYX4Y5ILtAjMSRUP9db5g8GP8iCD4-PGd-AgUPmMuhyUCDmzKbJ3aOFSv_eixvZGaYWuzi3', 'user': {'user_id': 23645861, 'first_name': 'Дмитрий', 'last_name': 'Марков', 'is_bot': False, 'last_activity_time': 1772740055000, 'name': 'Дмитрий Марков'}, 'payload': 'KBRD.0'}, 'message': {'recipient': {'chat_id': 233194361, 'chat_type': 'dialog', 'user_id': 23645861}, 'timestamp': 1772740005025, 'body': {'mid': 'mid.000000000de64379019cbf89cca15e0e', 'seq': 116178288969342478, 'text': 'Введите код доступа: * * * _', 'attachments': [{'callback_id': 'f9LHodD0cOLweEpBVopXZwkrYcsVaJSJqemeO3J-igjAYSow3w03UrnTzilK2LNF1_-QzQnUhaDj18Ip2HyZEHVslRknFTdW7vE2yuRK8aH9eNwTIAZO', 'payload': {'buttons': [[{'payload': 'KBRD.7', 'text': '7', 'intent': 'default', 'type': 'callback'}, {'payload': 'KBRD.8', 'text': '8', 'intent': 'default', 'type': 'callback'}, {'payload': 'KBRD.9', 'text': '9', 'intent': 'default', 'type': 'callback'}], [{'payload': 'KBRD.4', 'text': '4', 'intent': 'default', 'type': 'callback'}, {'payload': 'KBRD.5', 'text': '5', 'intent': 'default', 'type': 'callback'}, {'payload': 'KBRD.6', 'text': '6', 'intent': 'default', 'type': 'callback'}], [{'payload': 'KBRD.3', 'text': '3', 'intent': 'default', 'type': 'callback'}, {'payload': 'KBRD.2', 'text': '2', 'intent': 'default', 'type': 'callback'}, {'payload': 'KBRD.1', 'text': '1', 'intent': 'default', 'type': 'callback'}], [{'payload': 'KBRD.0', 'text': '0', 'intent': 'default', 'type': 'callback'}, {'payload': 'KBRD.Cancel', 'text': 'Сброс', 'intent': 'default', 'type': 'callback'}], [{'payload': 'RecoveryAuthorization', 'text': 'Восстановление доступа', 'intent': 'default', 'type': 'callback'}], [{'payload': 'CancelCurrentOperation', 'text': 'Прервать операцию', 'intent': 'default', 'type': 'callback'}]]}, 'type': 'inline_keyboard'}], 'markup': [{'from': 20, 'length': 8, 'type': 'strong'}]}, 'sender': {'user_id': 210669020, 'first_name': 'DASHA_TOKEN_BOT', 'username': 'id575104156000_bot', 'is_bot': True, 'last_activity_time': 1772740065125, 'name': 'DASHA_TOKEN_BOT'}}, 'timestamp': 1772740065199, 'user_locale': 'ru', 'update_type': 'message_callback'}
clb

2026-03-05 22:47:45
23645861
edt

2026-03-05 22:47:46
mid.000000000de64379019cbf8abda60959
snd

2026-03-05 22:47:47
mid.000000000de64379019cbf89cca15e0e
del

2026-03-05 22:48:07
mid.000000000de64379019cbf8b0e9f46e9
snd

2026-03-05 22:48:07
mid.000000000de64379019cbf8b112c32cb
snd

2026-03-05 22:48:08
mid.000000000de64379019cbf8abda60959
del

2026-03-05 22:50:50
mid.000000000de64379019cbf8d8e850959
snd

2026-03-05 22:50:51
mid.000000000de64379019cbf8b112c32cb
del

2026-03-05 22:50:52
mid.000000000de64379019cbf8b0e9f46e9
del

2026-03-05 22:50:52
mid.000000000de64379019cbf89c63d48a9
del

2026-03-05 22:50:53
mid.000000000de64379019cbf890b8a6541
del

2026-03-05 22:50:54
mid.000000000de64379019cbf8d9d1f7324
snd

2026-03-05 22:52:53
{'callback': {'timestamp': 1772740374046, 'callback_id': 'f9LHodD0cOJKxaxxrECQ1vlsOoCuDR4iTTVZcVZUWxLUcaETXo2YAVYPSMCDouWSX_xE9iWAnP3KtD3o0_8fZ7HHiU9SrWiomyGiVF5ZPf8GY5BWuxgH', 'user': {'user_id': 23645861, 'first_name': 'Дмитрий', 'last_name': 'Марков', 'is_bot': False, 'last_activity_time': 1772740373000, 'name': 'Дмитрий Марков'}, 'payload': 'Registration'}, 'message': {'recipient': {'chat_id': 233194361, 'chat_type': 'dialog', 'user_id': 23645861}, 'timestamp': 1772740255007, 'body': {'mid': 'mid.000000000de64379019cbf8d9d1f7324', 'seq': 116178305352168228, 'text': 'Превышено разрешенное время бездействия Бота.', 'attachments': [{'callback_id': 'f9LHodD0cOKDPdPP5pX0e9n9rpKUURwLBGwl9mY0ANDylhFJ6jc1w1LHRSpQv_BVRzuUw38nvrcyVqbRXmoQCoYbzzoGYi8hz1yLEw4pNP3A7KA7Yd1O', 'payload': {'buttons': [[{'payload': 'Registration', 'text': 'Регистрация', 'intent': 'default', 'type': 'callback'}]]}, 'type': 'inline_keyboard'}], 'markup': [{'from': 40, 'length': 4, 'type': 'strong'}]}, 'sender': {'user_id': 210669020, 'first_name': 'DASHA_TOKEN_BOT', 'username': 'id575104156000_bot', 'is_bot': True, 'last_activity_time': 1772740374000, 'name': 'DASHA_TOKEN_BOT'}}, 'timestamp': 1772740374046, 'user_locale': 'ru', 'update_type': 'message_callback'}
clb

2026-03-05 22:52:53
mid.000000000de64379019cbf8d9d1f7324
del

2026-03-05 22:52:54
mid.000000000de64379019cbf8f710c62fb
snd

2026-03-05 22:52:56
{'callback': {'timestamp': 1772740377402, 'callback_id': 'f9LHodD0cOJmNWCqwobwTi01lWuEpIo7dURLAB-Tva8TFI-TJVD_dekF9c5SB2wZu1A3PFA-eyM7DJ2Zyqm8T1pP2nzP1qTv5VkK94Gud1aFXvJ1yyKE', 'user': {'user_id': 23645861, 'first_name': 'Дмитрий', 'last_name': 'Марков', 'is_bot': False, 'last_activity_time': 1772740373000, 'name': 'Дмитрий Марков'}, 'payload': 'Registration'}, 'message': {'recipient': {'chat_id': 233194361, 'chat_type': 'dialog', 'user_id': 23645861}, 'timestamp': 1772740374796, 'body': {'mid': 'mid.000000000de64379019cbf8f710c62fb', 'seq': 116178313202655995, 'text': 'Текст для RequiredRegistration не найден', 'attachments': [{'callback_id': 'f9LHodD0cOK2_l40wbYtRH1I6YNjTBvOUITHE8NBdRR4WIOq-ljTTztmjatF4KsPxkDb9KbDhrf06JmXQvDs4FcgMWlnrAZOmQiBVyH5700c-Jsaijmr', 'payload': {'buttons': [[{'payload': 'Registration', 'text': 'Регистрация', 'intent': 'default', 'type': 'callback'}]]}, 'type': 'inline_keyboard'}], 'markup': [{'from': 10, 'length': 20, 'type': 'strong'}]}, 'sender': {'user_id': 210669020, 'first_name': 'DASHA_TOKEN_BOT', 'username': 'id575104156000_bot', 'is_bot': True, 'last_activity_time': 1772740377328, 'name': 'DASHA_TOKEN_BOT'}}, 'timestamp': 1772740377402, 'user_locale': 'ru', 'update_type': 'message_callback'}
clb

2026-03-05 22:52:57
mid.000000000de64379019cbf8f7c990959
snd

2026-03-05 22:52:57
mid.000000000de64379019cbf8f710c62fb
del

2026-03-05 22:52:58
mid.000000000de64379019cbf8f80186541
snd

2026-03-05 22:52:59
mid.000000000de64379019cbf8f83766262
snd

2026-03-05 22:52:59
mid.000000000de64379019cbf8f7c990959
del

2026-03-05 22:53:03
{'message': {'recipient': {'chat_id': 233194361, 'chat_type': 'dialog', 'user_id': 210669020}, 'timestamp': 1772740383629, 'body': {'mid': 'mid.000000000de64379019cbf8f938d2a73', 'seq': 116178313781521011, 'text': '', 'attachments': [{'payload': {'vcf_info': 'BEGIN:VCARD\r\nVERSION:3.0\r\nPRODID:ez-vcard 0.10.3\r\nTEL;TYPE=cell:79175560062\r\nFN:Дмитрий Марков\r\nEND:VCARD\r\n', 'max_info': {'user_id': 23645861, 'first_name': 'Дмитрий', 'last_name': 'Марков', 'is_bot': False, 'last_activity_time': 1772740373000, 'name': 'Дмитрий Марков'}}, 'type': 'contact'}]}, 'sender': {'user_id': 23645861, 'first_name': 'Дмитрий', 'last_name': 'Марков', 'is_bot': False, 'last_activity_time': 1772740373000, 'name': 'Дмитрий Марков'}}, 'timestamp': 1772740383629, 'user_locale': 'ru', 'update_type': 'message_created'}
txt

2026-03-05 22:53:03
mid.000000000de64379019cbf8f938d2a73
del

2026-03-05 22:53:03
mid.000000000de64379019cbf8f96c20959
snd

2026-03-05 22:53:04
mid.000000000de64379019cbf8f83766262
del

2026-03-05 22:53:05
mid.000000000de64379019cbf8f9b570b0f
snd

2026-03-05 22:53:05
mid.000000000de64379019cbf8f96c20959
del

2026-03-05 22:53:16
{'message': {'recipient': {'chat_id': 233194361, 'chat_type': 'dialog', 'user_id': 210669020}, 'timestamp': 1772740397063, 'body': {'mid': 'mid.000000000de64379019cbf8fc80729ae', 'seq': 116178314661931438, 'text': '991033097'}, 'sender': {'user_id': 23645861, 'first_name': 'Дмитрий', 'last_name': 'Марков', 'is_bot': False, 'last_activity_time': 1772740395000, 'name': 'Дмитрий Марков'}}, 'timestamp': 1772740397063, 'user_locale': 'ru', 'update_type': 'message_created'}
txt

2026-03-05 22:53:17
mid.000000000de64379019cbf8fc80729ae
del

2026-03-05 22:53:17
mid.000000000de64379019cbf8fcb720959
snd

2026-03-05 22:53:19
mid.000000000de64379019cbf8f9b570b0f
del

2026-03-05 22:53:22
mid.000000000de64379019cbf8fdd30749d
snd

2026-03-05 22:53:22
mid.000000000de64379019cbf8fcb720959
del

2026-03-05 22:53:46
{'message': {'recipient': {'chat_id': 233194361, 'chat_type': 'dialog', 'user_id': 210669020}, 'timestamp': 1772740427209, 'body': {'mid': 'mid.000000000de64379019cbf903dc965e7', 'seq': 116178316637595111, 'text': '369717'}, 'sender': {'user_id': 23645861, 'first_name': 'Дмитрий', 'last_name': 'Марков', 'is_bot': False, 'last_activity_time': 1772740420000, 'name': 'Дмитрий Марков'}}, 'timestamp': 1772740427209, 'user_locale': 'ru', 'update_type': 'message_created'}
txt

2026-03-05 22:53:47
mid.000000000de64379019cbf903dc965e7
del

2026-03-05 22:53:47
mid.000000000de64379019cbf9041090959
snd

2026-03-05 22:53:48
mid.000000000de64379019cbf8fdd30749d
del

2026-03-05 22:53:48
mid.000000000de64379019cbf9045b9237f
snd

2026-03-05 22:53:49
mid.000000000de64379019cbf904a3f5ba2
snd

2026-03-05 22:53:50
mid.000000000de64379019cbf9041090959
del

2026-03-05 22:53:52
{'callback': {'timestamp': 1772740433369, 'callback_id': 'f9LHodD0cOLYIaU5jrri66n7onhuPLMQcSO5DuNbTXM6iwMV9TBphRoTdtbyiCeIejlQHTrJphKdKVZa2OINFdgU1jpSfkNniRQnaItRv3_veBcbrW3T', 'user': {'user_id': 23645861, 'first_name': 'Дмитрий', 'last_name': 'Марков', 'is_bot': False, 'last_activity_time': 1772740420000, 'name': 'Дмитрий Марков'}, 'payload': 'KBRD.0'}, 'message': {'recipient': {'chat_id': 233194361, 'chat_type': 'dialog', 'user_id': 23645861}, 'timestamp': 1772740430399, 'body': {'mid': 'mid.000000000de64379019cbf904a3f5ba2', 'seq': 116178316846652322, 'text': 'Введите код доступа: _ _ _ _', 'attachments': [{'callback_id': 'f9LHodD0cOIth-DkG8EMAqHLjGMEGfFlFSJRmcVs97CRcVEN-P8Kf84psOdde6m4_s4nQLazv3-KdYRM5UG14hQLQBdJc_ptcO6aFOjyI07wYx5dAUMh', 'payload': {'buttons': [[{'payload': 'KBRD.7', 'text': '7', 'intent': 'default', 'type': 'callback'}, {'payload': 'KBRD.8', 'text': '8', 'intent': 'default', 'type': 'callback'}, {'payload': 'KBRD.9', 'text': '9', 'intent': 'default', 'type': 'callback'}], [{'payload': 'KBRD.4', 'text': '4', 'intent': 'default', 'type': 'callback'}, {'payload': 'KBRD.5', 'text': '5', 'intent': 'default', 'type': 'callback'}, {'payload': 'KBRD.6', 'text': '6', 'intent': 'default', 'type': 'callback'}], [{'payload': 'KBRD.3', 'text': '3', 'intent': 'default', 'type': 'callback'}, {'payload': 'KBRD.2', 'text': '2', 'intent': 'default', 'type': 'callback'}, {'payload': 'KBRD.1', 'text': '1', 'intent': 'default', 'type': 'callback'}], [{'payload': 'KBRD.0', 'text': '0', 'intent': 'default', 'type': 'callback'}, {'payload': 'KBRD.Cancel', 'text': 'Сброс', 'intent': 'default', 'type': 'callback'}], [{'payload': 'RecoveryAuthorization', 'text': 'Восстановление доступа', 'intent': 'default', 'type': 'callback'}], [{'payload': 'CancelCurrentOperation', 'text': 'Прервать операцию', 'intent': 'default', 'type': 'callback'}]]}, 'type': 'inline_keyboard'}], 'markup': [{'from': 20, 'length': 8, 'type': 'strong'}]}, 'sender': {'user_id': 210669020, 'first_name': 'DASHA_TOKEN_BOT', 'username': 'id575104156000_bot', 'is_bot': True, 'last_activity_time': 1772740433333, 'name': 'DASHA_TOKEN_BOT'}}, 'timestamp': 1772740433369, 'user_locale': 'ru', 'update_type': 'message_callback'}
clb

2026-03-05 22:53:53
23645861
edt

2026-03-05 22:53:53
{'callback': {'timestamp': 1772740434061, 'callback_id': 'f9LHodD0cOJ1STaCDaDxgRdNznbc9NJ68HxdPgqFLq93m0npDlvi0fgWz-JEPPRlg_Z-N5oH2zaiFKsAsKyj1ohVa-WHvCxQXFEJJOSm2qn6utK1_GFi', 'user': {'user_id': 23645861, 'first_name': 'Дмитрий', 'last_name': 'Марков', 'is_bot': False, 'last_activity_time': 1772740420000, 'name': 'Дмитрий Марков'}, 'payload': 'KBRD.0'}, 'message': {'recipient': {'chat_id': 233194361, 'chat_type': 'dialog', 'user_id': 23645861}, 'timestamp': 1772740430399, 'body': {'mid': 'mid.000000000de64379019cbf904a3f5ba2', 'seq': 116178316846652322, 'text': 'Введите код доступа: * _ _ _', 'attachments': [{'callback_id': 'f9LHodD0cOKCFWD2KlYcxI4wxafdU0KjCn06YUhWHAeTPC_qqZ3dpe3l447zf4KtcgNipthBzqGqHpdtbbyW7tCVamwF2DwX3rLDE5hslAG5ND6Gn1Vx', 'payload': {'buttons': [[{'payload': 'KBRD.7', 'text': '7', 'intent': 'default', 'type': 'callback'}, {'payload': 'KBRD.8', 'text': '8', 'intent': 'default', 'type': 'callback'}, {'payload': 'KBRD.9', 'text': '9', 'intent': 'default', 'type': 'callback'}], [{'payload': 'KBRD.4', 'text': '4', 'intent': 'default', 'type': 'callback'}, {'payload': 'KBRD.5', 'text': '5', 'intent': 'default', 'type': 'callback'}, {'payload': 'KBRD.6', 'text': '6', 'intent': 'default', 'type': 'callback'}], [{'payload': 'KBRD.3', 'text': '3', 'intent': 'default', 'type': 'callback'}, {'payload': 'KBRD.2', 'text': '2', 'intent': 'default', 'type': 'callback'}, {'payload': 'KBRD.1', 'text': '1', 'intent': 'default', 'type': 'callback'}], [{'payload': 'KBRD.0', 'text': '0', 'intent': 'default', 'type': 'callback'}, {'payload': 'KBRD.Cancel', 'text': 'Сброс', 'intent': 'default', 'type': 'callback'}], [{'payload': 'RecoveryAuthorization', 'text': 'Восстановление доступа', 'intent': 'default', 'type': 'callback'}], [{'payload': 'CancelCurrentOperation', 'text': 'Прервать операцию', 'intent': 'default', 'type': 'callback'}]]}, 'type': 'inline_keyboard'}], 'markup': [{'from': 20, 'length': 8, 'type': 'strong'}]}, 'sender': {'user_id': 210669020, 'first_name': 'DASHA_TOKEN_BOT', 'username': 'id575104156000_bot', 'is_bot': True, 'last_activity_time': 1772740434209, 'name': 'DASHA_TOKEN_BOT'}}, 'timestamp': 1772740434061, 'user_locale': 'ru', 'update_type': 'message_callback'}
clb

2026-03-05 22:53:54
23645861
edt

2026-03-05 22:53:54
{'callback': {'timestamp': 1772740434606, 'callback_id': 'f9LHodD0cOJdDPcSDMHlAVhVmDHxPz8oVzYvw7IdlVFMExxO2sYG4eKGCfsmJCVuApfGRcwq-Lj0Zay8UOYpMGW_NpVRHPRFcSDYyY5kpWxEEaldXN2z', 'user': {'user_id': 23645861, 'first_name': 'Дмитрий', 'last_name': 'Марков', 'is_bot': False, 'last_activity_time': 1772740420000, 'name': 'Дмитрий Марков'}, 'payload': 'KBRD.0'}, 'message': {'recipient': {'chat_id': 233194361, 'chat_type': 'dialog', 'user_id': 23645861}, 'timestamp': 1772740430399, 'body': {'mid': 'mid.000000000de64379019cbf904a3f5ba2', 'seq': 116178316846652322, 'text': 'Введите код доступа: * * _ _', 'attachments': [{'callback_id': 'f9LHodD0cOJUv5xjMwfmDUBNT5RXiD3mufQbwDWRDYoBFf1yn_CTEoyCp-y6rvQoxR15tgH26MnQoPCpfj3D2nCviHVyRLSx-uyMuiV3s0CAgr745OVk', 'payload': {'buttons': [[{'payload': 'KBRD.7', 'text': '7', 'intent': 'default', 'type': 'callback'}, {'payload': 'KBRD.8', 'text': '8', 'intent': 'default', 'type': 'callback'}, {'payload': 'KBRD.9', 'text': '9', 'intent': 'default', 'type': 'callback'}], [{'payload': 'KBRD.4', 'text': '4', 'intent': 'default', 'type': 'callback'}, {'payload': 'KBRD.5', 'text': '5', 'intent': 'default', 'type': 'callback'}, {'payload': 'KBRD.6', 'text': '6', 'intent': 'default', 'type': 'callback'}], [{'payload': 'KBRD.3', 'text': '3', 'intent': 'default', 'type': 'callback'}, {'payload': 'KBRD.2', 'text': '2', 'intent': 'default', 'type': 'callback'}, {'payload': 'KBRD.1', 'text': '1', 'intent': 'default', 'type': 'callback'}], [{'payload': 'KBRD.0', 'text': '0', 'intent': 'default', 'type': 'callback'}, {'payload': 'KBRD.Cancel', 'text': 'Сброс', 'intent': 'default', 'type': 'callback'}], [{'payload': 'RecoveryAuthorization', 'text': 'Восстановление доступа', 'intent': 'default', 'type': 'callback'}], [{'payload': 'CancelCurrentOperation', 'text': 'Прервать операцию', 'intent': 'default', 'type': 'callback'}]]}, 'type': 'inline_keyboard'}], 'markup': [{'from': 20, 'length': 8, 'type': 'strong'}]}, 'sender': {'user_id': 210669020, 'first_name': 'DASHA_TOKEN_BOT', 'username': 'id575104156000_bot', 'is_bot': True, 'last_activity_time': 1772740434980, 'name': 'DASHA_TOKEN_BOT'}}, 'timestamp': 1772740434606, 'user_locale': 'ru', 'update_type': 'message_callback'}
clb

2026-03-05 22:53:54
23645861
edt

2026-03-05 22:53:56
{'callback': {'timestamp': 1772740436848, 'callback_id': 'f9LHodD0cOI298eerw21W1t-4PruAR479fAQqbzV3RcsBaVjIeB8J48CHByYddT760yhvxRLEhXtMVZYZtmVgiZmluLCx4kSZaqfVSrQQJH6LmAXwWME', 'user': {'user_id': 23645861, 'first_name': 'Дмитрий', 'last_name': 'Марков', 'is_bot': False, 'last_activity_time': 1772740420000, 'name': 'Дмитрий Марков'}, 'payload': 'KBRD.0'}, 'message': {'recipient': {'chat_id': 233194361, 'chat_type': 'dialog', 'user_id': 23645861}, 'timestamp': 1772740430399, 'body': {'mid': 'mid.000000000de64379019cbf904a3f5ba2', 'seq': 116178316846652322, 'text': 'Введите код доступа: * * * _', 'attachments': [{'callback_id': 'f9LHodD0cOKVZ4TqpDnM7_d1Mvc38dJKz5lHeo7ysQWz1qxxKL6IJSPDRh4B85kwzbuQSwFolws_J5gFJbSsSrK-brZaawxn6BVtuUFpIJde-cceDhIf', 'payload': {'buttons': [[{'payload': 'KBRD.7', 'text': '7', 'intent': 'default', 'type': 'callback'}, {'payload': 'KBRD.8', 'text': '8', 'intent': 'default', 'type': 'callback'}, {'payload': 'KBRD.9', 'text': '9', 'intent': 'default', 'type': 'callback'}], [{'payload': 'KBRD.4', 'text': '4', 'intent': 'default', 'type': 'callback'}, {'payload': 'KBRD.5', 'text': '5', 'intent': 'default', 'type': 'callback'}, {'payload': 'KBRD.6', 'text': '6', 'intent': 'default', 'type': 'callback'}], [{'payload': 'KBRD.3', 'text': '3', 'intent': 'default', 'type': 'callback'}, {'payload': 'KBRD.2', 'text': '2', 'intent': 'default', 'type': 'callback'}, {'payload': 'KBRD.1', 'text': '1', 'intent': 'default', 'type': 'callback'}], [{'payload': 'KBRD.0', 'text': '0', 'intent': 'default', 'type': 'callback'}, {'payload': 'KBRD.Cancel', 'text': 'Сброс', 'intent': 'default', 'type': 'callback'}], [{'payload': 'RecoveryAuthorization', 'text': 'Восстановление доступа', 'intent': 'default', 'type': 'callback'}], [{'payload': 'CancelCurrentOperation', 'text': 'Прервать операцию', 'intent': 'default', 'type': 'callback'}]]}, 'type': 'inline_keyboard'}], 'markup': [{'from': 20, 'length': 8, 'type': 'strong'}]}, 'sender': {'user_id': 210669020, 'first_name': 'DASHA_TOKEN_BOT', 'username': 'id575104156000_bot', 'is_bot': True, 'last_activity_time': 1772740436819, 'name': 'DASHA_TOKEN_BOT'}}, 'timestamp': 1772740436848, 'user_locale': 'ru', 'update_type': 'message_callback'}
clb

2026-03-05 22:53:56
23645861
edt

2026-03-05 22:53:57
mid.000000000de64379019cbf9066720959
snd

2026-03-05 22:53:57
mid.000000000de64379019cbf904a3f5ba2
del

2026-03-05 22:54:12
mid.000000000de64379019cbf90a37c2601
snd

2026-03-05 22:54:13
mid.000000000de64379019cbf90a37c2601
del

2026-03-05 22:54:14
mid.000000000de64379019cbf90a9b417cf
snd

2026-03-05 22:54:14
mid.000000000de64379019cbf9066720959
del

2026-03-05 22:55:01
{'callback': {'timestamp': 1772740502340, 'callback_id': 'f9LHodD0cOKYE5upaTCw3EfEI-Oc99R4NdJFK7RoJYILIMz0x_WPxYz_joQ5dYDOufb1LfAQXjhJcWd8PhWUmqe1wJyqKQS0UFCWuE3Aksqy87uXDajA', 'user': {'user_id': 23645861, 'first_name': 'Дмитрий', 'last_name': 'Марков', 'is_bot': False, 'last_activity_time': 1772740478000, 'name': 'Дмитрий Марков'}, 'payload': 'KBRD.0'}, 'message': {'recipient': {'chat_id': 233194361, 'chat_type': 'dialog', 'user_id': 23645861}, 'timestamp': 1772740454836, 'body': {'mid': 'mid.000000000de64379019cbf90a9b417cf', 'seq': 116178318448138191, 'text': 'Введите код доступа: _ _ _ _', 'attachments': [{'callback_id': 'f9LHodD0cOJsLGhuBKo-GbKYFmr17Q9Bg0LJvV_Sb8BFVyZuASI-7pa382gZdpUx6gSKqUwdo8Q9bA62w6ArBTImNOe2V-gIf9sem7sVZ9mNBmWVNaZw', 'payload': {'buttons': [[{'payload': 'KBRD.7', 'text': '7', 'intent': 'default', 'type': 'callback'}, {'payload': 'KBRD.8', 'text': '8', 'intent': 'default', 'type': 'callback'}, {'payload': 'KBRD.9', 'text': '9', 'intent': 'default', 'type': 'callback'}], [{'payload': 'KBRD.4', 'text': '4', 'intent': 'default', 'type': 'callback'}, {'payload': 'KBRD.5', 'text': '5', 'intent': 'default', 'type': 'callback'}, {'payload': 'KBRD.6', 'text': '6', 'intent': 'default', 'type': 'callback'}], [{'payload': 'KBRD.3', 'text': '3', 'intent': 'default', 'type': 'callback'}, {'payload': 'KBRD.2', 'text': '2', 'intent': 'default', 'type': 'callback'}, {'payload': 'KBRD.1', 'text': '1', 'intent': 'default', 'type': 'callback'}], [{'payload': 'KBRD.0', 'text': '0', 'intent': 'default', 'type': 'callback'}, {'payload': 'KBRD.Cancel', 'text': 'Сброс', 'intent': 'default', 'type': 'callback'}], [{'payload': 'RecoveryAuthorization', 'text': 'Восстановление доступа', 'intent': 'default', 'type': 'callback'}], [{'payload': 'CancelCurrentOperation', 'text': 'Прервать операцию', 'intent': 'default', 'type': 'callback'}]]}, 'type': 'inline_keyboard'}], 'markup': [{'from': 20, 'length': 8, 'type': 'strong'}]}, 'sender': {'user_id': 210669020, 'first_name': 'DASHA_TOKEN_BOT', 'username': 'id575104156000_bot', 'is_bot': True, 'last_activity_time': 1772740502291, 'name': 'DASHA_TOKEN_BOT'}}, 'timestamp': 1772740502340, 'user_locale': 'ru', 'update_type': 'message_callback'}
clb

2026-03-05 22:55:02
23645861
edt

2026-03-05 22:55:02
{'callback': {'timestamp': 1772740502820, 'callback_id': 'f9LHodD0cOI3Wj9ikYYOLU0fqbyO723k5dqEymzAwbt899eXkPzQgnY8ChMNstKMKUdD0XH1XQMn2GC5n4F1fM9xnetCLYZ0gyR5Wii9cro3Yde0y6g-', 'user': {'user_id': 23645861, 'first_name': 'Дмитрий', 'last_name': 'Марков', 'is_bot': False, 'last_activity_time': 1772740478000, 'name': 'Дмитрий Марков'}, 'payload': 'KBRD.0'}, 'message': {'recipient': {'chat_id': 233194361, 'chat_type': 'dialog', 'user_id': 23645861}, 'timestamp': 1772740454836, 'body': {'mid': 'mid.000000000de64379019cbf90a9b417cf', 'seq': 116178318448138191, 'text': 'Введите код доступа: * _ _ _', 'attachments': [{'callback_id': 'f9LHodD0cOI7zTmZoMq0tv3bFCfGC1tlLuX7mud1M6PPYWTr16CcMk79KXySyZbR1cWfIY1TvpI8um7l6pgj8RZJllDAkGgmKJhTcu068Cm35Xj2eyjJ', 'payload': {'buttons': [[{'payload': 'KBRD.7', 'text': '7', 'intent': 'default', 'type': 'callback'}, {'payload': 'KBRD.8', 'text': '8', 'intent': 'default', 'type': 'callback'}, {'payload': 'KBRD.9', 'text': '9', 'intent': 'default', 'type': 'callback'}], [{'payload': 'KBRD.4', 'text': '4', 'intent': 'default', 'type': 'callback'}, {'payload': 'KBRD.5', 'text': '5', 'intent': 'default', 'type': 'callback'}, {'payload': 'KBRD.6', 'text': '6', 'intent': 'default', 'type': 'callback'}], [{'payload': 'KBRD.3', 'text': '3', 'intent': 'default', 'type': 'callback'}, {'payload': 'KBRD.2', 'text': '2', 'intent': 'default', 'type': 'callback'}, {'payload': 'KBRD.1', 'text': '1', 'intent': 'default', 'type': 'callback'}], [{'payload': 'KBRD.0', 'text': '0', 'intent': 'default', 'type': 'callback'}, {'payload': 'KBRD.Cancel', 'text': 'Сброс', 'intent': 'default', 'type': 'callback'}], [{'payload': 'RecoveryAuthorization', 'text': 'Восстановление доступа', 'intent': 'default', 'type': 'callback'}], [{'payload': 'CancelCurrentOperation', 'text': 'Прервать операцию', 'intent': 'default', 'type': 'callback'}]]}, 'type': 'inline_keyboard'}], 'markup': [{'from': 20, 'length': 8, 'type': 'strong'}]}, 'sender': {'user_id': 210669020, 'first_name': 'DASHA_TOKEN_BOT', 'username': 'id575104156000_bot', 'is_bot': True, 'last_activity_time': 1772740503070, 'name': 'DASHA_TOKEN_BOT'}}, 'timestamp': 1772740502820, 'user_locale': 'ru', 'update_type': 'message_callback'}
clb

2026-03-05 22:55:02
23645861
edt

2026-03-05 22:55:03
{'callback': {'timestamp': 1772740503341, 'callback_id': 'f9LHodD0cOJu2nyvaEW_o-ZBKELKITvsCEaO0W2D_3kFovcsEO2MjLOhZOUIR_0YZRs5gYjsV8JkFsoMWbGvQNlOFTnd-3RHITfLdtBNjW0_luEeUvYH', 'user': {'user_id': 23645861, 'first_name': 'Дмитрий', 'last_name': 'Марков', 'is_bot': False, 'last_activity_time': 1772740478000, 'name': 'Дмитрий Марков'}, 'payload': 'KBRD.0'}, 'message': {'recipient': {'chat_id': 233194361, 'chat_type': 'dialog', 'user_id': 23645861}, 'timestamp': 1772740454836, 'body': {'mid': 'mid.000000000de64379019cbf90a9b417cf', 'seq': 116178318448138191, 'text': 'Введите код доступа: * * _ _', 'attachments': [{'callback_id': 'f9LHodD0cOKQreOYYzAf9Uo3GQGZJtS6cpjndMqNYwkRT3vkvVbuIpoHqXAOv5zxZgGLvbWPrChQ_kJROSIPviQmg26T-q2akD6pjcMlA7tfLFkyQcFS', 'payload': {'buttons': [[{'payload': 'KBRD.7', 'text': '7', 'intent': 'default', 'type': 'callback'}, {'payload': 'KBRD.8', 'text': '8', 'intent': 'default', 'type': 'callback'}, {'payload': 'KBRD.9', 'text': '9', 'intent': 'default', 'type': 'callback'}], [{'payload': 'KBRD.4', 'text': '4', 'intent': 'default', 'type': 'callback'}, {'payload': 'KBRD.5', 'text': '5', 'intent': 'default', 'type': 'callback'}, {'payload': 'KBRD.6', 'text': '6', 'intent': 'default', 'type': 'callback'}], [{'payload': 'KBRD.3', 'text': '3', 'intent': 'default', 'type': 'callback'}, {'payload': 'KBRD.2', 'text': '2', 'intent': 'default', 'type': 'callback'}, {'payload': 'KBRD.1', 'text': '1', 'intent': 'default', 'type': 'callback'}], [{'payload': 'KBRD.0', 'text': '0', 'intent': 'default', 'type': 'callback'}, {'payload': 'KBRD.Cancel', 'text': 'Сброс', 'intent': 'default', 'type': 'callback'}], [{'payload': 'RecoveryAuthorization', 'text': 'Восстановление доступа', 'intent': 'default', 'type': 'callback'}], [{'payload': 'CancelCurrentOperation', 'text': 'Прервать операцию', 'intent': 'default', 'type': 'callback'}]]}, 'type': 'inline_keyboard'}], 'markup': [{'from': 20, 'length': 8, 'type': 'strong'}]}, 'sender': {'user_id': 210669020, 'first_name': 'DASHA_TOKEN_BOT', 'username': 'id575104156000_bot', 'is_bot': True, 'last_activity_time': 1772740503825, 'name': 'DASHA_TOKEN_BOT'}}, 'timestamp': 1772740503341, 'user_locale': 'ru', 'update_type': 'message_callback'}
clb

2026-03-05 22:55:03
23645861
edt

2026-03-05 22:55:04
{'callback': {'timestamp': 1772740504446, 'callback_id': 'f9LHodD0cOKYxDm1jdGgiqu2Y6eKjLk9MUcNKmMQ6TOl8i_BzDJHsxS7-ifRavXUCV-RATgt_UxlSMCW0aUwwlb-0k4jturmAQE1Op-7_xaGrtZKW3Mb', 'user': {'user_id': 23645861, 'first_name': 'Дмитрий', 'last_name': 'Марков', 'is_bot': False, 'last_activity_time': 1772740478000, 'name': 'Дмитрий Марков'}, 'payload': 'KBRD.0'}, 'message': {'recipient': {'chat_id': 233194361, 'chat_type': 'dialog', 'user_id': 23645861}, 'timestamp': 1772740454836, 'body': {'mid': 'mid.000000000de64379019cbf90a9b417cf', 'seq': 116178318448138191, 'text': 'Введите код доступа: * * * _', 'attachments': [{'callback_id': 'f9LHodD0cOLmEsKzldNagOL697k-wcqpVdDwB9ac451i1lB5XpQ_ioNaXeRlMTYkFvq1xf8BxAV3PzyoSW_Fmbv8o7rWDWtthh9PBTTryhv7lG--0pFQ', 'payload': {'buttons': [[{'payload': 'KBRD.7', 'text': '7', 'intent': 'default', 'type': 'callback'}, {'payload': 'KBRD.8', 'text': '8', 'intent': 'default', 'type': 'callback'}, {'payload': 'KBRD.9', 'text': '9', 'intent': 'default', 'type': 'callback'}], [{'payload': 'KBRD.4', 'text': '4', 'intent': 'default', 'type': 'callback'}, {'payload': 'KBRD.5', 'text': '5', 'intent': 'default', 'type': 'callback'}, {'payload': 'KBRD.6', 'text': '6', 'intent': 'default', 'type': 'callback'}], [{'payload': 'KBRD.3', 'text': '3', 'intent': 'default', 'type': 'callback'}, {'payload': 'KBRD.2', 'text': '2', 'intent': 'default', 'type': 'callback'}, {'payload': 'KBRD.1', 'text': '1', 'intent': 'default', 'type': 'callback'}], [{'payload': 'KBRD.0', 'text': '0', 'intent': 'default', 'type': 'callback'}, {'payload': 'KBRD.Cancel', 'text': 'Сброс', 'intent': 'default', 'type': 'callback'}], [{'payload': 'RecoveryAuthorization', 'text': 'Восстановление доступа', 'intent': 'default', 'type': 'callback'}], [{'payload': 'CancelCurrentOperation', 'text': 'Прервать операцию', 'intent': 'default', 'type': 'callback'}]]}, 'type': 'inline_keyboard'}], 'markup': [{'from': 20, 'length': 8, 'type': 'strong'}]}, 'sender': {'user_id': 210669020, 'first_name': 'DASHA_TOKEN_BOT', 'username': 'id575104156000_bot', 'is_bot': True, 'last_activity_time': 1772740504667, 'name': 'DASHA_TOKEN_BOT'}}, 'timestamp': 1772740504446, 'user_locale': 'ru', 'update_type': 'message_callback'}
clb

2026-03-05 22:55:04
23645861
edt

2026-03-05 22:55:04
mid.000000000de64379019cbf916f5a0959
snd

2026-03-05 22:55:05
mid.000000000de64379019cbf90a9b417cf
del

2026-03-05 22:55:05
mid.000000000de64379019cbf9045b9237f
del

2026-03-05 22:55:06
mid.000000000de64379019cbf8f80186541
del

2026-03-05 22:55:06
mid.000000000de64379019cbf91755e0f7e
snd

2026-03-05 22:55:06
mid.000000000de64379019cbf916f5a0959
del

2026-03-05 22:56:02
{'callback': {'timestamp': 1772740563178, 'callback_id': 'f9LHodD0cOIqCGZIGElGI5yCe-YIVqSs2WJPxiIE-APgv61U3UCUfI_WDaeVoJLdyk6Dmk5H-DcefH3QGNtGR_9F6RCiUMpxG30Aj6dgfoGw7Oe7U-ty', 'user': {'user_id': 23645861, 'first_name': 'Дмитрий', 'last_name': 'Марков', 'is_bot': False, 'last_activity_time': 1772740536000, 'name': 'Дмитрий Марков'}, 'payload': 'MainMenu'}, 'message': {'recipient': {'chat_id': 233194361, 'chat_type': 'dialog', 'user_id': 23645861}, 'timestamp': 1772740506974, 'body': {'mid': 'mid.000000000de64379019cbf91755e0f7e', 'seq': 116178321865052030, 'text': 'Выберите команду меню Бота или получите Новый токен.', 'attachments': [{'callback_id': 'f9LHodD0cOKExmEqXlAAeZTLrYE2G4P-xj_l9ge3Fe2p1vBG56f7usA8fy-wOQngVzT_T4xYQWkU6xxfj1HQXIqDrFIJzPAiUuFupSDbjYdLEdK-Kjtu', 'payload': {'buttons': [[{'payload': 'MainMenu', 'text': 'Главное меню', 'intent': 'default', 'type': 'callback'}], [{'payload': 'GetNewToken', 'text': 'Новый токен', 'intent': 'default', 'type': 'callback'}]]}, 'type': 'inline_keyboard'}], 'markup': [{'from': 40, 'length': 11, 'type': 'strong'}]}, 'sender': {'user_id': 210669020, 'first_name': 'DASHA_TOKEN_BOT', 'username': 'id575104156000_bot', 'is_bot': True, 'last_activity_time': 1772740563121, 'name': 'DASHA_TOKEN_BOT'}}, 'timestamp': 1772740563178, 'user_locale': 'ru', 'update_type': 'message_callback'}
clb

2026-03-05 22:56:03
mid.000000000de64379019cbf92525a0959
snd

2026-03-05 22:56:03
mid.000000000de64379019cbf91755e0f7e
del

2026-03-05 22:56:03
mid.000000000de64379019cbf92555a3afb
snd

2026-03-05 22:56:04
mid.000000000de64379019cbf92525a0959
del

2026-03-05 22:56:06
{'callback': {'timestamp': 1772740567407, 'callback_id': 'f9LHodD0cOLK7aeCOyxiVYNvFS7C_HObB2KO9WuU0C2fJmYfggitupgKPanQwMzdeqLDwc1ac3FwNiBOyowqWUFZV3ZAQPMJnZLS5Lfym1CypSyi1qfj', 'user': {'user_id': 23645861, 'first_name': 'Дмитрий', 'last_name': 'Марков', 'is_bot': False, 'last_activity_time': 1772740565000, 'name': 'Дмитрий Марков'}, 'payload': 'MenuDeleteUser'}, 'message': {'recipient': {'chat_id': 233194361, 'chat_type': 'dialog', 'user_id': 23645861}, 'timestamp': 1772740564314, 'body': {'mid': 'mid.000000000de64379019cbf92555a3afb', 'seq': 116178325622897403, 'text': 'Выберите команду меню Бота или получите Новый токен.', 'attachments': [{'callback_id': 'f9LHodD0cOKl4HafYz6q4glVZbefj5FKaV0XclVNJxq8giytzmcRr6dEqrEcuqOW03fgbyijaaFFwX-3AGjBgu7rvAWJ0fHRLYX0GllMTzxharhXss2v', 'payload': {'buttons': [[{'payload': 'MenuAuth', 'text': 'Изменить доступ', 'intent': 'default', 'type': 'callback'}, {'payload': 'MenuAbout', 'text': 'О сервисе', 'intent': 'default', 'type': 'callback'}], [{'payload': 'MenuDeleteChat', 'text': 'Удалить чат из сервиса', 'intent': 'default', 'type': 'callback'}], [{'payload': 'MenuDeleteUser', 'text': 'Отказаться от использования сервиса', 'intent': 'default', 'type': 'callback'}], [{'payload': 'GetNewToken', 'text': 'Новый токен', 'intent': 'default', 'type': 'callback'}, {'payload': 'MenuExit', 'text': 'Выход из меню', 'intent': 'default', 'type': 'callback'}]]}, 'type': 'inline_keyboard'}], 'markup': [{'from': 40, 'length': 11, 'type': 'strong'}]}, 'sender': {'user_id': 210669020, 'first_name': 'DASHA_TOKEN_BOT', 'username': 'id575104156000_bot', 'is_bot': True, 'last_activity_time': 1772740567346, 'name': 'DASHA_TOKEN_BOT'}}, 'timestamp': 1772740567407, 'user_locale': 'ru', 'update_type': 'message_callback'}
clb

2026-03-05 22:56:07
mid.000000000de64379019cbf9262e00959
snd

2026-03-05 22:56:07
mid.000000000de64379019cbf92555a3afb
del

2026-03-05 22:56:08
mid.000000000de64379019cbf9265d672f3
snd

2026-03-05 22:56:08
mid.000000000de64379019cbf9262e00959
del

2026-03-05 22:56:11
{'callback': {'timestamp': 1772740572480, 'callback_id': 'f9LHodD0cOKSb34ze-15v7dW357qAKtdbGTXkYQiWEhBCAIjoQ6_o398iRh2Rb0uU9LBWUiqdm2JV7lcFacSLNc49Gy7S3HfN2fkcCh7KIYQK5odpsSs', 'user': {'user_id': 23645861, 'first_name': 'Дмитрий', 'last_name': 'Марков', 'is_bot': False, 'last_activity_time': 1772740565000, 'name': 'Дмитрий Марков'}, 'payload': 'MenuDelUserYes'}, 'message': {'recipient': {'chat_id': 233194361, 'chat_type': 'dialog', 'user_id': 23645861}, 'timestamp': 1772740568534, 'body': {'mid': 'mid.000000000de64379019cbf9265d672f3', 'seq': 116178325899473651, 'text': 'Текст для MenuDelUserQuestion не найден', 'attachments': [{'callback_id': 'f9LHodD0cOIkffG5PVxl6R5FpRwo-Ee8KryVVtpbB3IzuYbnKP1l-z2nWlBiL8TarjBR8YtfbF0bJyQQhVdbjd1pXci2GjiEybnNq9CLlnYYqUAUjwJb', 'payload': {'buttons': [[{'payload': 'MenuDelUserYes', 'text': 'ДА - отказаться от сервиса', 'intent': 'default', 'type': 'callback'}], [{'payload': 'MenuDelUserNo', 'text': 'НЕТ - остаться в сервисе', 'intent': 'default', 'type': 'callback'}]]}, 'type': 'inline_keyboard'}], 'markup': [{'from': 10, 'length': 19, 'type': 'strong'}]}, 'sender': {'user_id': 210669020, 'first_name': 'DASHA_TOKEN_BOT', 'username': 'id575104156000_bot', 'is_bot': True, 'last_activity_time': 1772740572428, 'name': 'DASHA_TOKEN_BOT'}}, 'timestamp': 1772740572480, 'user_locale': 'ru', 'update_type': 'message_callback'}
clb

2026-03-05 22:56:12
mid.000000000de64379019cbf9276c80959
snd

2026-03-05 22:57:43
{'callback': {'timestamp': 1772740663920, 'callback_id': 'f9LHodD0cOIezlfp44LWHqS55ZBMhw57fEPBqowZ1ojjcZW2sWgJsIvPvF__Ld-Y8VpjI4da9dDAsarGqZ4s4R_ZKeJnCatNX4OsUINqSC2xaN2-XLQo', 'user': {'user_id': 23645861, 'first_name': 'Дмитрий', 'last_name': 'Марков', 'is_bot': False, 'last_activity_time': 1772740652000, 'name': 'Дмитрий Марков'}, 'payload': 'MenuDelUserYes'}, 'message': {'recipient': {'chat_id': 233194361, 'chat_type': 'dialog', 'user_id': 23645861}, 'timestamp': 1772740568534, 'body': {'mid': 'mid.000000000de64379019cbf9265d672f3', 'seq': 116178325899473651, 'text': 'Текст для MenuDelUserQuestion не найден', 'attachments': [{'callback_id': 'f9LHodD0cOIxwet8VJkXKaRFvf6Ywkuylzu5yphTsySHpHmTi2isKbgZ6By1yuUPdtp7TRVqb7-bx9BsQQyDrY9Z8n1EtnpC466ExH70FyM6c4AN_-C2', 'payload': {'buttons': [[{'payload': 'MenuDelUserYes', 'text': 'ДА - отказаться от сервиса', 'intent': 'default', 'type': 'callback'}], [{'payload': 'MenuDelUserNo', 'text': 'НЕТ - остаться в сервисе', 'intent': 'default', 'type': 'callback'}]]}, 'type': 'inline_keyboard'}], 'markup': [{'from': 10, 'length': 19, 'type': 'strong'}]}, 'sender': {'user_id': 210669020, 'first_name': 'DASHA_TOKEN_BOT', 'username': 'id575104156000_bot', 'is_bot': True, 'last_activity_time': 1772740663867, 'name': 'DASHA_TOKEN_BOT'}}, 'timestamp': 1772740663920, 'user_locale': 'ru', 'update_type': 'message_callback'}
clb

2026-03-05 22:57:43
mid.000000000de64379019cbf93dbe40959
snd

2026-03-05 22:59:45
{'callback': {'timestamp': 1772740786049, 'callback_id': 'f9LHodD0cOLNLj3-id8MKrHx0kahv8806z8d7tg97MMp5zNQIoxZdDe1D6WeUDQ8Pz-drgvZ1jt1UrKFq-hMQrCpdL6PKNJWEd7WMwso4YlJwWfouRzS', 'user': {'user_id': 23645861, 'first_name': 'Дмитрий', 'last_name': 'Марков', 'is_bot': False, 'last_activity_time': 1772740785000, 'name': 'Дмитрий Марков'}, 'payload': 'MenuDelUserYes'}, 'message': {'recipient': {'chat_id': 233194361, 'chat_type': 'dialog', 'user_id': 23645861}, 'timestamp': 1772740568534, 'body': {'mid': 'mid.000000000de64379019cbf9265d672f3', 'seq': 116178325899473651, 'text': 'Текст для MenuDelUserQuestion не найден', 'attachments': [{'callback_id': 'f9LHodD0cOLNvveeLrLxMTDbZIL2m71QElNaP1cdc62dMAqiDuuCWLFPGKybAVreJgRY-4Lw3Qz7lmDY_8QX9hF_MYG-IIVsRk_YsRzyEyfN1sXFRdEN', 'payload': {'buttons': [[{'payload': 'MenuDelUserYes', 'text': 'ДА - отказаться от сервиса', 'intent': 'default', 'type': 'callback'}], [{'payload': 'MenuDelUserNo', 'text': 'НЕТ - остаться в сервисе', 'intent': 'default', 'type': 'callback'}]]}, 'type': 'inline_keyboard'}], 'markup': [{'from': 10, 'length': 19, 'type': 'strong'}]}, 'sender': {'user_id': 210669020, 'first_name': 'DASHA_TOKEN_BOT', 'username': 'id575104156000_bot', 'is_bot': True, 'last_activity_time': 1772740785990, 'name': 'DASHA_TOKEN_BOT'}}, 'timestamp': 1772740786049, 'user_locale': 'ru', 'update_type': 'message_callback'}
clb

2026-03-05 23:00:31
mid.000000000de64379019cbf966b1e0959
snd

2026-03-05 23:01:43
{'callback': {'timestamp': 1772740903967, 'callback_id': 'f9LHodD0cOJcJyMdnZrKB0E_GxWcClFNzEefTfEbZC0i0Q7PuxXi7UZQlG86pUdM65UPntnXWqVVRft4XqEcxNoTK2CGX7vp8OA_2WQ0XoZG-fsQw8yc', 'user': {'user_id': 23645861, 'first_name': 'Дмитрий', 'last_name': 'Марков', 'is_bot': False, 'last_activity_time': 1772740903000, 'name': 'Дмитрий Марков'}, 'payload': 'MenuDelUserNo'}, 'message': {'recipient': {'chat_id': 233194361, 'chat_type': 'dialog', 'user_id': 23645861}, 'timestamp': 1772740568534, 'body': {'mid': 'mid.000000000de64379019cbf9265d672f3', 'seq': 116178325899473651, 'text': 'Текст для MenuDelUserQuestion не найден', 'attachments': [{'callback_id': 'f9LHodD0cOJHiBK7kChxheIBohDgJgV4vPx5YLjjxP68CrA9ny_Lj8LtYZS2H3NddvhoWhm2h3LSo9HULCc5WLRZQDjK2cewYgmTOngkNSx8c6aTijsv', 'payload': {'buttons': [[{'payload': 'MenuDelUserYes', 'text': 'ДА - отказаться от сервиса', 'intent': 'default', 'type': 'callback'}], [{'payload': 'MenuDelUserNo', 'text': 'НЕТ - остаться в сервисе', 'intent': 'default', 'type': 'callback'}]]}, 'type': 'inline_keyboard'}], 'markup': [{'from': 10, 'length': 19, 'type': 'strong'}]}, 'sender': {'user_id': 210669020, 'first_name': 'DASHA_TOKEN_BOT', 'username': 'id575104156000_bot', 'is_bot': True, 'last_activity_time': 1772740903918, 'name': 'DASHA_TOKEN_BOT'}}, 'timestamp': 1772740903967, 'user_locale': 'ru', 'update_type': 'message_callback'}
clb

2026-03-05 23:01:54
mid.000000000de64379019cbf97b0af0959
snd

2026-03-05 23:01:55
mid.000000000de64379019cbf9265d672f3
del

2026-03-05 23:01:55
mid.000000000de64379019cbf97b4495145
snd

2026-03-05 23:01:56
mid.000000000de64379019cbf97b0af0959
del

2026-03-05 23:02:16
{'callback': {'timestamp': 1772740937226, 'callback_id': 'f9LHodD0cOJMQ5pK7jBF1Rs1if-oVkoEPJbCfjjjfGQ3b52tzGh-enAUEgmyjIh00Ql7b_ncMTWOuZt01Z2RmTLK0vGY94NDDpIi4Y0Z7xtegRU-VnI9', 'user': {'user_id': 23645861, 'first_name': 'Дмитрий', 'last_name': 'Марков', 'is_bot': False, 'last_activity_time': 1772740935000, 'name': 'Дмитрий Марков'}, 'payload': 'MainMenu'}, 'message': {'recipient': {'chat_id': 233194361, 'chat_type': 'dialog', 'user_id': 23645861}, 'timestamp': 1772740916297, 'body': {'mid': 'mid.000000000de64379019cbf97b4495145', 'seq': 116178348690460997, 'text': 'Для продолжения перейдите в Главное меню Бота или получите Новый токен.', 'attachments': [{'callback_id': 'f9LHodD0cOKoMFqpgz0sl9i12OWtF7csXe7SaZqRk7lC6OXEKMNVCzPHieYehtZcvZbsBC6f6Y9OukLGlMR57IIPoG-vLEcMy4TpoL2C-otQjzOvSW3N', 'payload': {'buttons': [[{'payload': 'MainMenu', 'text': 'Главное меню', 'intent': 'default', 'type': 'callback'}], [{'payload': 'GetNewToken', 'text': 'Новый токен', 'intent': 'default', 'type': 'callback'}]]}, 'type': 'inline_keyboard'}], 'markup': [{'from': 28, 'length': 12, 'type': 'strong'}, {'from': 59, 'length': 11, 'type': 'strong'}]}, 'sender': {'user_id': 210669020, 'first_name': 'DASHA_TOKEN_BOT', 'username': 'id575104156000_bot', 'is_bot': True, 'last_activity_time': 1772740937185, 'name': 'DASHA_TOKEN_BOT'}}, 'timestamp': 1772740937226, 'user_locale': 'ru', 'update_type': 'message_callback'}
clb

2026-03-05 23:02:17
mid.000000000de64379019cbf97b4495145
del

2026-03-05 23:02:17
mid.000000000de64379019cbf9808ca1c96
snd

2026-03-05 23:02:22
{'callback': {'timestamp': 1772740942916, 'callback_id': 'f9LHodD0cOJjtjl5jJtSCuTf3BvmkS12_LHqGVX3pw5ob1RvmWxpuWk4v1lKFKFw-DXogArOL_tRdoVw1Q8xJTWrvUqtezkSQbCSR9_uLWmaSkd8jrvT', 'user': {'user_id': 23645861, 'first_name': 'Дмитрий', 'last_name': 'Марков', 'is_bot': False, 'last_activity_time': 1772740935000, 'name': 'Дмитрий Марков'}, 'payload': 'Authorization'}, 'message': {'recipient': {'chat_id': 233194361, 'chat_type': 'dialog', 'user_id': 23645861}, 'timestamp': 1772740937930, 'body': {'mid': 'mid.000000000de64379019cbf9808ca1c96', 'seq': 116178350108187798, 'text': 'Текст для RequiredAuthorization не найден', 'attachments': [{'callback_id': 'f9LHodD0cOLek-czn530yRo5noqdol2ZNL3rnXb28iOgUyGEJ3BPKPrjgPaMMi9XnUdLEBChET5c8jedKm-OdyoSvpsoUN5YbVaGr1SgbXt5XZSJOLVt', 'payload': {'buttons': [[{'payload': 'Authorization', 'text': 'Авторизоваться', 'intent': 'default', 'type': 'callback'}]]}, 'type': 'inline_keyboard'}], 'markup': [{'from': 10, 'length': 21, 'type': 'strong'}]}, 'sender': {'user_id': 210669020, 'first_name': 'DASHA_TOKEN_BOT', 'username': 'id575104156000_bot', 'is_bot': True, 'last_activity_time': 1772740942861, 'name': 'DASHA_TOKEN_BOT'}}, 'timestamp': 1772740942916, 'user_locale': 'ru', 'update_type': 'message_callback'}
clb

2026-03-05 23:02:22
mid.000000000de64379019cbf981dc40959
snd

2026-03-05 23:02:23
mid.000000000de64379019cbf9808ca1c96
del

2026-03-05 23:02:23
mid.000000000de64379019cbf9820ab6697
snd

2026-03-05 23:02:24
mid.000000000de64379019cbf9823be5964
snd

2026-03-05 23:02:24
mid.000000000de64379019cbf981dc40959
del

2026-03-05 23:02:26
{'callback': {'timestamp': 1772740946969, 'callback_id': 'f9LHodD0cOLqBsdsepOgVk8kLFYig92nsdLbsBbyPVfSHiLpft5iX-mjgDaxj8tqyEHezGnpA-A1_teVsIx88QJnrrWFj-eWkXqbmqskXK52Y-sJeFzd', 'user': {'user_id': 23645861, 'first_name': 'Дмитрий', 'last_name': 'Марков', 'is_bot': False, 'last_activity_time': 1772740935000, 'name': 'Дмитрий Марков'}, 'payload': 'KBRD.0'}, 'message': {'recipient': {'chat_id': 233194361, 'chat_type': 'dialog', 'user_id': 23645861}, 'timestamp': 1772740944830, 'body': {'mid': 'mid.000000000de64379019cbf9823be5964', 'seq': 116178350560401764, 'text': 'Введите код доступа: _ _ _ _', 'attachments': [{'callback_id': 'f9LHodD0cOLBvkLluu6EwfMKYPo1oe4-ws7c67gHOA3Vo4viwa2cylQTzVzHxFvD0OfP_OLdMwbdYRG4-02nWCviiC0QbqDbCOAETAmSMq3jjL-0Al6c', 'payload': {'buttons': [[{'payload': 'KBRD.7', 'text': '7', 'intent': 'default', 'type': 'callback'}, {'payload': 'KBRD.8', 'text': '8', 'intent': 'default', 'type': 'callback'}, {'payload': 'KBRD.9', 'text': '9', 'intent': 'default', 'type': 'callback'}], [{'payload': 'KBRD.4', 'text': '4', 'intent': 'default', 'type': 'callback'}, {'payload': 'KBRD.5', 'text': '5', 'intent': 'default', 'type': 'callback'}, {'payload': 'KBRD.6', 'text': '6', 'intent': 'default', 'type': 'callback'}], [{'payload': 'KBRD.3', 'text': '3', 'intent': 'default', 'type': 'callback'}, {'payload': 'KBRD.2', 'text': '2', 'intent': 'default', 'type': 'callback'}, {'payload': 'KBRD.1', 'text': '1', 'intent': 'default', 'type': 'callback'}], [{'payload': 'KBRD.0', 'text': '0', 'intent': 'default', 'type': 'callback'}, {'payload': 'KBRD.Cancel', 'text': 'Сброс', 'intent': 'default', 'type': 'callback'}], [{'payload': 'RecoveryAuthorization', 'text': 'Восстановление доступа', 'intent': 'default', 'type': 'callback'}], [{'payload': 'CancelCurrentOperation', 'text': 'Прервать операцию', 'intent': 'default', 'type': 'callback'}]]}, 'type': 'inline_keyboard'}], 'markup': [{'from': 20, 'length': 8, 'type': 'strong'}]}, 'sender': {'user_id': 210669020, 'first_name': 'DASHA_TOKEN_BOT', 'username': 'id575104156000_bot', 'is_bot': True, 'last_activity_time': 1772740946922, 'name': 'DASHA_TOKEN_BOT'}}, 'timestamp': 1772740946969, 'user_locale': 'ru', 'update_type': 'message_callback'}
clb

2026-03-05 23:02:26
23645861
edt

2026-03-05 23:02:27
{'callback': {'timestamp': 1772740947327, 'callback_id': 'f9LHodD0cOKAsvp7s0MtGFneoWBe-FIiNqSx-5ZFGOO1MvD1fa1VyO_0PTvDkW1LEHhAYUwLzr6jxPk46qiZjs2f4kirv6IpRxXQPDoLbgQxdydgG6hg', 'user': {'user_id': 23645861, 'first_name': 'Дмитрий', 'last_name': 'Марков', 'is_bot': False, 'last_activity_time': 1772740935000, 'name': 'Дмитрий Марков'}, 'payload': 'KBRD.0'}, 'message': {'recipient': {'chat_id': 233194361, 'chat_type': 'dialog', 'user_id': 23645861}, 'timestamp': 1772740944830, 'body': {'mid': 'mid.000000000de64379019cbf9823be5964', 'seq': 116178350560401764, 'text': 'Введите код доступа: * _ _ _', 'attachments': [{'callback_id': 'f9LHodD0cOI2jB2DTvT3x-fxBl_hvqT4MWBJGvEdDD79ln5qNocXNixBv_hZ7pCiJ4gbAiYvSyUbNemJlALJYCS2AUxWlMseyO-9SPiPe7Qu5xYX-EOd', 'payload': {'buttons': [[{'payload': 'KBRD.7', 'text': '7', 'intent': 'default', 'type': 'callback'}, {'payload': 'KBRD.8', 'text': '8', 'intent': 'default', 'type': 'callback'}, {'payload': 'KBRD.9', 'text': '9', 'intent': 'default', 'type': 'callback'}], [{'payload': 'KBRD.4', 'text': '4', 'intent': 'default', 'type': 'callback'}, {'payload': 'KBRD.5', 'text': '5', 'intent': 'default', 'type': 'callback'}, {'payload': 'KBRD.6', 'text': '6', 'intent': 'default', 'type': 'callback'}], [{'payload': 'KBRD.3', 'text': '3', 'intent': 'default', 'type': 'callback'}, {'payload': 'KBRD.2', 'text': '2', 'intent': 'default', 'type': 'callback'}, {'payload': 'KBRD.1', 'text': '1', 'intent': 'default', 'type': 'callback'}], [{'payload': 'KBRD.0', 'text': '0', 'intent': 'default', 'type': 'callback'}, {'payload': 'KBRD.Cancel', 'text': 'Сброс', 'intent': 'default', 'type': 'callback'}], [{'payload': 'RecoveryAuthorization', 'text': 'Восстановление доступа', 'intent': 'default', 'type': 'callback'}], [{'payload': 'CancelCurrentOperation', 'text': 'Прервать операцию', 'intent': 'default', 'type': 'callback'}]]}, 'type': 'inline_keyboard'}], 'markup': [{'from': 20, 'length': 8, 'type': 'strong'}]}, 'sender': {'user_id': 210669020, 'first_name': 'DASHA_TOKEN_BOT', 'username': 'id575104156000_bot', 'is_bot': True, 'last_activity_time': 1772740947619, 'name': 'DASHA_TOKEN_BOT'}}, 'timestamp': 1772740947327, 'user_locale': 'ru', 'update_type': 'message_callback'}
clb

2026-03-05 23:02:27
23645861
edt

2026-03-05 23:02:27
{'callback': {'timestamp': 1772740947717, 'callback_id': 'f9LHodD0cOIsGHudz0DYDPkhYr2LgXuy7ju9y_F4Qb-vXdcY3LAAuqi2EYMQDFQC_yEr1t3hXeC5AC5cGBvfVhUG5gQCbH0cHgCH9jrtXqPnNNZdm5II', 'user': {'user_id': 23645861, 'first_name': 'Дмитрий', 'last_name': 'Марков', 'is_bot': False, 'last_activity_time': 1772740935000, 'name': 'Дмитрий Марков'}, 'payload': 'KBRD.0'}, 'message': {'recipient': {'chat_id': 233194361, 'chat_type': 'dialog', 'user_id': 23645861}, 'timestamp': 1772740944830, 'body': {'mid': 'mid.000000000de64379019cbf9823be5964', 'seq': 116178350560401764, 'text': 'Введите код доступа: * * _ _', 'attachments': [{'callback_id': 'f9LHodD0cOL5AK0meEOdNV2rkKp5FP74z3cQ8D2Uy7DQoLm6GsvHQkPplOAVNhVaFIAW23En2wbHycIrx6j8FJH8iN0MYGJaRRvh3ZR4s4hvmIK47mau', 'payload': {'buttons': [[{'payload': 'KBRD.7', 'text': '7', 'intent': 'default', 'type': 'callback'}, {'payload': 'KBRD.8', 'text': '8', 'intent': 'default', 'type': 'callback'}, {'payload': 'KBRD.9', 'text': '9', 'intent': 'default', 'type': 'callback'}], [{'payload': 'KBRD.4', 'text': '4', 'intent': 'default', 'type': 'callback'}, {'payload': 'KBRD.5', 'text': '5', 'intent': 'default', 'type': 'callback'}, {'payload': 'KBRD.6', 'text': '6', 'intent': 'default', 'type': 'callback'}], [{'payload': 'KBRD.3', 'text': '3', 'intent': 'default', 'type': 'callback'}, {'payload': 'KBRD.2', 'text': '2', 'intent': 'default', 'type': 'callback'}, {'payload': 'KBRD.1', 'text': '1', 'intent': 'default', 'type': 'callback'}], [{'payload': 'KBRD.0', 'text': '0', 'intent': 'default', 'type': 'callback'}, {'payload': 'KBRD.Cancel', 'text': 'Сброс', 'intent': 'default', 'type': 'callback'}], [{'payload': 'RecoveryAuthorization', 'text': 'Восстановление доступа', 'intent': 'default', 'type': 'callback'}], [{'payload': 'CancelCurrentOperation', 'text': 'Прервать операцию', 'intent': 'default', 'type': 'callback'}]]}, 'type': 'inline_keyboard'}], 'markup': [{'from': 20, 'length': 8, 'type': 'strong'}]}, 'sender': {'user_id': 210669020, 'first_name': 'DASHA_TOKEN_BOT', 'username': 'id575104156000_bot', 'is_bot': True, 'last_activity_time': 1772740948344, 'name': 'DASHA_TOKEN_BOT'}}, 'timestamp': 1772740947717, 'user_locale': 'ru', 'update_type': 'message_callback'}
clb

2026-03-05 23:02:28
23645861
edt

2026-03-05 23:02:28
{'callback': {'timestamp': 1772740948171, 'callback_id': 'f9LHodD0cOIJ7PxWvvWkY58efsnG-GP4u2YoRslu5aTJnCBork3B6berGNJRiCRvCGlcxlVjWQMKDEqGA3BxwS7gXg5q2m-M9cEX7n9WWIGRpvbihtie', 'user': {'user_id': 23645861, 'first_name': 'Дмитрий', 'last_name': 'Марков', 'is_bot': False, 'last_activity_time': 1772740935000, 'name': 'Дмитрий Марков'}, 'payload': 'KBRD.0'}, 'message': {'recipient': {'chat_id': 233194361, 'chat_type': 'dialog', 'user_id': 23645861}, 'timestamp': 1772740944830, 'body': {'mid': 'mid.000000000de64379019cbf9823be5964', 'seq': 116178350560401764, 'text': 'Введите код доступа: * * _ _', 'attachments': [{'callback_id': 'f9LHodD0cOI2-2REbUssBn_KbulryLy8QLaEJW0Z6vjZDiIVPJCqifpbTd5POklqdwy4JtnRQCFziWFfIWGH58wRvPIkY4-6FWLuzOcRRZqDRchRoMN0', 'payload': {'buttons': [[{'payload': 'KBRD.7', 'text': '7', 'intent': 'default', 'type': 'callback'}, {'payload': 'KBRD.8', 'text': '8', 'intent': 'default', 'type': 'callback'}, {'payload': 'KBRD.9', 'text': '9', 'intent': 'default', 'type': 'callback'}], [{'payload': 'KBRD.4', 'text': '4', 'intent': 'default', 'type': 'callback'}, {'payload': 'KBRD.5', 'text': '5', 'intent': 'default', 'type': 'callback'}, {'payload': 'KBRD.6', 'text': '6', 'intent': 'default', 'type': 'callback'}], [{'payload': 'KBRD.3', 'text': '3', 'intent': 'default', 'type': 'callback'}, {'payload': 'KBRD.2', 'text': '2', 'intent': 'default', 'type': 'callback'}, {'payload': 'KBRD.1', 'text': '1', 'intent': 'default', 'type': 'callback'}], [{'payload': 'KBRD.0', 'text': '0', 'intent': 'default', 'type': 'callback'}, {'payload': 'KBRD.Cancel', 'text': 'Сброс', 'intent': 'default', 'type': 'callback'}], [{'payload': 'RecoveryAuthorization', 'text': 'Восстановление доступа', 'intent': 'default', 'type': 'callback'}], [{'payload': 'CancelCurrentOperation', 'text': 'Прервать операцию', 'intent': 'default', 'type': 'callback'}]]}, 'type': 'inline_keyboard'}], 'markup': [{'from': 20, 'length': 8, 'type': 'strong'}]}, 'sender': {'user_id': 210669020, 'first_name': 'DASHA_TOKEN_BOT', 'username': 'id575104156000_bot', 'is_bot': True, 'last_activity_time': 1772740948346, 'name': 'DASHA_TOKEN_BOT'}}, 'timestamp': 1772740948171, 'user_locale': 'ru', 'update_type': 'message_callback'}
clb

2026-03-05 23:02:28
23645861
edt

2026-03-05 23:02:29
mid.000000000de64379019cbf98360e0959
snd

2026-03-05 23:02:29
mid.000000000de64379019cbf9823be5964
del

2026-03-05 23:02:29
mid.000000000de64379019cbf9820ab6697
del

2026-03-05 23:02:30
mid.000000000de64379019cbf983a4854be
snd

2026-03-05 23:02:30
mid.000000000de64379019cbf98360e0959
del

2026-03-05 23:02:30
{'callback': {'timestamp': 1772740948802, 'callback_id': 'f9LHodD0cOJXqAyWYLRmI1MMoXga-oUNf2H2r8qb7lIm2-_oUlZ4651KPnaoYXpR1wtBKWD4lR30tNm0G-BVg0CzWPn-2aKih0X9S9MZDKDT2igkLSj4', 'user': {'user_id': 23645861, 'first_name': 'Дмитрий', 'last_name': 'Марков', 'is_bot': False, 'last_activity_time': 1772740948000, 'name': 'Дмитрий Марков'}, 'payload': 'KBRD.0'}, 'message': {'recipient': {'chat_id': 233194361, 'chat_type': 'dialog', 'user_id': 23645861}, 'timestamp': 1772740944830, 'body': {'mid': 'mid.000000000de64379019cbf9823be5964', 'seq': 116178350560401764, 'text': 'Введите код доступа: * * * *', 'attachments': [{'callback_id': 'f9LHodD0cOKZawt27RThq8PJj1Vxsr5nj2Ot_SD5-x1IsWpScI6NvdZdYqtwkMjie6C2DlD9oNqEzbVZ_p1oYmbnDXnaYD9-jxVaqHuXrEePsOlxurIm', 'payload': {'buttons': [[{'payload': 'KBRD.7', 'text': '7', 'intent': 'default', 'type': 'callback'}, {'payload': 'KBRD.8', 'text': '8', 'intent': 'default', 'type': 'callback'}, {'payload': 'KBRD.9', 'text': '9', 'intent': 'default', 'type': 'callback'}], [{'payload': 'KBRD.4', 'text': '4', 'intent': 'default', 'type': 'callback'}, {'payload': 'KBRD.5', 'text': '5', 'intent': 'default', 'type': 'callback'}, {'payload': 'KBRD.6', 'text': '6', 'intent': 'default', 'type': 'callback'}], [{'payload': 'KBRD.3', 'text': '3', 'intent': 'default', 'type': 'callback'}, {'payload': 'KBRD.2', 'text': '2', 'intent': 'default', 'type': 'callback'}, {'payload': 'KBRD.1', 'text': '1', 'intent': 'default', 'type': 'callback'}], [{'payload': 'KBRD.0', 'text': '0', 'intent': 'default', 'type': 'callback'}, {'payload': 'KBRD.Cancel', 'text': 'Сброс', 'intent': 'default', 'type': 'callback'}], [{'payload': 'RecoveryAuthorization', 'text': 'Восстановление доступа', 'intent': 'default', 'type': 'callback'}], [{'payload': 'CancelCurrentOperation', 'text': 'Прервать операцию', 'intent': 'default', 'type': 'callback'}]]}, 'type': 'inline_keyboard'}], 'markup': [{'from': 20, 'length': 8, 'type': 'strong'}]}, 'sender': {'user_id': 210669020, 'first_name': 'DASHA_TOKEN_BOT', 'username': 'id575104156000_bot', 'is_bot': True, 'last_activity_time': 1772740951313, 'name': 'DASHA_TOKEN_BOT'}}, 'timestamp': 1772740948802, 'user_locale': 'ru', 'update_type': 'message_callback'}
clb

2026-03-05 23:02:31
23645861
edt

2026-03-05 23:02:49
{'callback': {'timestamp': 1772740969781, 'callback_id': 'f9LHodD0cOLto-2atakWwEL8AUSqjloiLuE6m-eVzmZ88t-4T6UAmABH5Ib6QVY09WMEGf72FIst_poYCkRjg4uBbjZhB1xE0LweUYgQEgBgn2-LkFGX', 'user': {'user_id': 23645861, 'first_name': 'Дмитрий', 'last_name': 'Марков', 'is_bot': False, 'last_activity_time': 1772740964000, 'name': 'Дмитрий Марков'}, 'payload': 'MainMenu'}, 'message': {'recipient': {'chat_id': 233194361, 'chat_type': 'dialog', 'user_id': 23645861}, 'timestamp': 1772740950600, 'body': {'mid': 'mid.000000000de64379019cbf983a4854be', 'seq': 116178350938543294, 'text': 'Выберите команду меню Бота или получите Новый токен.', 'attachments': [{'callback_id': 'f9LHodD0cOLjE1-DLN5nEHWZEPGSc0QrDbqk_eJwoDmZ7iBjh7YZ93t_J5CWR1Ryw_s957Ft-gUdidHhO2yGVeARcinwdBb_DQANw8FJJpUU45UivRnW', 'payload': {'buttons': [[{'payload': 'MainMenu', 'text': 'Главное меню', 'intent': 'default', 'type': 'callback'}], [{'payload': 'GetNewToken', 'text': 'Новый токен', 'intent': 'default', 'type': 'callback'}]]}, 'type': 'inline_keyboard'}], 'markup': [{'from': 40, 'length': 11, 'type': 'strong'}]}, 'sender': {'user_id': 210669020, 'first_name': 'DASHA_TOKEN_BOT', 'username': 'id575104156000_bot', 'is_bot': True, 'last_activity_time': 1772740969736, 'name': 'DASHA_TOKEN_BOT'}}, 'timestamp': 1772740969781, 'user_locale': 'ru', 'update_type': 'message_callback'}
clb

2026-03-05 23:02:49
mid.000000000de64379019cbf9886c90959
snd

2026-03-05 23:02:50
mid.000000000de64379019cbf983a4854be
del

2026-03-05 23:02:50
mid.000000000de64379019cbf9889b47a7b
snd

2026-03-05 23:02:50
mid.000000000de64379019cbf9886c90959
del

2026-03-05 23:03:17
{'callback': {'timestamp': 1772740998479, 'callback_id': 'f9LHodD0cOIIIVe09JptMri4PVVm4c76oSiUqwEPV2S99TBfV3m8gtGwr8UmZjNsrmshYH1zYSxjknYRlLYhw3YLLnzxmFGJe4A_YkasLhfnKrArGkdq', 'user': {'user_id': 23645861, 'first_name': 'Дмитрий', 'last_name': 'Марков', 'is_bot': False, 'last_activity_time': 1772740993000, 'name': 'Дмитрий Марков'}, 'payload': 'MenuDeleteUser'}, 'message': {'recipient': {'chat_id': 233194361, 'chat_type': 'dialog', 'user_id': 23645861}, 'timestamp': 1772740970932, 'body': {'mid': 'mid.000000000de64379019cbf9889b47a7b', 'seq': 116178352271030907, 'text': 'Выберите команду меню Бота или получите Новый токен.', 'attachments': [{'callback_id': 'f9LHodD0cOLy5pThmw0m-XUv8bCQPfqWG86SkpW7_5u3fuQObIMjSmQJqGof6V2qxNdmtahsNcblBVXcYndL_6DE8xqRxxD7Gosv7-hl_HuaHfQ9-OWG', 'payload': {'buttons': [[{'payload': 'MenuAuth', 'text': 'Изменить доступ', 'intent': 'default', 'type': 'callback'}, {'payload': 'MenuAbout', 'text': 'О сервисе', 'intent': 'default', 'type': 'callback'}], [{'payload': 'MenuDeleteChat', 'text': 'Удалить чат из сервиса', 'intent': 'default', 'type': 'callback'}], [{'payload': 'MenuDeleteUser', 'text': 'Отказаться от использования сервиса', 'intent': 'default', 'type': 'callback'}], [{'payload': 'GetNewToken', 'text': 'Новый токен', 'intent': 'default', 'type': 'callback'}, {'payload': 'MenuExit', 'text': 'Выход из меню', 'intent': 'default', 'type': 'callback'}]]}, 'type': 'inline_keyboard'}], 'markup': [{'from': 40, 'length': 11, 'type': 'strong'}]}, 'sender': {'user_id': 210669020, 'first_name': 'DASHA_TOKEN_BOT', 'username': 'id575104156000_bot', 'is_bot': True, 'last_activity_time': 1772740998424, 'name': 'DASHA_TOKEN_BOT'}}, 'timestamp': 1772740998479, 'user_locale': 'ru', 'update_type': 'message_callback'}
clb

2026-03-05 23:03:18
mid.000000000de64379019cbf98f6bd0959
snd

2026-03-05 23:03:18
mid.000000000de64379019cbf9889b47a7b
del

2026-03-05 23:03:19
mid.000000000de64379019cbf98f9ab0af3
snd

2026-03-05 23:03:19
mid.000000000de64379019cbf98f6bd0959
del

2026-03-05 23:03:23
{'callback': {'timestamp': 1772741004510, 'callback_id': 'f9LHodD0cOJUiszGqBT0a-Rgy74PkFYJw0Vrl7KkqtU2C8ppDd-X4GKWgjsgBRLXyMPhWjvXWq9F8w0RdbhpEs5ilIs6DhYJZiFbB3rjS4Q-rEg9GoIh', 'user': {'user_id': 23645861, 'first_name': 'Дмитрий', 'last_name': 'Марков', 'is_bot': False, 'last_activity_time': 1772740993000, 'name': 'Дмитрий Марков'}, 'payload': 'MenuDelUserYes'}, 'message': {'recipient': {'chat_id': 233194361, 'chat_type': 'dialog', 'user_id': 23645861}, 'timestamp': 1772740999595, 'body': {'mid': 'mid.000000000de64379019cbf98f9ab0af3', 'seq': 116178354149460723, 'text': 'Текст для MenuDelUserQuestion не найден', 'attachments': [{'callback_id': 'f9LHodD0cOJG9oM_MYNG51FMOy6eB7yxorwIT_bjnd6_Lfo1m8CQLTdXYL7lWVcv0Nm_UyfZPi2w5kD57Bi4NLk-bnUYpe3j5KwtKoZjZ3TTlXvYx7lL', 'payload': {'buttons': [[{'payload': 'MenuDelUserYes', 'text': 'ДА - отказаться от сервиса', 'intent': 'default', 'type': 'callback'}], [{'payload': 'MenuDelUserNo', 'text': 'НЕТ - остаться в сервисе', 'intent': 'default', 'type': 'callback'}]]}, 'type': 'inline_keyboard'}], 'markup': [{'from': 10, 'length': 19, 'type': 'strong'}]}, 'sender': {'user_id': 210669020, 'first_name': 'DASHA_TOKEN_BOT', 'username': 'id575104156000_bot', 'is_bot': True, 'last_activity_time': 1772741004465, 'name': 'DASHA_TOKEN_BOT'}}, 'timestamp': 1772741004510, 'user_locale': 'ru', 'update_type': 'message_callback'}
clb

2026-03-05 23:03:24
mid.000000000de64379019cbf990e5c0959
snd

2026-03-05 23:03:24
mid.000000000de64379019cbf98f9ab0af3
del

2026-03-05 23:03:25
mid.000000000de64379019cbf990e5c0959
del

2026-03-05 23:04:06
{'message': {'recipient': {'chat_id': 233194361, 'chat_type': 'dialog', 'user_id': 210669020}, 'timestamp': 1772741046487, 'body': {'mid': 'mid.000000000de64379019cbf99b0d71d56', 'seq': 116178357222579542, 'text': 'Цуу'}, 'sender': {'user_id': 23645861, 'first_name': 'Дмитрий', 'last_name': 'Марков', 'is_bot': False, 'last_activity_time': 1772741022000, 'name': 'Дмитрий Марков'}}, 'timestamp': 1772741046487, 'user_locale': 'ru', 'update_type': 'message_created'}
txt

2026-03-05 23:04:06
mid.000000000de64379019cbf99b0d71d56
del

2026-03-05 23:04:06
mid.000000000de64379019cbf99b3d34db7
snd

2026-03-05 23:04:40
{'callback': {'timestamp': 1772741081477, 'callback_id': 'f9LHodD0cOKX6xcp8hUtHrRud9ocxG8TKxCW-EOy0xTGNhoOstOHTdqAHv_xxn87ecgXvfnzUqpR9JUp6Zc4SYVc_xFdJxzjZAiEEb6dSGGzlrgldA78', 'user': {'user_id': 23645861, 'first_name': 'Дмитрий', 'last_name': 'Марков', 'is_bot': False, 'last_activity_time': 1772741080000, 'name': 'Дмитрий Марков'}, 'payload': 'Registration'}, 'message': {'recipient': {'chat_id': 233194361, 'chat_type': 'dialog', 'user_id': 23645861}, 'timestamp': 1772741047251, 'body': {'mid': 'mid.000000000de64379019cbf99b3d34db7', 'seq': 116178357272661431, 'text': 'Текст для RequiredRegistration не найден', 'attachments': [{'callback_id': 'f9LHodD0cOKmG0BGCu15Si4D5fpH2S3t53COXXQLbzD1vKhlXpNNoqillkpyiMzeTMDvqCrgiFlrGR54mTHL7JBeYu9FzPs8u8B-C4I0XsiPPM_eYWmU', 'payload': {'buttons': [[{'payload': 'Registration', 'text': 'Регистрация', 'intent': 'default', 'type': 'callback'}]]}, 'type': 'inline_keyboard'}], 'markup': [{'from': 10, 'length': 20, 'type': 'strong'}]}, 'sender': {'user_id': 210669020, 'first_name': 'DASHA_TOKEN_BOT', 'username': 'id575104156000_bot', 'is_bot': True, 'last_activity_time': 1772741081425, 'name': 'DASHA_TOKEN_BOT'}}, 'timestamp': 1772741081477, 'user_locale': 'ru', 'update_type': 'message_callback'}
clb

2026-03-05 23:04:41
mid.000000000de64379019cbf9a3add0959
snd

2026-03-05 23:04:41
mid.000000000de64379019cbf99b3d34db7
del

2026-03-05 23:04:42
mid.000000000de64379019cbf9a3db66541
snd

2026-03-05 23:04:42
mid.000000000de64379019cbf9a40d504b1
snd

2026-03-05 23:04:43
mid.000000000de64379019cbf9a3add0959
del

2026-03-05 23:04:46
{'message': {'recipient': {'chat_id': 233194361, 'chat_type': 'dialog', 'user_id': 210669020}, 'timestamp': 1772741086855, 'body': {'mid': 'mid.000000000de64379019cbf9a4e872a73', 'seq': 116178359868140147, 'text': '', 'attachments': [{'payload': {'vcf_info': 'BEGIN:VCARD\r\nVERSION:3.0\r\nPRODID:ez-vcard 0.10.3\r\nTEL;TYPE=cell:79175560062\r\nFN:Дмитрий Марков\r\nEND:VCARD\r\n', 'max_info': {'user_id': 23645861, 'first_name': 'Дмитрий', 'last_name': 'Марков', 'is_bot': False, 'last_activity_time': 1772741080000, 'name': 'Дмитрий Марков'}}, 'type': 'contact'}]}, 'sender': {'user_id': 23645861, 'first_name': 'Дмитрий', 'last_name': 'Марков', 'is_bot': False, 'last_activity_time': 1772741080000, 'name': 'Дмитрий Марков'}}, 'timestamp': 1772741086855, 'user_locale': 'ru', 'update_type': 'message_created'}
txt

2026-03-05 23:04:46
mid.000000000de64379019cbf9a4e872a73
del

2026-03-05 23:04:47
mid.000000000de64379019cbf9a51930959
snd

2026-03-05 23:04:47
mid.000000000de64379019cbf9a40d504b1
del

2026-03-05 23:04:48
mid.000000000de64379019cbf9a56105566
snd

2026-03-05 23:04:48
mid.000000000de64379019cbf9a51930959
del

2026-03-05 23:04:59
{'message': {'recipient': {'chat_id': 233194361, 'chat_type': 'dialog', 'user_id': 210669020}, 'timestamp': 1772741099862, 'body': {'mid': 'mid.000000000de64379019cbf9a815629ae', 'seq': 116178360720566702, 'text': '991033097'}, 'sender': {'user_id': 23645861, 'first_name': 'Дмитрий', 'last_name': 'Марков', 'is_bot': False, 'last_activity_time': 1772741099000, 'name': 'Дмитрий Марков'}}, 'timestamp': 1772741099862, 'user_locale': 'ru', 'update_type': 'message_created'}
txt

2026-03-05 23:04:59
mid.000000000de64379019cbf9a815629ae
del

2026-03-05 23:05:00
mid.000000000de64379019cbf9a844c0959
snd

2026-03-05 23:05:01
mid.000000000de64379019cbf9a56105566
del

2026-03-05 23:05:02
mid.000000000de64379019cbf9a8b97443d
snd

2026-03-05 23:05:02
mid.000000000de64379019cbf9a844c0959
del

2026-03-05 23:05:19
{'message': {'recipient': {'chat_id': 233194361, 'chat_type': 'dialog', 'user_id': 210669020}, 'timestamp': 1772741119991, 'body': {'mid': 'mid.000000000de64379019cbf9acff73d31', 'seq': 116178362039745841, 'text': '926516'}, 'sender': {'user_id': 23645861, 'first_name': 'Дмитрий', 'last_name': 'Марков', 'is_bot': False, 'last_activity_time': 1772741116000, 'name': 'Дмитрий Марков'}}, 'timestamp': 1772741119991, 'user_locale': 'ru', 'update_type': 'message_created'}
txt

2026-03-05 23:05:19
mid.000000000de64379019cbf9acff73d31
del

2026-03-05 23:05:20
mid.000000000de64379019cbf9ad3380959
snd

2026-03-05 23:05:20
mid.000000000de64379019cbf9a8b97443d
del

2026-03-05 23:05:21
mid.000000000de64379019cbf9ad78a26ec
snd

2026-03-05 23:05:22
mid.000000000de64379019cbf9adc1f28a0
snd

2026-03-05 23:05:22
mid.000000000de64379019cbf9ad3380959
del

2026-03-05 23:06:09
{'callback': {'timestamp': 1772741169967, 'callback_id': 'f9LHodD0cOJ1fD53J8stXioKary5x4qPRl1DBbjodQpPBBUoWfyXDv9SICZCoTKWpsTXxrcP1Pcj8cuvkl3vm3xlkMlm26jbL8ZCMiUurt05pU4qOCGm', 'user': {'user_id': 23645861, 'first_name': 'Дмитрий', 'last_name': 'Марков', 'is_bot': False, 'last_activity_time': 1772741166000, 'name': 'Дмитрий Марков'}, 'payload': 'KBRD.0'}, 'message': {'recipient': {'chat_id': 233194361, 'chat_type': 'dialog', 'user_id': 23645861}, 'timestamp': 1772741123103, 'body': {'mid': 'mid.000000000de64379019cbf9adc1f28a0', 'seq': 116178362243688608, 'text': 'Введите код доступа: _ _ _ _', 'attachments': [{'callback_id': 'f9LHodD0cOLodztJHBOdEK3KHY1nXz43DE7mtAe0Q28EiBWt1ACTE0hKQRjHPqSq6FkpBoDsEKYPbtSjQbHwL2n-cw03p1dKvXarpu6jYtFVFSGSB6mP', 'payload': {'buttons': [[{'payload': 'KBRD.7', 'text': '7', 'intent': 'default', 'type': 'callback'}, {'payload': 'KBRD.8', 'text': '8', 'intent': 'default', 'type': 'callback'}, {'payload': 'KBRD.9', 'text': '9', 'intent': 'default', 'type': 'callback'}], [{'payload': 'KBRD.4', 'text': '4', 'intent': 'default', 'type': 'callback'}, {'payload': 'KBRD.5', 'text': '5', 'intent': 'default', 'type': 'callback'}, {'payload': 'KBRD.6', 'text': '6', 'intent': 'default', 'type': 'callback'}], [{'payload': 'KBRD.3', 'text': '3', 'intent': 'default', 'type': 'callback'}, {'payload': 'KBRD.2', 'text': '2', 'intent': 'default', 'type': 'callback'}, {'payload': 'KBRD.1', 'text': '1', 'intent': 'default', 'type': 'callback'}], [{'payload': 'KBRD.0', 'text': '0', 'intent': 'default', 'type': 'callback'}, {'payload': 'KBRD.Cancel', 'text': 'Сброс', 'intent': 'default', 'type': 'callback'}], [{'payload': 'RecoveryAuthorization', 'text': 'Восстановление доступа', 'intent': 'default', 'type': 'callback'}], [{'payload': 'CancelCurrentOperation', 'text': 'Прервать операцию', 'intent': 'default', 'type': 'callback'}]]}, 'type': 'inline_keyboard'}], 'markup': [{'from': 20, 'length': 8, 'type': 'strong'}]}, 'sender': {'user_id': 210669020, 'first_name': 'DASHA_TOKEN_BOT', 'username': 'id575104156000_bot', 'is_bot': True, 'last_activity_time': 1772741169908, 'name': 'DASHA_TOKEN_BOT'}}, 'timestamp': 1772741169967, 'user_locale': 'ru', 'update_type': 'message_callback'}
clb

2026-03-05 23:06:10
23645861
edt

2026-03-05 23:06:11
{'callback': {'timestamp': 1772741171885, 'callback_id': 'f9LHodD0cOJr_qW5kA99tm93Sj-aMh_rmw8zjT9NPTmKqV2oSezYcUFIeuzLBviWdnBOdWB0COS7Bx-owRgOVixKSAXGGb00_5DEhYNuO_cSV7Tp5V0V', 'user': {'user_id': 23645861, 'first_name': 'Дмитрий', 'last_name': 'Марков', 'is_bot': False, 'last_activity_time': 1772741166000, 'name': 'Дмитрий Марков'}, 'payload': 'KBRD.0'}, 'message': {'recipient': {'chat_id': 233194361, 'chat_type': 'dialog', 'user_id': 23645861}, 'timestamp': 1772741123103, 'body': {'mid': 'mid.000000000de64379019cbf9adc1f28a0', 'seq': 116178362243688608, 'text': 'Введите код доступа: * _ _ _', 'attachments': [{'callback_id': 'f9LHodD0cOIZ-ijCEHuWh8YhL28Hf0TEJQrP6CZp92aVDk54RtuLbnqwIGQ5nj6KTSoJpwd4Cyy1LclzjsZOa2qjE2sns9NBKoFOaxX9v_RmhaYUn__k', 'payload': {'buttons': [[{'payload': 'KBRD.7', 'text': '7', 'intent': 'default', 'type': 'callback'}, {'payload': 'KBRD.8', 'text': '8', 'intent': 'default', 'type': 'callback'}, {'payload': 'KBRD.9', 'text': '9', 'intent': 'default', 'type': 'callback'}], [{'payload': 'KBRD.4', 'text': '4', 'intent': 'default', 'type': 'callback'}, {'payload': 'KBRD.5', 'text': '5', 'intent': 'default', 'type': 'callback'}, {'payload': 'KBRD.6', 'text': '6', 'intent': 'default', 'type': 'callback'}], [{'payload': 'KBRD.3', 'text': '3', 'intent': 'default', 'type': 'callback'}, {'payload': 'KBRD.2', 'text': '2', 'intent': 'default', 'type': 'callback'}, {'payload': 'KBRD.1', 'text': '1', 'intent': 'default', 'type': 'callback'}], [{'payload': 'KBRD.0', 'text': '0', 'intent': 'default', 'type': 'callback'}, {'payload': 'KBRD.Cancel', 'text': 'Сброс', 'intent': 'default', 'type': 'callback'}], [{'payload': 'RecoveryAuthorization', 'text': 'Восстановление доступа', 'intent': 'default', 'type': 'callback'}], [{'payload': 'CancelCurrentOperation', 'text': 'Прервать операцию', 'intent': 'default', 'type': 'callback'}]]}, 'type': 'inline_keyboard'}], 'markup': [{'from': 20, 'length': 8, 'type': 'strong'}]}, 'sender': {'user_id': 210669020, 'first_name': 'DASHA_TOKEN_BOT', 'username': 'id575104156000_bot', 'is_bot': True, 'last_activity_time': 1772741171830, 'name': 'DASHA_TOKEN_BOT'}}, 'timestamp': 1772741171885, 'user_locale': 'ru', 'update_type': 'message_callback'}
clb

2026-03-05 23:06:11
23645861
edt

2026-03-05 23:06:12
{'callback': {'timestamp': 1772741173331, 'callback_id': 'f9LHodD0cOKWuqhgyXlorxrmq2uUhVj2AGBaflLJyWeUGj_xQvCrT_sxu-uQSGObS2NvL8yHq2wqkWC88XThqUzcWLrMnkja8uMiDR_ixJ8QqBO8NiaU', 'user': {'user_id': 23645861, 'first_name': 'Дмитрий', 'last_name': 'Марков', 'is_bot': False, 'last_activity_time': 1772741166000, 'name': 'Дмитрий Марков'}, 'payload': 'KBRD.0'}, 'message': {'recipient': {'chat_id': 233194361, 'chat_type': 'dialog', 'user_id': 23645861}, 'timestamp': 1772741123103, 'body': {'mid': 'mid.000000000de64379019cbf9adc1f28a0', 'seq': 116178362243688608, 'text': 'Введите код доступа: * * _ _', 'attachments': [{'callback_id': 'f9LHodD0cOL4iZCVIr0675jf8Av7fMzQjxenuh8k8IULF15pP9Yj4DRrTrDdn_zxDWprRlCp4NtBIp8Z8pYe-IxfGM_9vhhfzM414w6gvIKYho1zodjF', 'payload': {'buttons': [[{'payload': 'KBRD.7', 'text': '7', 'intent': 'default', 'type': 'callback'}, {'payload': 'KBRD.8', 'text': '8', 'intent': 'default', 'type': 'callback'}, {'payload': 'KBRD.9', 'text': '9', 'intent': 'default', 'type': 'callback'}], [{'payload': 'KBRD.4', 'text': '4', 'intent': 'default', 'type': 'callback'}, {'payload': 'KBRD.5', 'text': '5', 'intent': 'default', 'type': 'callback'}, {'payload': 'KBRD.6', 'text': '6', 'intent': 'default', 'type': 'callback'}], [{'payload': 'KBRD.3', 'text': '3', 'intent': 'default', 'type': 'callback'}, {'payload': 'KBRD.2', 'text': '2', 'intent': 'default', 'type': 'callback'}, {'payload': 'KBRD.1', 'text': '1', 'intent': 'default', 'type': 'callback'}], [{'payload': 'KBRD.0', 'text': '0', 'intent': 'default', 'type': 'callback'}, {'payload': 'KBRD.Cancel', 'text': 'Сброс', 'intent': 'default', 'type': 'callback'}], [{'payload': 'RecoveryAuthorization', 'text': 'Восстановление доступа', 'intent': 'default', 'type': 'callback'}], [{'payload': 'CancelCurrentOperation', 'text': 'Прервать операцию', 'intent': 'default', 'type': 'callback'}]]}, 'type': 'inline_keyboard'}], 'markup': [{'from': 20, 'length': 8, 'type': 'strong'}]}, 'sender': {'user_id': 210669020, 'first_name': 'DASHA_TOKEN_BOT', 'username': 'id575104156000_bot', 'is_bot': True, 'last_activity_time': 1772741173263, 'name': 'DASHA_TOKEN_BOT'}}, 'timestamp': 1772741173331, 'user_locale': 'ru', 'update_type': 'message_callback'}
clb

2026-03-05 23:06:13
23645861
edt

2026-03-05 23:06:14
{'callback': {'timestamp': 1772741174855, 'callback_id': 'f9LHodD0cOL0SnORZzko2wHEAF-GK7N5hj2BZYxWajW4u1vz-jq5z1-BmzlkGZh3zsddF9BmouAvQsmIFuATgBu2isJwSsZSc4zcSAuNYrivJbeGxZgj', 'user': {'user_id': 23645861, 'first_name': 'Дмитрий', 'last_name': 'Марков', 'is_bot': False, 'last_activity_time': 1772741166000, 'name': 'Дмитрий Марков'}, 'payload': 'KBRD.0'}, 'message': {'recipient': {'chat_id': 233194361, 'chat_type': 'dialog', 'user_id': 23645861}, 'timestamp': 1772741123103, 'body': {'mid': 'mid.000000000de64379019cbf9adc1f28a0', 'seq': 116178362243688608, 'text': 'Введите код доступа: * * * _', 'attachments': [{'callback_id': 'f9LHodD0cOJXzoWaaHZSZf_yvhYiDZTBXshI5Cxyj5_mbf78z22CF6DfRsTN7K0tqbvXbHiwxQapYGWavIQp3ex_TJgnk_DDhj_5lTTi6AyzLBcgFe57', 'payload': {'buttons': [[{'payload': 'KBRD.7', 'text': '7', 'intent': 'default', 'type': 'callback'}, {'payload': 'KBRD.8', 'text': '8', 'intent': 'default', 'type': 'callback'}, {'payload': 'KBRD.9', 'text': '9', 'intent': 'default', 'type': 'callback'}], [{'payload': 'KBRD.4', 'text': '4', 'intent': 'default', 'type': 'callback'}, {'payload': 'KBRD.5', 'text': '5', 'intent': 'default', 'type': 'callback'}, {'payload': 'KBRD.6', 'text': '6', 'intent': 'default', 'type': 'callback'}], [{'payload': 'KBRD.3', 'text': '3', 'intent': 'default', 'type': 'callback'}, {'payload': 'KBRD.2', 'text': '2', 'intent': 'default', 'type': 'callback'}, {'payload': 'KBRD.1', 'text': '1', 'intent': 'default', 'type': 'callback'}], [{'payload': 'KBRD.0', 'text': '0', 'intent': 'default', 'type': 'callback'}, {'payload': 'KBRD.Cancel', 'text': 'Сброс', 'intent': 'default', 'type': 'callback'}], [{'payload': 'RecoveryAuthorization', 'text': 'Восстановление доступа', 'intent': 'default', 'type': 'callback'}], [{'payload': 'CancelCurrentOperation', 'text': 'Прервать операцию', 'intent': 'default', 'type': 'callback'}]]}, 'type': 'inline_keyboard'}], 'markup': [{'from': 20, 'length': 8, 'type': 'strong'}]}, 'sender': {'user_id': 210669020, 'first_name': 'DASHA_TOKEN_BOT', 'username': 'id575104156000_bot', 'is_bot': True, 'last_activity_time': 1772741174802, 'name': 'DASHA_TOKEN_BOT'}}, 'timestamp': 1772741174855, 'user_locale': 'ru', 'update_type': 'message_callback'}
clb

2026-03-05 23:06:14
23645861
edt

2026-03-05 23:06:15
mid.000000000de64379019cbf9ba9790959
snd

2026-03-05 23:06:15
mid.000000000de64379019cbf9adc1f28a0
del

2026-03-05 23:07:13
mid.000000000de64379019cbf9c8e463fae
snd

2026-03-05 23:07:23
mid.000000000de64379019cbf9c8e463fae
del

2026-03-05 23:07:24
mid.000000000de64379019cbf9cb9af442f
snd

2026-03-05 23:09:56
{'callback': {'timestamp': 1772741396807, 'callback_id': 'f9LHodD0cOLBM_7tniVGWyVUu1-F0CuQqJMTUtj-yXfT3L9lvUTKJ173Y9-Cwc3Oxd_OgzspWNks6dJucvCKUZqDhXaAoQ5lbm2wW7YKx7ku_QbQeGZx', 'user': {'user_id': 23645861, 'first_name': 'Дмитрий', 'last_name': 'Марков', 'is_bot': False, 'last_activity_time': 1772741392000, 'name': 'Дмитрий Марков'}, 'payload': 'CancelCurrentOperation'}, 'message': {'recipient': {'chat_id': 233194361, 'chat_type': 'dialog', 'user_id': 23645861}, 'timestamp': 1772741245359, 'body': {'mid': 'mid.000000000de64379019cbf9cb9af442f', 'seq': 116178370255864879, 'text': 'Введите код доступа: _ _ _ _', 'attachments': [{'callback_id': 'f9LHodD0cOLvoT5V_Jt6Vzz2StcqONSeCNMMgmWqfYkWffrHQiAH5JmA9cGhElyDLULpe2eCULzlzqXm9qye-u4XRMt9mxoyM_9wcI1ShKVDpBxStvzk', 'payload': {'buttons': [[{'payload': 'KBRD.7', 'text': '7', 'intent': 'default', 'type': 'callback'}, {'payload': 'KBRD.8', 'text': '8', 'intent': 'default', 'type': 'callback'}, {'payload': 'KBRD.9', 'text': '9', 'intent': 'default', 'type': 'callback'}], [{'payload': 'KBRD.4', 'text': '4', 'intent': 'default', 'type': 'callback'}, {'payload': 'KBRD.5', 'text': '5', 'intent': 'default', 'type': 'callback'}, {'payload': 'KBRD.6', 'text': '6', 'intent': 'default', 'type': 'callback'}], [{'payload': 'KBRD.3', 'text': '3', 'intent': 'default', 'type': 'callback'}, {'payload': 'KBRD.2', 'text': '2', 'intent': 'default', 'type': 'callback'}, {'payload': 'KBRD.1', 'text': '1', 'intent': 'default', 'type': 'callback'}], [{'payload': 'KBRD.0', 'text': '0', 'intent': 'default', 'type': 'callback'}, {'payload': 'KBRD.Cancel', 'text': 'Сброс', 'intent': 'default', 'type': 'callback'}], [{'payload': 'RecoveryAuthorization', 'text': 'Восстановление доступа', 'intent': 'default', 'type': 'callback'}], [{'payload': 'CancelCurrentOperation', 'text': 'Прервать операцию', 'intent': 'default', 'type': 'callback'}]]}, 'type': 'inline_keyboard'}], 'markup': [{'from': 20, 'length': 8, 'type': 'strong'}]}, 'sender': {'user_id': 210669020, 'first_name': 'DASHA_TOKEN_BOT', 'username': 'id575104156000_bot', 'is_bot': True, 'last_activity_time': 1772741396740, 'name': 'DASHA_TOKEN_BOT'}}, 'timestamp': 1772741396807, 'user_locale': 'ru', 'update_type': 'message_callback'}
clb

2026-03-05 23:09:57
mid.000000000de64379019cbf9cb9af442f
del

2026-03-05 23:09:57
mid.000000000de64379019cbf9ad78a26ec
del

2026-03-05 23:09:58
mid.000000000de64379019cbf9a3db66541
del

2026-03-05 23:09:58
mid.000000000de64379019cbf9f11f82b31
snd

2026-03-05 23:10:05
{'callback': {'timestamp': 1772741405699, 'callback_id': 'f9LHodD0cOKY3T3FNAqoE4FdlGWFceoBa_w8fQ7imtUc3CXnpBm7eoCYpFSmxhhorRlhiqBfjxp9LM-m9UxCUrQHa1QfgSbaCda5THPAUnEfbCyg3Svl', 'user': {'user_id': 23645861, 'first_name': 'Дмитрий', 'last_name': 'Марков', 'is_bot': False, 'last_activity_time': 1772741401000, 'name': 'Дмитрий Марков'}, 'payload': 'Registration'}, 'message': {'recipient': {'chat_id': 233194361, 'chat_type': 'dialog', 'user_id': 23645861}, 'timestamp': 1772741399032, 'body': {'mid': 'mid.000000000de64379019cbf9f11f82b31', 'seq': 116178380326972209, 'text': 'Текст для RequiredRegistration не найден', 'attachments': [{'callback_id': 'f9LHodD0cOLXHwerXgmBBFdR07RGBceN10AGlhgbCJvrNO7gfC_75iDZHAK4teC0w9Fr0JM9lXVoxdBg5nYDGGUU1A485uG4iyg-H2M9XR-8sP2FvlVZ', 'payload': {'buttons': [[{'payload': 'Registration', 'text': 'Регистрация', 'intent': 'default', 'type': 'callback'}]]}, 'type': 'inline_keyboard'}], 'markup': [{'from': 10, 'length': 20, 'type': 'strong'}]}, 'sender': {'user_id': 210669020, 'first_name': 'DASHA_TOKEN_BOT', 'username': 'id575104156000_bot', 'is_bot': True, 'last_activity_time': 1772741405638, 'name': 'DASHA_TOKEN_BOT'}}, 'timestamp': 1772741405699, 'user_locale': 'ru', 'update_type': 'message_callback'}
clb

2026-03-05 23:10:06
mid.000000000de64379019cbf9f2ff80959
snd

2026-03-05 23:10:06
mid.000000000de64379019cbf9f11f82b31
del

2026-03-05 23:10:07
mid.000000000de64379019cbf9f33256541
snd

2026-03-05 23:10:11
mid.000000000de64379019cbf9f3c0830f0
snd

2026-03-05 23:10:11
mid.000000000de64379019cbf9f2ff80959
del

2026-03-05 23:10:15
{'message': {'recipient': {'chat_id': 233194361, 'chat_type': 'dialog', 'user_id': 210669020}, 'timestamp': 1772741415483, 'body': {'mid': 'mid.000000000de64379019cbf9f523b2a73', 'seq': 116178381405104755, 'text': '', 'attachments': [{'payload': {'vcf_info': 'BEGIN:VCARD\r\nVERSION:3.0\r\nPRODID:ez-vcard 0.10.3\r\nTEL;TYPE=cell:79175560062\r\nFN:Дмитрий Марков\r\nEND:VCARD\r\n', 'max_info': {'user_id': 23645861, 'first_name': 'Дмитрий', 'last_name': 'Марков', 'is_bot': False, 'last_activity_time': 1772741409000, 'name': 'Дмитрий Марков'}}, 'type': 'contact'}]}, 'sender': {'user_id': 23645861, 'first_name': 'Дмитрий', 'last_name': 'Марков', 'is_bot': False, 'last_activity_time': 1772741409000, 'name': 'Дмитрий Марков'}}, 'timestamp': 1772741415483, 'user_locale': 'ru', 'update_type': 'message_created'}
txt

2026-03-05 23:10:16
mid.000000000de64379019cbf9f523b2a73
del

2026-03-05 23:10:17
mid.000000000de64379019cbf9f5c710959
snd

2026-03-05 23:10:19
mid.000000000de64379019cbf9f3c0830f0
del

2026-03-05 23:10:21
mid.000000000de64379019cbf9f6ad44584
snd

2026-03-05 23:10:21
mid.000000000de64379019cbf9f5c710959
del

2026-03-05 23:11:04
{'message': {'recipient': {'chat_id': 233194361, 'chat_type': 'dialog', 'user_id': 210669020}, 'timestamp': 1772741465045, 'body': {'mid': 'mid.000000000de64379019cbfa013d529ae', 'seq': 116178384653199790, 'text': '991033097'}, 'sender': {'user_id': 23645861, 'first_name': 'Дмитрий', 'last_name': 'Марков', 'is_bot': False, 'last_activity_time': 1772741450000, 'name': 'Дмитрий Марков'}}, 'timestamp': 1772741465045, 'user_locale': 'ru', 'update_type': 'message_created'}
txt

2026-03-05 23:11:04
mid.000000000de64379019cbfa013d529ae
del

2026-03-05 23:11:05
mid.000000000de64379019cbfa016ff0959
snd

2026-03-05 23:11:07
mid.000000000de64379019cbf9f6ad44584
del

2026-03-05 23:11:08
mid.000000000de64379019cbfa021a42b5d
snd

2026-03-05 23:11:08
mid.000000000de64379019cbfa016ff0959
del

2026-03-05 23:11:33
{'message': {'recipient': {'chat_id': 233194361, 'chat_type': 'dialog', 'user_id': 210669020}, 'timestamp': 1772741494038, 'body': {'mid': 'mid.000000000de64379019cbfa0851667da', 'seq': 116178386553300954, 'text': '035601'}, 'sender': {'user_id': 23645861, 'first_name': 'Дмитрий', 'last_name': 'Марков', 'is_bot': False, 'last_activity_time': 1772741489000, 'name': 'Дмитрий Марков'}}, 'timestamp': 1772741494038, 'user_locale': 'ru', 'update_type': 'message_created'}
txt

2026-03-05 23:11:33
mid.000000000de64379019cbfa0851667da
del

2026-03-05 23:11:34
mid.000000000de64379019cbfa088430959
snd

2026-03-05 23:11:35
mid.000000000de64379019cbfa08cfd1741
snd

2026-03-05 23:11:37
mid.000000000de64379019cbfa093ce167f
snd

2026-03-05 23:11:37
mid.000000000de64379019cbfa088430959
del

2026-03-05 23:12:26
{'callback': {'timestamp': 1772741546795, 'callback_id': 'f9LHodD0cOLa03m6TvxE8K6dzT_AiV7KbZNmvCTWjQKc3_7tqxHOSZ-1eoku_buuVMrqj-yJQN6mZapTjNssXaOQTe4gOnXw4OAfpE5FfMn0k1CbCAtm', 'user': {'user_id': 23645861, 'first_name': 'Дмитрий', 'last_name': 'Марков', 'is_bot': False, 'last_activity_time': 1772741544000, 'name': 'Дмитрий Марков'}, 'payload': 'KBRD.0'}, 'message': {'recipient': {'chat_id': 233194361, 'chat_type': 'dialog', 'user_id': 23645861}, 'timestamp': 1772741497806, 'body': {'mid': 'mid.000000000de64379019cbfa093ce167f', 'seq': 116178386800219775, 'text': 'Введите код доступа: _ _ _ _', 'attachments': [{'callback_id': 'f9LHodD0cOIIxUI9evrqnR3npWbzTREIqPCDZ7pIrNGRPcvKuEUncGwURbLo7jqJQOTHjmCqqh0DWVP3E_xGfzgPu1U4xCZeruVEz_yIpbwIYeGdIb5c', 'payload': {'buttons': [[{'payload': 'KBRD.7', 'text': '7', 'intent': 'default', 'type': 'callback'}, {'payload': 'KBRD.8', 'text': '8', 'intent': 'default', 'type': 'callback'}, {'payload': 'KBRD.9', 'text': '9', 'intent': 'default', 'type': 'callback'}], [{'payload': 'KBRD.4', 'text': '4', 'intent': 'default', 'type': 'callback'}, {'payload': 'KBRD.5', 'text': '5', 'intent': 'default', 'type': 'callback'}, {'payload': 'KBRD.6', 'text': '6', 'intent': 'default', 'type': 'callback'}], [{'payload': 'KBRD.3', 'text': '3', 'intent': 'default', 'type': 'callback'}, {'payload': 'KBRD.2', 'text': '2', 'intent': 'default', 'type': 'callback'}, {'payload': 'KBRD.1', 'text': '1', 'intent': 'default', 'type': 'callback'}], [{'payload': 'KBRD.0', 'text': '0', 'intent': 'default', 'type': 'callback'}, {'payload': 'KBRD.Cancel', 'text': 'Сброс', 'intent': 'default', 'type': 'callback'}], [{'payload': 'RecoveryAuthorization', 'text': 'Восстановление доступа', 'intent': 'default', 'type': 'callback'}], [{'payload': 'CancelCurrentOperation', 'text': 'Прервать операцию', 'intent': 'default', 'type': 'callback'}]]}, 'type': 'inline_keyboard'}], 'markup': [{'from': 20, 'length': 8, 'type': 'strong'}]}, 'sender': {'user_id': 210669020, 'first_name': 'DASHA_TOKEN_BOT', 'username': 'id575104156000_bot', 'is_bot': True, 'last_activity_time': 1772741546740, 'name': 'DASHA_TOKEN_BOT'}}, 'timestamp': 1772741546795, 'user_locale': 'ru', 'update_type': 'message_callback'}
clb

2026-03-05 23:12:26
23645861
edt

2026-03-05 23:12:27
{'callback': {'timestamp': 1772741547146, 'callback_id': 'f9LHodD0cOIFXvtzcNEji9kyLFAdpsFqXbMwtb2RNhT4cjvL8UEMmKiW5UahYxd3f7xbf8TqYruPD6myq0JlyMH_MaI3W_lTv---l42tXhmKYCEcBhPx', 'user': {'user_id': 23645861, 'first_name': 'Дмитрий', 'last_name': 'Марков', 'is_bot': False, 'last_activity_time': 1772741544000, 'name': 'Дмитрий Марков'}, 'payload': 'KBRD.0'}, 'message': {'recipient': {'chat_id': 233194361, 'chat_type': 'dialog', 'user_id': 23645861}, 'timestamp': 1772741497806, 'body': {'mid': 'mid.000000000de64379019cbfa093ce167f', 'seq': 116178386800219775, 'text': 'Введите код доступа: * _ _ _', 'attachments': [{'callback_id': 'f9LHodD0cOJJXXBqZJkNJQfhBWR53K5U_4Xg_bqrWxUz2iUsTZfxSanx9IF95prrHjSKeEyPHo7LlPfD39G9G-1altvAiYPxylRZExtuR0WBUTk6p_al', 'payload': {'buttons': [[{'payload': 'KBRD.7', 'text': '7', 'intent': 'default', 'type': 'callback'}, {'payload': 'KBRD.8', 'text': '8', 'intent': 'default', 'type': 'callback'}, {'payload': 'KBRD.9', 'text': '9', 'intent': 'default', 'type': 'callback'}], [{'payload': 'KBRD.4', 'text': '4', 'intent': 'default', 'type': 'callback'}, {'payload': 'KBRD.5', 'text': '5', 'intent': 'default', 'type': 'callback'}, {'payload': 'KBRD.6', 'text': '6', 'intent': 'default', 'type': 'callback'}], [{'payload': 'KBRD.3', 'text': '3', 'intent': 'default', 'type': 'callback'}, {'payload': 'KBRD.2', 'text': '2', 'intent': 'default', 'type': 'callback'}, {'payload': 'KBRD.1', 'text': '1', 'intent': 'default', 'type': 'callback'}], [{'payload': 'KBRD.0', 'text': '0', 'intent': 'default', 'type': 'callback'}, {'payload': 'KBRD.Cancel', 'text': 'Сброс', 'intent': 'default', 'type': 'callback'}], [{'payload': 'RecoveryAuthorization', 'text': 'Восстановление доступа', 'intent': 'default', 'type': 'callback'}], [{'payload': 'CancelCurrentOperation', 'text': 'Прервать операцию', 'intent': 'default', 'type': 'callback'}]]}, 'type': 'inline_keyboard'}], 'markup': [{'from': 20, 'length': 8, 'type': 'strong'}]}, 'sender': {'user_id': 210669020, 'first_name': 'DASHA_TOKEN_BOT', 'username': 'id575104156000_bot', 'is_bot': True, 'last_activity_time': 1772741547533, 'name': 'DASHA_TOKEN_BOT'}}, 'timestamp': 1772741547146, 'user_locale': 'ru', 'update_type': 'message_callback'}
clb

2026-03-05 23:12:27
23645861
edt

2026-03-05 23:12:27
{'callback': {'timestamp': 1772741547529, 'callback_id': 'f9LHodD0cOKYYMBSZK7sktPLkHYIXZjOhIXbkxJW-cVYQ4D3eqQgkZRpGi2bp1VYHNz4441ViOHWE2G774TLrfLgHDqldE0o8Mq1Xms9qae3gt8RBUyT', 'user': {'user_id': 23645861, 'first_name': 'Дмитрий', 'last_name': 'Марков', 'is_bot': False, 'last_activity_time': 1772741544000, 'name': 'Дмитрий Марков'}, 'payload': 'KBRD.0'}, 'message': {'recipient': {'chat_id': 233194361, 'chat_type': 'dialog', 'user_id': 23645861}, 'timestamp': 1772741497806, 'body': {'mid': 'mid.000000000de64379019cbfa093ce167f', 'seq': 116178386800219775, 'text': 'Введите код доступа: * _ _ _', 'attachments': [{'callback_id': 'f9LHodD0cOKNH-R_5TFgoNbu-YbFiLN9btytt83nhD2pBpYxR9cfwosZZjO933qaKbj3chEatAZVg151A6PpoobGWNRk23asKUWE0LAATsDWr0s5P_r8', 'payload': {'buttons': [[{'payload': 'KBRD.7', 'text': '7', 'intent': 'default', 'type': 'callback'}, {'payload': 'KBRD.8', 'text': '8', 'intent': 'default', 'type': 'callback'}, {'payload': 'KBRD.9', 'text': '9', 'intent': 'default', 'type': 'callback'}], [{'payload': 'KBRD.4', 'text': '4', 'intent': 'default', 'type': 'callback'}, {'payload': 'KBRD.5', 'text': '5', 'intent': 'default', 'type': 'callback'}, {'payload': 'KBRD.6', 'text': '6', 'intent': 'default', 'type': 'callback'}], [{'payload': 'KBRD.3', 'text': '3', 'intent': 'default', 'type': 'callback'}, {'payload': 'KBRD.2', 'text': '2', 'intent': 'default', 'type': 'callback'}, {'payload': 'KBRD.1', 'text': '1', 'intent': 'default', 'type': 'callback'}], [{'payload': 'KBRD.0', 'text': '0', 'intent': 'default', 'type': 'callback'}, {'payload': 'KBRD.Cancel', 'text': 'Сброс', 'intent': 'default', 'type': 'callback'}], [{'payload': 'RecoveryAuthorization', 'text': 'Восстановление доступа', 'intent': 'default', 'type': 'callback'}], [{'payload': 'CancelCurrentOperation', 'text': 'Прервать операцию', 'intent': 'default', 'type': 'callback'}]]}, 'type': 'inline_keyboard'}], 'markup': [{'from': 20, 'length': 8, 'type': 'strong'}]}, 'sender': {'user_id': 210669020, 'first_name': 'DASHA_TOKEN_BOT', 'username': 'id575104156000_bot', 'is_bot': True, 'last_activity_time': 1772741547533, 'name': 'DASHA_TOKEN_BOT'}}, 'timestamp': 1772741547529, 'user_locale': 'ru', 'update_type': 'message_callback'}
clb

2026-03-05 23:12:27
23645861
edt

2026-03-05 23:12:28
{'callback': {'timestamp': 1772741547988, 'callback_id': 'f9LHodD0cOLPYVyvxTugyZQw65Mw_z2o-EPzo01L3LqMF-P7By5FoVWLY-lbw7OV1HFWSpL9bUpBX-4Nvxvcg4CgVuJVjC3DPcryX0aiT-XEjqgFgPLs', 'user': {'user_id': 23645861, 'first_name': 'Дмитрий', 'last_name': 'Марков', 'is_bot': False, 'last_activity_time': 1772741547000, 'name': 'Дмитрий Марков'}, 'payload': 'KBRD.0'}, 'message': {'recipient': {'chat_id': 233194361, 'chat_type': 'dialog', 'user_id': 23645861}, 'timestamp': 1772741497806, 'body': {'mid': 'mid.000000000de64379019cbfa093ce167f', 'seq': 116178386800219775, 'text': 'Введите код доступа: * * * _', 'attachments': [{'callback_id': 'f9LHodD0cOLbSbLHrCugjp4kB0SgfQ-t8MD1s5NyxsbE-8-TiJBBFsp7aezC48JUcz__LLJpIiczsQXpd1SxBrlRBcaahqPXtOIya-8Bsc3OXkeVz8nr', 'payload': {'buttons': [[{'payload': 'KBRD.7', 'text': '7', 'intent': 'default', 'type': 'callback'}, {'payload': 'KBRD.8', 'text': '8', 'intent': 'default', 'type': 'callback'}, {'payload': 'KBRD.9', 'text': '9', 'intent': 'default', 'type': 'callback'}], [{'payload': 'KBRD.4', 'text': '4', 'intent': 'default', 'type': 'callback'}, {'payload': 'KBRD.5', 'text': '5', 'intent': 'default', 'type': 'callback'}, {'payload': 'KBRD.6', 'text': '6', 'intent': 'default', 'type': 'callback'}], [{'payload': 'KBRD.3', 'text': '3', 'intent': 'default', 'type': 'callback'}, {'payload': 'KBRD.2', 'text': '2', 'intent': 'default', 'type': 'callback'}, {'payload': 'KBRD.1', 'text': '1', 'intent': 'default', 'type': 'callback'}], [{'payload': 'KBRD.0', 'text': '0', 'intent': 'default', 'type': 'callback'}, {'payload': 'KBRD.Cancel', 'text': 'Сброс', 'intent': 'default', 'type': 'callback'}], [{'payload': 'RecoveryAuthorization', 'text': 'Восстановление доступа', 'intent': 'default', 'type': 'callback'}], [{'payload': 'CancelCurrentOperation', 'text': 'Прервать операцию', 'intent': 'default', 'type': 'callback'}]]}, 'type': 'inline_keyboard'}], 'markup': [{'from': 20, 'length': 8, 'type': 'strong'}]}, 'sender': {'user_id': 210669020, 'first_name': 'DASHA_TOKEN_BOT', 'username': 'id575104156000_bot', 'is_bot': True, 'last_activity_time': 1772741548714, 'name': 'DASHA_TOKEN_BOT'}}, 'timestamp': 1772741547988, 'user_locale': 'ru', 'update_type': 'message_callback'}
clb

2026-03-05 23:12:28
23645861
edt

2026-03-05 23:12:29
mid.000000000de64379019cbfa15e0e0959
snd

2026-03-05 23:12:29
mid.000000000de64379019cbfa093ce167f
del

2026-03-05 23:12:34
mid.000000000de64379019cbfa08cfd1741
del

2026-03-05 23:12:36
mid.000000000de64379019cbfa179f360d2
snd

2026-03-05 23:12:39
mid.000000000de64379019cbfa1877a151b
snd

2026-03-05 23:12:40
mid.000000000de64379019cbfa15e0e0959
del

2026-03-05 23:12:44
{'callback': {'timestamp': 1772741564982, 'callback_id': 'f9LHodD0cOK4Gb8_Gbx7Pi0MYE6bwoJkm718iO6Dbf229PAk0wJ25i8k20ut-MmiTxiOeQYZl1lZ-6bR_50n2y_ZsV7DLKHAaSlsDe6xG4vhOjKKWBn2', 'user': {'user_id': 23645861, 'first_name': 'Дмитрий', 'last_name': 'Марков', 'is_bot': False, 'last_activity_time': 1772741559000, 'name': 'Дмитрий Марков'}, 'payload': 'KBRD.0'}, 'message': {'recipient': {'chat_id': 233194361, 'chat_type': 'dialog', 'user_id': 23645861}, 'timestamp': 1772741560186, 'body': {'mid': 'mid.000000000de64379019cbfa1877a151b', 'seq': 116178390888355099, 'text': 'Введите код доступа: _ _ _ _', 'attachments': [{'callback_id': 'f9LHodD0cOLg5Prb_-xImnDaANBIaKVghcL1C065cUVFofF72ZdAVlnBb9ZSYPiDvu6r5n1hw3AKDtNQ7GZJ0x8i9u7f_IbIx5j3WN-BOEbIkrUWrQ1g', 'payload': {'buttons': [[{'payload': 'KBRD.7', 'text': '7', 'intent': 'default', 'type': 'callback'}, {'payload': 'KBRD.8', 'text': '8', 'intent': 'default', 'type': 'callback'}, {'payload': 'KBRD.9', 'text': '9', 'intent': 'default', 'type': 'callback'}], [{'payload': 'KBRD.4', 'text': '4', 'intent': 'default', 'type': 'callback'}, {'payload': 'KBRD.5', 'text': '5', 'intent': 'default', 'type': 'callback'}, {'payload': 'KBRD.6', 'text': '6', 'intent': 'default', 'type': 'callback'}], [{'payload': 'KBRD.3', 'text': '3', 'intent': 'default', 'type': 'callback'}, {'payload': 'KBRD.2', 'text': '2', 'intent': 'default', 'type': 'callback'}, {'payload': 'KBRD.1', 'text': '1', 'intent': 'default', 'type': 'callback'}], [{'payload': 'KBRD.0', 'text': '0', 'intent': 'default', 'type': 'callback'}, {'payload': 'KBRD.Cancel', 'text': 'Сброс', 'intent': 'default', 'type': 'callback'}], [{'payload': 'RecoveryAuthorization', 'text': 'Восстановление доступа', 'intent': 'default', 'type': 'callback'}], [{'payload': 'CancelCurrentOperation', 'text': 'Прервать операцию', 'intent': 'default', 'type': 'callback'}]]}, 'type': 'inline_keyboard'}], 'markup': [{'from': 20, 'length': 8, 'type': 'strong'}]}, 'sender': {'user_id': 210669020, 'first_name': 'DASHA_TOKEN_BOT', 'username': 'id575104156000_bot', 'is_bot': True, 'last_activity_time': 1772741564920, 'name': 'DASHA_TOKEN_BOT'}}, 'timestamp': 1772741564982, 'user_locale': 'ru', 'update_type': 'message_callback'}
clb

2026-03-05 23:12:44
23645861
edt

2026-03-05 23:12:45
{'callback': {'timestamp': 1772741565566, 'callback_id': 'f9LHodD0cOKwX7m1h6i4J02mZF8_em5uA-ViQ2Ij02AivCferGmDp77BpnzIyNjN-hOT07MPCseA06XtKYY4OByAKEZShV3kf8ilCHU94WpeFj_3gi39', 'user': {'user_id': 23645861, 'first_name': 'Дмитрий', 'last_name': 'Марков', 'is_bot': False, 'last_activity_time': 1772741559000, 'name': 'Дмитрий Марков'}, 'payload': 'KBRD.0'}, 'message': {'recipient': {'chat_id': 233194361, 'chat_type': 'dialog', 'user_id': 23645861}, 'timestamp': 1772741560186, 'body': {'mid': 'mid.000000000de64379019cbfa1877a151b', 'seq': 116178390888355099, 'text': 'Введите код доступа: * _ _ _', 'attachments': [{'callback_id': 'f9LHodD0cOKpbnDTCBkJa_1PSq2MffLK4rlllDAKfyp_P7IuGYEXtq_aedGofcnNTCVBDgHEv87Jl-a2HBa6l0TPpDSORLHDaY6vPIwan3zxHyCXTg7R', 'payload': {'buttons': [[{'payload': 'KBRD.7', 'text': '7', 'intent': 'default', 'type': 'callback'}, {'payload': 'KBRD.8', 'text': '8', 'intent': 'default', 'type': 'callback'}, {'payload': 'KBRD.9', 'text': '9', 'intent': 'default', 'type': 'callback'}], [{'payload': 'KBRD.4', 'text': '4', 'intent': 'default', 'type': 'callback'}, {'payload': 'KBRD.5', 'text': '5', 'intent': 'default', 'type': 'callback'}, {'payload': 'KBRD.6', 'text': '6', 'intent': 'default', 'type': 'callback'}], [{'payload': 'KBRD.3', 'text': '3', 'intent': 'default', 'type': 'callback'}, {'payload': 'KBRD.2', 'text': '2', 'intent': 'default', 'type': 'callback'}, {'payload': 'KBRD.1', 'text': '1', 'intent': 'default', 'type': 'callback'}], [{'payload': 'KBRD.0', 'text': '0', 'intent': 'default', 'type': 'callback'}, {'payload': 'KBRD.Cancel', 'text': 'Сброс', 'intent': 'default', 'type': 'callback'}], [{'payload': 'RecoveryAuthorization', 'text': 'Восстановление доступа', 'intent': 'default', 'type': 'callback'}], [{'payload': 'CancelCurrentOperation', 'text': 'Прервать операцию', 'intent': 'default', 'type': 'callback'}]]}, 'type': 'inline_keyboard'}], 'markup': [{'from': 20, 'length': 8, 'type': 'strong'}]}, 'sender': {'user_id': 210669020, 'first_name': 'DASHA_TOKEN_BOT', 'username': 'id575104156000_bot', 'is_bot': True, 'last_activity_time': 1772741565692, 'name': 'DASHA_TOKEN_BOT'}}, 'timestamp': 1772741565566, 'user_locale': 'ru', 'update_type': 'message_callback'}
clb

2026-03-05 23:12:45
23645861
edt

2026-03-05 23:12:46
{'callback': {'timestamp': 1772741566777, 'callback_id': 'f9LHodD0cOIjGoYyAG2jUClHwvzvMkdg-3pZFPAYYGJxesAvPfVnXtciY9QQcQX133yzQZeClszTyE1mmbQ4gdnCQbX7mxQ7M7LWKT3xRqNwkzStlw0K', 'user': {'user_id': 23645861, 'first_name': 'Дмитрий', 'last_name': 'Марков', 'is_bot': False, 'last_activity_time': 1772741559000, 'name': 'Дмитрий Марков'}, 'payload': 'KBRD.0'}, 'message': {'recipient': {'chat_id': 233194361, 'chat_type': 'dialog', 'user_id': 23645861}, 'timestamp': 1772741560186, 'body': {'mid': 'mid.000000000de64379019cbfa1877a151b', 'seq': 116178390888355099, 'text': 'Введите код доступа: * * _ _', 'attachments': [{'callback_id': 'f9LHodD0cOJO8ttIZ059tiHh3cfMlWnDvnPcH2hKH9h903e8kD8UNrg-r8m0z0-fSqhNWICR21duD2QEDR9Kbvdxbl37ZHr1b3HODjp0BAif3Kw4mnVK', 'payload': {'buttons': [[{'payload': 'KBRD.7', 'text': '7', 'intent': 'default', 'type': 'callback'}, {'payload': 'KBRD.8', 'text': '8', 'intent': 'default', 'type': 'callback'}, {'payload': 'KBRD.9', 'text': '9', 'intent': 'default', 'type': 'callback'}], [{'payload': 'KBRD.4', 'text': '4', 'intent': 'default', 'type': 'callback'}, {'payload': 'KBRD.5', 'text': '5', 'intent': 'default', 'type': 'callback'}, {'payload': 'KBRD.6', 'text': '6', 'intent': 'default', 'type': 'callback'}], [{'payload': 'KBRD.3', 'text': '3', 'intent': 'default', 'type': 'callback'}, {'payload': 'KBRD.2', 'text': '2', 'intent': 'default', 'type': 'callback'}, {'payload': 'KBRD.1', 'text': '1', 'intent': 'default', 'type': 'callback'}], [{'payload': 'KBRD.0', 'text': '0', 'intent': 'default', 'type': 'callback'}, {'payload': 'KBRD.Cancel', 'text': 'Сброс', 'intent': 'default', 'type': 'callback'}], [{'payload': 'RecoveryAuthorization', 'text': 'Восстановление доступа', 'intent': 'default', 'type': 'callback'}], [{'payload': 'CancelCurrentOperation', 'text': 'Прервать операцию', 'intent': 'default', 'type': 'callback'}]]}, 'type': 'inline_keyboard'}], 'markup': [{'from': 20, 'length': 8, 'type': 'strong'}]}, 'sender': {'user_id': 210669020, 'first_name': 'DASHA_TOKEN_BOT', 'username': 'id575104156000_bot', 'is_bot': True, 'last_activity_time': 1772741566726, 'name': 'DASHA_TOKEN_BOT'}}, 'timestamp': 1772741566777, 'user_locale': 'ru', 'update_type': 'message_callback'}
clb

2026-03-05 23:12:46
23645861
edt

2026-03-05 23:12:47
{'callback': {'timestamp': 1772741568089, 'callback_id': 'f9LHodD0cOLu0xO8O64jqYdars8YyF-sgRJ56A0BZJG1s_ZEJaYdA8BK0iWZuGiWC9Vz72nvJHCyqPBQ7b9Cew2K0O61IUNO_9-0XLSjy-rX2POsqV1F', 'user': {'user_id': 23645861, 'first_name': 'Дмитрий', 'last_name': 'Марков', 'is_bot': False, 'last_activity_time': 1772741567000, 'name': 'Дмитрий Марков'}, 'payload': 'KBRD.0'}, 'message': {'recipient': {'chat_id': 233194361, 'chat_type': 'dialog', 'user_id': 23645861}, 'timestamp': 1772741560186, 'body': {'mid': 'mid.000000000de64379019cbfa1877a151b', 'seq': 116178390888355099, 'text': 'Введите код доступа: * * * _', 'attachments': [{'callback_id': 'f9LHodD0cOJku5hVy48iKG2COo1yuJ7fjIPuRBKX5_zeRSip6jsYCUjqaIwaQNbjPpHZ2Ux3jZsnel76NoxteXK4TB36GehaiCfUSrRH-p6GXNPsL86c', 'payload': {'buttons': [[{'payload': 'KBRD.7', 'text': '7', 'intent': 'default', 'type': 'callback'}, {'payload': 'KBRD.8', 'text': '8', 'intent': 'default', 'type': 'callback'}, {'payload': 'KBRD.9', 'text': '9', 'intent': 'default', 'type': 'callback'}], [{'payload': 'KBRD.4', 'text': '4', 'intent': 'default', 'type': 'callback'}, {'payload': 'KBRD.5', 'text': '5', 'intent': 'default', 'type': 'callback'}, {'payload': 'KBRD.6', 'text': '6', 'intent': 'default', 'type': 'callback'}], [{'payload': 'KBRD.3', 'text': '3', 'intent': 'default', 'type': 'callback'}, {'payload': 'KBRD.2', 'text': '2', 'intent': 'default', 'type': 'callback'}, {'payload': 'KBRD.1', 'text': '1', 'intent': 'default', 'type': 'callback'}], [{'payload': 'KBRD.0', 'text': '0', 'intent': 'default', 'type': 'callback'}, {'payload': 'KBRD.Cancel', 'text': 'Сброс', 'intent': 'default', 'type': 'callback'}], [{'payload': 'RecoveryAuthorization', 'text': 'Восстановление доступа', 'intent': 'default', 'type': 'callback'}], [{'payload': 'CancelCurrentOperation', 'text': 'Прервать операцию', 'intent': 'default', 'type': 'callback'}]]}, 'type': 'inline_keyboard'}], 'markup': [{'from': 20, 'length': 8, 'type': 'strong'}]}, 'sender': {'user_id': 210669020, 'first_name': 'DASHA_TOKEN_BOT', 'username': 'id575104156000_bot', 'is_bot': True, 'last_activity_time': 1772741568039, 'name': 'DASHA_TOKEN_BOT'}}, 'timestamp': 1772741568089, 'user_locale': 'ru', 'update_type': 'message_callback'}
clb

2026-03-05 23:12:47
23645861
edt

2026-03-05 23:12:48
mid.000000000de64379019cbfa1a9820959
snd

2026-03-05 23:12:48
mid.000000000de64379019cbfa1877a151b
del

2026-03-05 23:12:49
mid.000000000de64379019cbfa179f360d2
del

2026-03-05 23:12:49
mid.000000000de64379019cbfa021a42b5d
del

2026-03-05 23:12:49
mid.000000000de64379019cbf9f33256541
del

2026-03-05 23:12:50
mid.000000000de64379019cbfa1b109009e
snd

2026-03-05 23:12:50
mid.000000000de64379019cbfa1a9820959
del

2026-03-05 23:15:53
mid.000000000de64379019cbfa47e130959
snd

2026-03-05 23:15:54
mid.000000000de64379019cbfa1b109009e
del

2026-03-05 23:15:54
mid.000000000de64379019cbfa4811c58f2
snd

2026-03-05 23:15:55
mid.000000000de64379019cbfa47e130959
del

2026-03-05 23:21:23
{'callback': {'timestamp': 1772742084010, 'callback_id': 'f9LHodD0cOKldq7oxbvmUfu9o_8KQe5Cg5zOuZXa-Gq_6AdqqIEJGrUshJE5rG7XRfrxBhjGSCMt2bwqtO2sc-Bh9CRbAEayZ4E8RT98OMayHYaYEZF6', 'user': {'user_id': 23645861, 'first_name': 'Дмитрий', 'last_name': 'Марков', 'is_bot': False, 'last_activity_time': 1772742070000, 'name': 'Дмитрий Марков'}, 'payload': 'Authorization'}, 'message': {'recipient': {'chat_id': 233194361, 'chat_type': 'dialog', 'user_id': 23645861}, 'timestamp': 1772741755164, 'body': {'mid': 'mid.000000000de64379019cbfa4811c58f2', 'seq': 116178403666450674, 'text': 'Превышено разрешенное время бездействия Бота.', 'attachments': [{'callback_id': 'f9LHodD0cOKVnL_SrsSAr4FaWQ7bH2OMug_ELQJruzUBZD88e_-sKo4x8n1PnO9lFLJ0axho5SU1XsvYRTNi22HRpt54Efi3wp5BgkMbEwBH4o1ZJugV', 'payload': {'buttons': [[{'payload': 'Authorization', 'text': 'Авторизоваться', 'intent': 'default', 'type': 'callback'}]]}, 'type': 'inline_keyboard'}], 'markup': [{'from': 40, 'length': 4, 'type': 'strong'}]}, 'sender': {'user_id': 210669020, 'first_name': 'DASHA_TOKEN_BOT', 'username': 'id575104156000_bot', 'is_bot': True, 'last_activity_time': 1772742083973, 'name': 'DASHA_TOKEN_BOT'}}, 'timestamp': 1772742084010, 'user_locale': 'ru', 'update_type': 'message_callback'}
clb

2026-03-05 23:21:23
mid.000000000de64379019cbfa4811c58f2
del

2026-03-05 23:21:24
mid.000000000de64379019cbfa989346f7c
snd

2026-03-05 23:21:25
mid.000000000de64379019cbfa98c7724b1
snd

2026-03-05 23:21:28
{'callback': {'timestamp': 1772742088551, 'callback_id': 'f9LHodD0cOIKN1PE2z-HQTApxOm2-2joUTmwf3mG2JKj8T81EpKXjwRbeW4mxAILc7rOSMzyM19zyN2U6WH2ywA8kehXAl1pc7rXhYhSTMKQ-wsFJldU', 'user': {'user_id': 23645861, 'first_name': 'Дмитрий', 'last_name': 'Марков', 'is_bot': False, 'last_activity_time': 1772742070000, 'name': 'Дмитрий Марков'}, 'payload': 'KBRD.0'}, 'message': {'recipient': {'chat_id': 233194361, 'chat_type': 'dialog', 'user_id': 23645861}, 'timestamp': 1772742085751, 'body': {'mid': 'mid.000000000de64379019cbfa98c7724b1', 'seq': 116178425331786929, 'text': 'Введите код доступа: _ _ _ _', 'attachments': [{'callback_id': 'f9LHodD0cOJ6OX0YgivqsEfTI-hgBZoxLATqhArRygq2NrOl_wlsq0jR1vRg5rZ9Xf_hgTWmOrlCywRyrJS2OtdbTWt-3YOtj2eSi3CXuhlNo15TGJQM', 'payload': {'buttons': [[{'payload': 'KBRD.7', 'text': '7', 'intent': 'default', 'type': 'callback'}, {'payload': 'KBRD.8', 'text': '8', 'intent': 'default', 'type': 'callback'}, {'payload': 'KBRD.9', 'text': '9', 'intent': 'default', 'type': 'callback'}], [{'payload': 'KBRD.4', 'text': '4', 'intent': 'default', 'type': 'callback'}, {'payload': 'KBRD.5', 'text': '5', 'intent': 'default', 'type': 'callback'}, {'payload': 'KBRD.6', 'text': '6', 'intent': 'default', 'type': 'callback'}], [{'payload': 'KBRD.3', 'text': '3', 'intent': 'default', 'type': 'callback'}, {'payload': 'KBRD.2', 'text': '2', 'intent': 'default', 'type': 'callback'}, {'payload': 'KBRD.1', 'text': '1', 'intent': 'default', 'type': 'callback'}], [{'payload': 'KBRD.0', 'text': '0', 'intent': 'default', 'type': 'callback'}, {'payload': 'KBRD.Cancel', 'text': 'Сброс', 'intent': 'default', 'type': 'callback'}], [{'payload': 'RecoveryAuthorization', 'text': 'Восстановление доступа', 'intent': 'default', 'type': 'callback'}], [{'payload': 'CancelCurrentOperation', 'text': 'Прервать операцию', 'intent': 'default', 'type': 'callback'}]]}, 'type': 'inline_keyboard'}], 'markup': [{'from': 20, 'length': 8, 'type': 'strong'}]}, 'sender': {'user_id': 210669020, 'first_name': 'DASHA_TOKEN_BOT', 'username': 'id575104156000_bot', 'is_bot': True, 'last_activity_time': 1772742088499, 'name': 'DASHA_TOKEN_BOT'}}, 'timestamp': 1772742088551, 'user_locale': 'ru', 'update_type': 'message_callback'}
clb

2026-03-05 23:21:28
23645861
edt

2026-03-05 23:21:28
{'callback': {'timestamp': 1772742089017, 'callback_id': 'f9LHodD0cOJGjZFnwK97icI-8R-kY6C5mUv9hVz8HLpsjynSuyI1IWDX3fUb-DQTa66y8eVX-gNQRVYTUk_MQsfGsOeEJgLE8oFdLl7FVg22vGVi9UFf', 'user': {'user_id': 23645861, 'first_name': 'Дмитрий', 'last_name': 'Марков', 'is_bot': False, 'last_activity_time': 1772742070000, 'name': 'Дмитрий Марков'}, 'payload': 'KBRD.0'}, 'message': {'recipient': {'chat_id': 233194361, 'chat_type': 'dialog', 'user_id': 23645861}, 'timestamp': 1772742085751, 'body': {'mid': 'mid.000000000de64379019cbfa98c7724b1', 'seq': 116178425331786929, 'text': 'Введите код доступа: * _ _ _', 'attachments': [{'callback_id': 'f9LHodD0cOI4EUSSwCx_8i5mlXmMRQxOqXYx8nuG3nLps8nQZZVpMu4IvurUgtwGhjMI10yzY8nj9uGxog6O8XqjgXbnnroJ_PvEvDy9BLr9fb4YpnR4', 'payload': {'buttons': [[{'payload': 'KBRD.7', 'text': '7', 'intent': 'default', 'type': 'callback'}, {'payload': 'KBRD.8', 'text': '8', 'intent': 'default', 'type': 'callback'}, {'payload': 'KBRD.9', 'text': '9', 'intent': 'default', 'type': 'callback'}], [{'payload': 'KBRD.4', 'text': '4', 'intent': 'default', 'type': 'callback'}, {'payload': 'KBRD.5', 'text': '5', 'intent': 'default', 'type': 'callback'}, {'payload': 'KBRD.6', 'text': '6', 'intent': 'default', 'type': 'callback'}], [{'payload': 'KBRD.3', 'text': '3', 'intent': 'default', 'type': 'callback'}, {'payload': 'KBRD.2', 'text': '2', 'intent': 'default', 'type': 'callback'}, {'payload': 'KBRD.1', 'text': '1', 'intent': 'default', 'type': 'callback'}], [{'payload': 'KBRD.0', 'text': '0', 'intent': 'default', 'type': 'callback'}, {'payload': 'KBRD.Cancel', 'text': 'Сброс', 'intent': 'default', 'type': 'callback'}], [{'payload': 'RecoveryAuthorization', 'text': 'Восстановление доступа', 'intent': 'default', 'type': 'callback'}], [{'payload': 'CancelCurrentOperation', 'text': 'Прервать операцию', 'intent': 'default', 'type': 'callback'}]]}, 'type': 'inline_keyboard'}], 'markup': [{'from': 20, 'length': 8, 'type': 'strong'}]}, 'sender': {'user_id': 210669020, 'first_name': 'DASHA_TOKEN_BOT', 'username': 'id575104156000_bot', 'is_bot': True, 'last_activity_time': 1772742089214, 'name': 'DASHA_TOKEN_BOT'}}, 'timestamp': 1772742089017, 'user_locale': 'ru', 'update_type': 'message_callback'}
clb

2026-03-05 23:21:29
23645861
edt

2026-03-05 23:21:29
{'callback': {'timestamp': 1772742089543, 'callback_id': 'f9LHodD0cOJcrL0k3oqPRACdqV9H1S6YAAegwNpzw9NHzaI75Kz_LAavQznqpbonOa3rb047l0rInuIPpwgtqXOQL2tRU5uegvTpIj93ieZ4n5K-NgrA', 'user': {'user_id': 23645861, 'first_name': 'Дмитрий', 'last_name': 'Марков', 'is_bot': False, 'last_activity_time': 1772742070000, 'name': 'Дмитрий Марков'}, 'payload': 'KBRD.0'}, 'message': {'recipient': {'chat_id': 233194361, 'chat_type': 'dialog', 'user_id': 23645861}, 'timestamp': 1772742085751, 'body': {'mid': 'mid.000000000de64379019cbfa98c7724b1', 'seq': 116178425331786929, 'text': 'Введите код доступа: * * _ _', 'attachments': [{'callback_id': 'f9LHodD0cOKlJpm5wojBT1Tt70-vSF7N2fQY5Mv0ksFTupr2g9ktblglSy_8MN4EPO87cYhi9AAYr2qLFZGYsvcuChRLGL-5u0hL2gupwezqo9iFTIMx', 'payload': {'buttons': [[{'payload': 'KBRD.7', 'text': '7', 'intent': 'default', 'type': 'callback'}, {'payload': 'KBRD.8', 'text': '8', 'intent': 'default', 'type': 'callback'}, {'payload': 'KBRD.9', 'text': '9', 'intent': 'default', 'type': 'callback'}], [{'payload': 'KBRD.4', 'text': '4', 'intent': 'default', 'type': 'callback'}, {'payload': 'KBRD.5', 'text': '5', 'intent': 'default', 'type': 'callback'}, {'payload': 'KBRD.6', 'text': '6', 'intent': 'default', 'type': 'callback'}], [{'payload': 'KBRD.3', 'text': '3', 'intent': 'default', 'type': 'callback'}, {'payload': 'KBRD.2', 'text': '2', 'intent': 'default', 'type': 'callback'}, {'payload': 'KBRD.1', 'text': '1', 'intent': 'default', 'type': 'callback'}], [{'payload': 'KBRD.0', 'text': '0', 'intent': 'default', 'type': 'callback'}, {'payload': 'KBRD.Cancel', 'text': 'Сброс', 'intent': 'default', 'type': 'callback'}], [{'payload': 'RecoveryAuthorization', 'text': 'Восстановление доступа', 'intent': 'default', 'type': 'callback'}], [{'payload': 'CancelCurrentOperation', 'text': 'Прервать операцию', 'intent': 'default', 'type': 'callback'}]]}, 'type': 'inline_keyboard'}], 'markup': [{'from': 20, 'length': 8, 'type': 'strong'}]}, 'sender': {'user_id': 210669020, 'first_name': 'DASHA_TOKEN_BOT', 'username': 'id575104156000_bot', 'is_bot': True, 'last_activity_time': 1772742089960, 'name': 'DASHA_TOKEN_BOT'}}, 'timestamp': 1772742089543, 'user_locale': 'ru', 'update_type': 'message_callback'}
clb

2026-03-05 23:21:29
23645861
edt

2026-03-05 23:21:30
{'callback': {'timestamp': 1772742090077, 'callback_id': 'f9LHodD0cOKpEVGpePdzO7rTWHz2AZr0qdjDAEoOsEUG40HHlids14hFNt3Ki1DajnLp9VmnDnxZrSOTKPQePocCBXZdDQ5xKkGNLy7VBZIZGpPppmaY', 'user': {'user_id': 23645861, 'first_name': 'Дмитрий', 'last_name': 'Марков', 'is_bot': False, 'last_activity_time': 1772742070000, 'name': 'Дмитрий Марков'}, 'payload': 'KBRD.0'}, 'message': {'recipient': {'chat_id': 233194361, 'chat_type': 'dialog', 'user_id': 23645861}, 'timestamp': 1772742085751, 'body': {'mid': 'mid.000000000de64379019cbfa98c7724b1', 'seq': 116178425331786929, 'text': 'Введите код доступа: * * * _', 'attachments': [{'callback_id': 'f9LHodD0cOK-hiMKy-KsrX-bC68UIgDdjkl2UI1-LKP9_onSTqAFFVWMvcni8DQbtd510-VjSIkqHtqlAphoy1nJk6Y0_6qGjEpLrvN1PLxGLOV1RlI5', 'payload': {'buttons': [[{'payload': 'KBRD.7', 'text': '7', 'intent': 'default', 'type': 'callback'}, {'payload': 'KBRD.8', 'text': '8', 'intent': 'default', 'type': 'callback'}, {'payload': 'KBRD.9', 'text': '9', 'intent': 'default', 'type': 'callback'}], [{'payload': 'KBRD.4', 'text': '4', 'intent': 'default', 'type': 'callback'}, {'payload': 'KBRD.5', 'text': '5', 'intent': 'default', 'type': 'callback'}, {'payload': 'KBRD.6', 'text': '6', 'intent': 'default', 'type': 'callback'}], [{'payload': 'KBRD.3', 'text': '3', 'intent': 'default', 'type': 'callback'}, {'payload': 'KBRD.2', 'text': '2', 'intent': 'default', 'type': 'callback'}, {'payload': 'KBRD.1', 'text': '1', 'intent': 'default', 'type': 'callback'}], [{'payload': 'KBRD.0', 'text': '0', 'intent': 'default', 'type': 'callback'}, {'payload': 'KBRD.Cancel', 'text': 'Сброс', 'intent': 'default', 'type': 'callback'}], [{'payload': 'RecoveryAuthorization', 'text': 'Восстановление доступа', 'intent': 'default', 'type': 'callback'}], [{'payload': 'CancelCurrentOperation', 'text': 'Прервать операцию', 'intent': 'default', 'type': 'callback'}]]}, 'type': 'inline_keyboard'}], 'markup': [{'from': 20, 'length': 8, 'type': 'strong'}]}, 'sender': {'user_id': 210669020, 'first_name': 'DASHA_TOKEN_BOT', 'username': 'id575104156000_bot', 'is_bot': True, 'last_activity_time': 1772742090716, 'name': 'DASHA_TOKEN_BOT'}}, 'timestamp': 1772742090077, 'user_locale': 'ru', 'update_type': 'message_callback'}
clb

2026-03-05 23:21:30
23645861
edt

2026-03-05 23:21:31
mid.000000000de64379019cbfa9a2ef0959
snd

2026-03-05 23:21:31
mid.000000000de64379019cbfa98c7724b1
del

2026-03-05 23:21:31
mid.000000000de64379019cbfa989346f7c
del

2026-03-05 23:21:32
mid.000000000de64379019cbfa9a763677e
snd

2026-03-05 23:21:32
mid.000000000de64379019cbfa9a2ef0959
del

2026-03-05 23:21:43
{'callback': {'timestamp': 1772742103669, 'callback_id': 'f9LHodD0cOKibUHUOIfr3yQeZuyH5GTX95tk-uvhHm8Nm3Cw1LAO93ckZbC8-sfkMR5HbOgqzovktUfRL2qGJxheW7KxzJWc4q8chXYwbzp7DkD9Fa4C', 'user': {'user_id': 23645861, 'first_name': 'Дмитрий', 'last_name': 'Марков', 'is_bot': False, 'last_activity_time': 1772742102000, 'name': 'Дмитрий Марков'}, 'payload': 'MainMenu'}, 'message': {'recipient': {'chat_id': 233194361, 'chat_type': 'dialog', 'user_id': 23645861}, 'timestamp': 1772742092643, 'body': {'mid': 'mid.000000000de64379019cbfa9a763677e', 'seq': 116178425783478142, 'text': 'Выберите команду меню Бота или получите Новый токен.', 'attachments': [{'callback_id': 'f9LHodD0cOIzym7RHbz_Kh3GwTCTf2H_3z7mF6n4Buhh1uxeOJOogQlej5Iis0ycIxr7gFgpXsvacanGq0m7J4HIeksaLfqvLcN5icybWn8qB46xJhZA', 'payload': {'buttons': [[{'payload': 'MainMenu', 'text': 'Главное меню', 'intent': 'default', 'type': 'callback'}], [{'payload': 'GetNewToken', 'text': 'Новый токен', 'intent': 'default', 'type': 'callback'}]]}, 'type': 'inline_keyboard'}], 'markup': [{'from': 40, 'length': 11, 'type': 'strong'}]}, 'sender': {'user_id': 210669020, 'first_name': 'DASHA_TOKEN_BOT', 'username': 'id575104156000_bot', 'is_bot': True, 'last_activity_time': 1772742103714, 'name': 'DASHA_TOKEN_BOT'}}, 'timestamp': 1772742103669, 'user_locale': 'ru', 'update_type': 'message_callback'}
clb

2026-03-05 23:21:43
mid.000000000de64379019cbfa9d43f0959
snd

2026-03-05 23:21:44
mid.000000000de64379019cbfa9a763677e
del

2026-03-05 23:21:44
mid.000000000de64379019cbfa9d78a419b
snd

2026-03-05 23:21:44
mid.000000000de64379019cbfa9d43f0959
del

2026-03-05 23:21:53
{'callback': {'timestamp': 1772742114481, 'callback_id': 'f9LHodD0cOIWUOKHKKNSsxhmM8MP03R2S3Ph3IPFT5HM9D5yfdPfKPnUSGmboOqhj_y8xvbUsbF8c83wuWnzrILiAX2oIQeB95mNtOBpdAiPw94TdXlZ', 'user': {'user_id': 23645861, 'first_name': 'Дмитрий', 'last_name': 'Марков', 'is_bot': False, 'last_activity_time': 1772742114000, 'name': 'Дмитрий Марков'}, 'payload': 'MenuDeleteUser'}, 'message': {'recipient': {'chat_id': 233194361, 'chat_type': 'dialog', 'user_id': 23645861}, 'timestamp': 1772742104970, 'body': {'mid': 'mid.000000000de64379019cbfa9d78a419b', 'seq': 116178426591330715, 'text': 'Выберите команду меню Бота или получите Новый токен.', 'attachments': [{'callback_id': 'f9LHodD0cOKKOzB5MRFCQTaiVNl_xvHMkfxUFFkQ75SxcgKiCeiCEXwOW6wW4taTif4IXeFVGVA0kIsmvQ4TwIz2uIzl2K40U-Mzf3m_nkkTliKPhYKJ', 'payload': {'buttons': [[{'payload': 'MenuAuth', 'text': 'Изменить доступ', 'intent': 'default', 'type': 'callback'}, {'payload': 'MenuAbout', 'text': 'О сервисе', 'intent': 'default', 'type': 'callback'}], [{'payload': 'MenuDeleteChat', 'text': 'Удалить чат из сервиса', 'intent': 'default', 'type': 'callback'}], [{'payload': 'MenuDeleteUser', 'text': 'Отказаться от использования сервиса', 'intent': 'default', 'type': 'callback'}], [{'payload': 'GetNewToken', 'text': 'Новый токен', 'intent': 'default', 'type': 'callback'}, {'payload': 'MenuExit', 'text': 'Выход из меню', 'intent': 'default', 'type': 'callback'}]]}, 'type': 'inline_keyboard'}], 'markup': [{'from': 40, 'length': 11, 'type': 'strong'}]}, 'sender': {'user_id': 210669020, 'first_name': 'DASHA_TOKEN_BOT', 'username': 'id575104156000_bot', 'is_bot': True, 'last_activity_time': 1772742114422, 'name': 'DASHA_TOKEN_BOT'}}, 'timestamp': 1772742114481, 'user_locale': 'ru', 'update_type': 'message_callback'}
clb

2026-03-05 23:21:54
mid.000000000de64379019cbfa9fe230959
snd

2026-03-05 23:21:54
mid.000000000de64379019cbfa9d78a419b
del

2026-03-05 23:21:55
mid.000000000de64379019cbfaa010645f3
snd

2026-03-05 23:21:55
mid.000000000de64379019cbfa9fe230959
del

2026-03-05 23:21:57
{'callback': {'timestamp': 1772742118003, 'callback_id': 'f9LHodD0cOLNmDVyDtReSNUyh9GMZvooJ4ERBd1_ei1XW3LAsT_sHwXcyl2DwjST9dj6PqgoNCWSoBlnPm4ixa3-l7KS0hJwhUkPjBJWoHUGEJQkvZIv', 'user': {'user_id': 23645861, 'first_name': 'Дмитрий', 'last_name': 'Марков', 'is_bot': False, 'last_activity_time': 1772742115000, 'name': 'Дмитрий Марков'}, 'payload': 'MenuDelUserYes'}, 'message': {'recipient': {'chat_id': 233194361, 'chat_type': 'dialog', 'user_id': 23645861}, 'timestamp': 1772742115590, 'body': {'mid': 'mid.000000000de64379019cbfaa010645f3', 'seq': 116178427287324147, 'text': 'Текст для MenuDelUserQuestion не найден', 'attachments': [{'callback_id': 'f9LHodD0cOIPkdJitMs1tmE_2U1KkAZilAaTYsdZ-kOIH_MsYNuORZu19s7bBwam0J4GYV1BwAa5x8FGvGsC04FSvggVd3wlmKX-wKxjq3g0IjC7yAwP', 'payload': {'buttons': [[{'payload': 'MenuDelUserYes', 'text': 'ДА - отказаться от сервиса', 'intent': 'default', 'type': 'callback'}], [{'payload': 'MenuDelUserNo', 'text': 'НЕТ - остаться в сервисе', 'intent': 'default', 'type': 'callback'}]]}, 'type': 'inline_keyboard'}], 'markup': [{'from': 10, 'length': 19, 'type': 'strong'}]}, 'sender': {'user_id': 210669020, 'first_name': 'DASHA_TOKEN_BOT', 'username': 'id575104156000_bot', 'is_bot': True, 'last_activity_time': 1772742117952, 'name': 'DASHA_TOKEN_BOT'}}, 'timestamp': 1772742118003, 'user_locale': 'ru', 'update_type': 'message_callback'}
clb

2026-03-05 23:21:57
mid.000000000de64379019cbfaa0bf00959
snd

2026-03-05 23:21:58
mid.000000000de64379019cbfaa010645f3
del

2026-03-05 23:21:58
mid.000000000de64379019cbfaa0bf00959
del

2026-03-05 23:22:03
{'message': {'recipient': {'chat_id': 233194361, 'chat_type': 'dialog', 'user_id': 210669020}, 'timestamp': 1772742124441, 'body': {'mid': 'mid.000000000de64379019cbfaa23995aa5', 'seq': 116178427867388581, 'text': 'Ммрр'}, 'sender': {'user_id': 23645861, 'first_name': 'Дмитрий', 'last_name': 'Марков', 'is_bot': False, 'last_activity_time': 1772742115000, 'name': 'Дмитрий Марков'}}, 'timestamp': 1772742124441, 'user_locale': 'ru', 'update_type': 'message_created'}
txt

2026-03-05 23:22:04
mid.000000000de64379019cbfaa23995aa5
del

2026-03-05 23:22:04
mid.000000000de64379019cbfaa26a15c1e
snd

2026-03-05 23:22:47
{'callback': {'timestamp': 1772742168178, 'callback_id': 'f9LHodD0cOJ5VdeHUy6e0ZY6c54oFAfr-qh99yLWGArGbBMzQmo41QAF4flbjtdcCojN0D3SD-Fap_RsPucn46esTE1w2LOuJRl33pYxZYrCgaXuAgOS', 'user': {'user_id': 23645861, 'first_name': 'Дмитрий', 'last_name': 'Марков', 'is_bot': False, 'last_activity_time': 1772742165000, 'name': 'Дмитрий Марков'}, 'payload': 'Registration'}, 'message': {'recipient': {'chat_id': 233194361, 'chat_type': 'dialog', 'user_id': 23645861}, 'timestamp': 1772742125217, 'body': {'mid': 'mid.000000000de64379019cbfaa26a15c1e', 'seq': 116178427918244894, 'text': 'Текст для RequiredRegistration не найден', 'attachments': [{'callback_id': 'f9LHodD0cOItwH0fylEufB68iYfvzzLeBqJTWJ_dywjD-gIH29SF7HWqMjTNwM6iFMUPZHrVeiISh94NfrSINPkPzj9ZKFIzJEo1HKmLc29wMipahxNV', 'payload': {'buttons': [[{'payload': 'Registration', 'text': 'Регистрация', 'intent': 'default', 'type': 'callback'}]]}, 'type': 'inline_keyboard'}], 'markup': [{'from': 10, 'length': 20, 'type': 'strong'}]}, 'sender': {'user_id': 210669020, 'first_name': 'DASHA_TOKEN_BOT', 'username': 'id575104156000_bot', 'is_bot': True, 'last_activity_time': 1772742168138, 'name': 'DASHA_TOKEN_BOT'}}, 'timestamp': 1772742168178, 'user_locale': 'ru', 'update_type': 'message_callback'}
clb

2026-03-05 23:22:48
mid.000000000de64379019cbfaad0340959
snd

2026-03-05 23:22:48
mid.000000000de64379019cbfaa26a15c1e
del

2026-03-05 23:22:48
mid.000000000de64379019cbfaad3216541
snd

2026-03-05 23:22:49
mid.000000000de64379019cbfaad6141846
snd

2026-03-05 23:22:50
mid.000000000de64379019cbfaad0340959
del

2026-03-05 23:22:54
{'message': {'recipient': {'chat_id': 233194361, 'chat_type': 'dialog', 'user_id': 210669020}, 'timestamp': 1772742174666, 'body': {'mid': 'mid.000000000de64379019cbfaae7ca2a73', 'seq': 116178431158921843, 'text': '', 'attachments': [{'payload': {'vcf_info': 'BEGIN:VCARD\r\nVERSION:3.0\r\nPRODID:ez-vcard 0.10.3\r\nTEL;TYPE=cell:79175560062\r\nFN:Дмитрий Марков\r\nEND:VCARD\r\n', 'max_info': {'user_id': 23645861, 'first_name': 'Дмитрий', 'last_name': 'Марков', 'is_bot': False, 'last_activity_time': 1772742165000, 'name': 'Дмитрий Марков'}}, 'type': 'contact'}]}, 'sender': {'user_id': 23645861, 'first_name': 'Дмитрий', 'last_name': 'Марков', 'is_bot': False, 'last_activity_time': 1772742165000, 'name': 'Дмитрий Марков'}}, 'timestamp': 1772742174666, 'user_locale': 'ru', 'update_type': 'message_created'}
txt

2026-03-05 23:22:54
mid.000000000de64379019cbfaae7ca2a73
del

2026-03-05 23:22:54
mid.000000000de64379019cbfaaeaa80959
snd

2026-03-05 23:22:56
mid.000000000de64379019cbfaaef851afd
snd

2026-03-05 23:22:56
mid.000000000de64379019cbfaaeaa80959
del

2026-03-05 23:26:04
mid.000000000de64379019cbfadd0190959
snd

2026-03-05 23:26:05
mid.000000000de64379019cbfaaef851afd
del

2026-03-05 23:26:05
mid.000000000de64379019cbfaad6141846
del

2026-03-05 23:26:05
mid.000000000de64379019cbfaad3216541
del

2026-03-05 23:26:06
mid.000000000de64379019cbfadd5f17f17
snd

2026-03-05 23:26:06
mid.000000000de64379019cbfadd0190959
del

2026-03-05 23:26:57
{'callback': {'timestamp': 1772742418453, 'callback_id': 'f9LHodD0cOKLHWob91AQSR2kwiSep-Fj26dkWh7yQxxoPO9_DfE1g0RpKgD4BBhiargXoySjtdquuHxhcpP_prkO-AvdqX35thgzchZ_QGd1-udwy3Qm', 'user': {'user_id': 23645861, 'first_name': 'Дмитрий', 'last_name': 'Марков', 'is_bot': False, 'last_activity_time': 1772742418000, 'name': 'Дмитрий Марков'}, 'payload': 'Registration'}, 'message': {'recipient': {'chat_id': 233194361, 'chat_type': 'dialog', 'user_id': 23645861}, 'timestamp': 1772742366705, 'body': {'mid': 'mid.000000000de64379019cbfadd5f17f17', 'seq': 116178443744411415, 'text': 'Превышено разрешенное время бездействия Бота.', 'attachments': [{'callback_id': 'f9LHodD0cOI5G9UhykVtUawAeD-ANayVnQksoq_bEIl_k70N3Ibbe6HgiK3XVAhDtxheKK-uWlWTpe2sRDoH2zaW23IFqCe-Maar6caUd7eTdfEajL33', 'payload': {'buttons': [[{'payload': 'Registration', 'text': 'Регистрация', 'intent': 'default', 'type': 'callback'}]]}, 'type': 'inline_keyboard'}], 'markup': [{'from': 40, 'length': 4, 'type': 'strong'}]}, 'sender': {'user_id': 210669020, 'first_name': 'DASHA_TOKEN_BOT', 'username': 'id575104156000_bot', 'is_bot': True, 'last_activity_time': 1772742418395, 'name': 'DASHA_TOKEN_BOT'}}, 'timestamp': 1772742418453, 'user_locale': 'ru', 'update_type': 'message_callback'}
clb

2026-03-05 23:26:58
mid.000000000de64379019cbfadd5f17f17
del

2026-03-05 23:26:58
mid.000000000de64379019cbfaea29d08c3
snd

2026-03-05 23:27:02
{'callback': {'timestamp': 1772742423035, 'callback_id': 'f9LHodD0cOJ94x_EmSPdpKQM3fnkY06D0Opa2m1iQTbiztTvj79_e9TSb_C_noWoZqsOi4hLsIqPm0PnxUYDYVcJwBjyAaPIGH-SUmJouowMJxED69Oj', 'user': {'user_id': 23645861, 'first_name': 'Дмитрий', 'last_name': 'Марков', 'is_bot': False, 'last_activity_time': 1772742418000, 'name': 'Дмитрий Марков'}, 'payload': 'Registration'}, 'message': {'recipient': {'chat_id': 233194361, 'chat_type': 'dialog', 'user_id': 23645861}, 'timestamp': 1772742419101, 'body': {'mid': 'mid.000000000de64379019cbfaea29d08c3', 'seq': 116178447178205379, 'text': 'Текст для RequiredRegistration не найден', 'attachments': [{'callback_id': 'f9LHodD0cOI2E3dZzReq-Y6IsXNE9_yRqZJeaHEBEIXJEs71eb6bn6dQahDLatoHqyvX1lDHtQaDJEZzGzV_471qYRUnR8ySLJy-vMXxp7sF-OkyyOFv', 'payload': {'buttons': [[{'payload': 'Registration', 'text': 'Регистрация', 'intent': 'default', 'type': 'callback'}]]}, 'type': 'inline_keyboard'}], 'markup': [{'from': 10, 'length': 20, 'type': 'strong'}]}, 'sender': {'user_id': 210669020, 'first_name': 'DASHA_TOKEN_BOT', 'username': 'id575104156000_bot', 'is_bot': True, 'last_activity_time': 1772742422967, 'name': 'DASHA_TOKEN_BOT'}}, 'timestamp': 1772742423035, 'user_locale': 'ru', 'update_type': 'message_callback'}
clb

2026-03-05 23:27:02
mid.000000000de64379019cbfaeb36d0959
snd

2026-03-05 23:27:03
mid.000000000de64379019cbfaea29d08c3
del

2026-03-05 23:27:03
mid.000000000de64379019cbfaeb6b06541
snd

2026-03-05 23:27:04
mid.000000000de64379019cbfaeb9df6b16
snd

2026-03-05 23:27:04
mid.000000000de64379019cbfaeb36d0959
del

2026-03-05 23:27:13
{'message': {'recipient': {'chat_id': 233194361, 'chat_type': 'dialog', 'user_id': 210669020}, 'timestamp': 1772742433611, 'body': {'mid': 'mid.000000000de64379019cbfaedb4b2a73', 'seq': 116178448129141363, 'text': '', 'attachments': [{'payload': {'vcf_info': 'BEGIN:VCARD\r\nVERSION:3.0\r\nPRODID:ez-vcard 0.10.3\r\nTEL;TYPE=cell:79175560062\r\nFN:Дмитрий Марков\r\nEND:VCARD\r\n', 'max_info': {'user_id': 23645861, 'first_name': 'Дмитрий', 'last_name': 'Марков', 'is_bot': False, 'last_activity_time': 1772742433000, 'name': 'Дмитрий Марков'}}, 'type': 'contact'}]}, 'sender': {'user_id': 23645861, 'first_name': 'Дмитрий', 'last_name': 'Марков', 'is_bot': False, 'last_activity_time': 1772742433000, 'name': 'Дмитрий Марков'}}, 'timestamp': 1772742433611, 'user_locale': 'ru', 'update_type': 'message_created'}
txt

2026-03-05 23:27:13
mid.000000000de64379019cbfaedb4b2a73
del

2026-03-05 23:27:13
mid.000000000de64379019cbfaede2f0959
snd

2026-03-05 23:27:14
mid.000000000de64379019cbfaeb9df6b16
del

2026-03-05 23:27:14
mid.000000000de64379019cbfaee2803f5a
snd

2026-03-05 23:27:15
mid.000000000de64379019cbfaede2f0959
del

2026-03-05 23:27:28
{'message': {'recipient': {'chat_id': 233194361, 'chat_type': 'dialog', 'user_id': 210669020}, 'timestamp': 1772742449448, 'body': {'mid': 'mid.000000000de64379019cbfaf192829ae', 'seq': 116178449167034798, 'text': '991033097'}, 'sender': {'user_id': 23645861, 'first_name': 'Дмитрий', 'last_name': 'Марков', 'is_bot': False, 'last_activity_time': 1772742445000, 'name': 'Дмитрий Марков'}}, 'timestamp': 1772742449448, 'user_locale': 'ru', 'update_type': 'message_created'}
txt

2026-03-05 23:27:29
mid.000000000de64379019cbfaf192829ae
del

2026-03-05 23:27:29
mid.000000000de64379019cbfaf1c4f0959
snd

2026-03-05 23:27:30
mid.000000000de64379019cbfaee2803f5a
del

2026-03-05 23:27:31
mid.000000000de64379019cbfaf2395721d
snd

2026-03-05 23:27:32
mid.000000000de64379019cbfaf1c4f0959
del

2026-03-05 23:27:53
{'message': {'recipient': {'chat_id': 233194361, 'chat_type': 'dialog', 'user_id': 210669020}, 'timestamp': 1772742474330, 'body': {'mid': 'mid.000000000de64379019cbfaf7a5a3eec', 'seq': 116178450797706988, 'text': '865505'}, 'sender': {'user_id': 23645861, 'first_name': 'Дмитрий', 'last_name': 'Марков', 'is_bot': False, 'last_activity_time': 1772742464000, 'name': 'Дмитрий Марков'}}, 'timestamp': 1772742474330, 'user_locale': 'ru', 'update_type': 'message_created'}
txt

2026-03-05 23:27:54
mid.000000000de64379019cbfaf7a5a3eec
del

2026-03-05 23:27:54
mid.000000000de64379019cbfaf7d580959
snd

2026-03-05 23:27:54
mid.000000000de64379019cbfaf2395721d
del

2026-03-05 23:27:55
mid.000000000de64379019cbfaf81df1500
snd

2026-03-05 23:27:56
mid.000000000de64379019cbfaf869401fd
snd

2026-03-05 23:27:57
mid.000000000de64379019cbfaf7d580959
del

2026-03-05 23:28:02
{'callback': {'timestamp': 1772742483369, 'callback_id': 'f9LHodD0cOKUB3riMamcpQKcZrtJX15oXPbDiLDdCakalCByM-pGnFZIpQSHXZNdQ53EZNiUwwBrJX46pFbdY5kMCB5cV1p_zLd33vJ5SUtsD4fdc-FN', 'user': {'user_id': 23645861, 'first_name': 'Дмитрий', 'last_name': 'Марков', 'is_bot': False, 'last_activity_time': 1772742464000, 'name': 'Дмитрий Марков'}, 'payload': 'KBRD.9'}, 'message': {'recipient': {'chat_id': 233194361, 'chat_type': 'dialog', 'user_id': 23645861}, 'timestamp': 1772742477460, 'body': {'mid': 'mid.000000000de64379019cbfaf869401fd', 'seq': 116178451002819069, 'text': 'Введите код доступа: _ _ _ _', 'attachments': [{'callback_id': 'f9LHodD0cOLbHT5hO2gwgoTz382NfCnRzlaKURxQ7ex_2nP40MkM14UG6cgmFQpzcgp7OpAaAs5eg3djnULhhBrCK8slZ3TJi1ItLFTTt-1ib5reas_t', 'payload': {'buttons': [[{'payload': 'KBRD.7', 'text': '7', 'intent': 'default', 'type': 'callback'}, {'payload': 'KBRD.8', 'text': '8', 'intent': 'default', 'type': 'callback'}, {'payload': 'KBRD.9', 'text': '9', 'intent': 'default', 'type': 'callback'}], [{'payload': 'KBRD.4', 'text': '4', 'intent': 'default', 'type': 'callback'}, {'payload': 'KBRD.5', 'text': '5', 'intent': 'default', 'type': 'callback'}, {'payload': 'KBRD.6', 'text': '6', 'intent': 'default', 'type': 'callback'}], [{'payload': 'KBRD.3', 'text': '3', 'intent': 'default', 'type': 'callback'}, {'payload': 'KBRD.2', 'text': '2', 'intent': 'default', 'type': 'callback'}, {'payload': 'KBRD.1', 'text': '1', 'intent': 'default', 'type': 'callback'}], [{'payload': 'KBRD.0', 'text': '0', 'intent': 'default', 'type': 'callback'}, {'payload': 'KBRD.Cancel', 'text': 'Сброс', 'intent': 'default', 'type': 'callback'}], [{'payload': 'RecoveryAuthorization', 'text': 'Восстановление доступа', 'intent': 'default', 'type': 'callback'}], [{'payload': 'CancelCurrentOperation', 'text': 'Прервать операцию', 'intent': 'default', 'type': 'callback'}]]}, 'type': 'inline_keyboard'}], 'markup': [{'from': 20, 'length': 8, 'type': 'strong'}]}, 'sender': {'user_id': 210669020, 'first_name': 'DASHA_TOKEN_BOT', 'username': 'id575104156000_bot', 'is_bot': True, 'last_activity_time': 1772742483300, 'name': 'DASHA_TOKEN_BOT'}}, 'timestamp': 1772742483369, 'user_locale': 'ru', 'update_type': 'message_callback'}
clb

2026-03-05 23:28:03
23645861
edt

2026-03-05 23:28:03
{'callback': {'timestamp': 1772742484028, 'callback_id': 'f9LHodD0cOLnWQF3awJfONC7tg7XuzVR4TxQb8s-uG58P0uJzPZrnWchNrXEtnDhgjrHx7Q9miqTKr5ii9ZBFPDOlr_aQDgbn5a8FkXK10RwW1_yhLC4', 'user': {'user_id': 23645861, 'first_name': 'Дмитрий', 'last_name': 'Марков', 'is_bot': False, 'last_activity_time': 1772742464000, 'name': 'Дмитрий Марков'}, 'payload': 'KBRD.9'}, 'message': {'recipient': {'chat_id': 233194361, 'chat_type': 'dialog', 'user_id': 23645861}, 'timestamp': 1772742477460, 'body': {'mid': 'mid.000000000de64379019cbfaf869401fd', 'seq': 116178451002819069, 'text': 'Введите код доступа: * _ _ _', 'attachments': [{'callback_id': 'f9LHodD0cOIyR-mhaNii-G1KB7gNhY1y932zNNN-KUBW0PfFSdHMxB2ZeD3aBRMz6YN87JcMMu4jfAMbZ1aDfHLlQMCtMChCoZdpWRvrmJmNr3D6rCeL', 'payload': {'buttons': [[{'payload': 'KBRD.7', 'text': '7', 'intent': 'default', 'type': 'callback'}, {'payload': 'KBRD.8', 'text': '8', 'intent': 'default', 'type': 'callback'}, {'payload': 'KBRD.9', 'text': '9', 'intent': 'default', 'type': 'callback'}], [{'payload': 'KBRD.4', 'text': '4', 'intent': 'default', 'type': 'callback'}, {'payload': 'KBRD.5', 'text': '5', 'intent': 'default', 'type': 'callback'}, {'payload': 'KBRD.6', 'text': '6', 'intent': 'default', 'type': 'callback'}], [{'payload': 'KBRD.3', 'text': '3', 'intent': 'default', 'type': 'callback'}, {'payload': 'KBRD.2', 'text': '2', 'intent': 'default', 'type': 'callback'}, {'payload': 'KBRD.1', 'text': '1', 'intent': 'default', 'type': 'callback'}], [{'payload': 'KBRD.0', 'text': '0', 'intent': 'default', 'type': 'callback'}, {'payload': 'KBRD.Cancel', 'text': 'Сброс', 'intent': 'default', 'type': 'callback'}], [{'payload': 'RecoveryAuthorization', 'text': 'Восстановление доступа', 'intent': 'default', 'type': 'callback'}], [{'payload': 'CancelCurrentOperation', 'text': 'Прервать операцию', 'intent': 'default', 'type': 'callback'}]]}, 'type': 'inline_keyboard'}], 'markup': [{'from': 20, 'length': 8, 'type': 'strong'}]}, 'sender': {'user_id': 210669020, 'first_name': 'DASHA_TOKEN_BOT', 'username': 'id575104156000_bot', 'is_bot': True, 'last_activity_time': 1772742484025, 'name': 'DASHA_TOKEN_BOT'}}, 'timestamp': 1772742484028, 'user_locale': 'ru', 'update_type': 'message_callback'}
clb

2026-03-05 23:28:03
23645861
edt

2026-03-05 23:28:04
{'callback': {'timestamp': 1772742484970, 'callback_id': 'f9LHodD0cOLUAFYhXxh3r9jUwFb7Rp1kfJw9MBMewor40-2XOLqTvd_jjCsIzQ8jeUQF-Yur20MbepV2v7hvFEzVzpeM3SS9ziZF2mGVq9A1eS2jg1g9', 'user': {'user_id': 23645861, 'first_name': 'Дмитрий', 'last_name': 'Марков', 'is_bot': False, 'last_activity_time': 1772742464000, 'name': 'Дмитрий Марков'}, 'payload': 'KBRD.9'}, 'message': {'recipient': {'chat_id': 233194361, 'chat_type': 'dialog', 'user_id': 23645861}, 'timestamp': 1772742477460, 'body': {'mid': 'mid.000000000de64379019cbfaf869401fd', 'seq': 116178451002819069, 'text': 'Введите код доступа: * * _ _', 'attachments': [{'callback_id': 'f9LHodD0cOIyIf6Ine5M6FunSXg8aVKMn3tHyXjbAY0rmumfMI9SDGDlTsvt64-hzHY5l79Oej3_n41hiHM9fkUGZ8wmFx4l67tcaP-fZENzuMN5BIqW', 'payload': {'buttons': [[{'payload': 'KBRD.7', 'text': '7', 'intent': 'default', 'type': 'callback'}, {'payload': 'KBRD.8', 'text': '8', 'intent': 'default', 'type': 'callback'}, {'payload': 'KBRD.9', 'text': '9', 'intent': 'default', 'type': 'callback'}], [{'payload': 'KBRD.4', 'text': '4', 'intent': 'default', 'type': 'callback'}, {'payload': 'KBRD.5', 'text': '5', 'intent': 'default', 'type': 'callback'}, {'payload': 'KBRD.6', 'text': '6', 'intent': 'default', 'type': 'callback'}], [{'payload': 'KBRD.3', 'text': '3', 'intent': 'default', 'type': 'callback'}, {'payload': 'KBRD.2', 'text': '2', 'intent': 'default', 'type': 'callback'}, {'payload': 'KBRD.1', 'text': '1', 'intent': 'default', 'type': 'callback'}], [{'payload': 'KBRD.0', 'text': '0', 'intent': 'default', 'type': 'callback'}, {'payload': 'KBRD.Cancel', 'text': 'Сброс', 'intent': 'default', 'type': 'callback'}], [{'payload': 'RecoveryAuthorization', 'text': 'Восстановление доступа', 'intent': 'default', 'type': 'callback'}], [{'payload': 'CancelCurrentOperation', 'text': 'Прервать операцию', 'intent': 'default', 'type': 'callback'}]]}, 'type': 'inline_keyboard'}], 'markup': [{'from': 20, 'length': 8, 'type': 'strong'}]}, 'sender': {'user_id': 210669020, 'first_name': 'DASHA_TOKEN_BOT', 'username': 'id575104156000_bot', 'is_bot': True, 'last_activity_time': 1772742484922, 'name': 'DASHA_TOKEN_BOT'}}, 'timestamp': 1772742484970, 'user_locale': 'ru', 'update_type': 'message_callback'}
clb

2026-03-05 23:28:04
23645861
edt

2026-03-05 23:28:05
{'callback': {'timestamp': 1772742486021, 'callback_id': 'f9LHodD0cOJpV9JCvQfWG3cv4Bz9c59ZLnEUdcsXBv45PZh00KB_S_Me4NWF5OBihaL6rIF1jTMQppWgt5BbzvCQlFrHwXDEavy4_zkGsNpzCO0LUQxF', 'user': {'user_id': 23645861, 'first_name': 'Дмитрий', 'last_name': 'Марков', 'is_bot': False, 'last_activity_time': 1772742485000, 'name': 'Дмитрий Марков'}, 'payload': 'KBRD.9'}, 'message': {'recipient': {'chat_id': 233194361, 'chat_type': 'dialog', 'user_id': 23645861}, 'timestamp': 1772742477460, 'body': {'mid': 'mid.000000000de64379019cbfaf869401fd', 'seq': 116178451002819069, 'text': 'Введите код доступа: * * * _', 'attachments': [{'callback_id': 'f9LHodD0cOIBlhDkuev6cZhzAMqTaoDsfAaNPgUEgKsuQfoEmnjYNe1SJMD5yYmt0vv1HTQHyORfE0LIo8IlaGE6vS2Abr4J8WVjEjTlp2Q7U8VLbT2K', 'payload': {'buttons': [[{'payload': 'KBRD.7', 'text': '7', 'intent': 'default', 'type': 'callback'}, {'payload': 'KBRD.8', 'text': '8', 'intent': 'default', 'type': 'callback'}, {'payload': 'KBRD.9', 'text': '9', 'intent': 'default', 'type': 'callback'}], [{'payload': 'KBRD.4', 'text': '4', 'intent': 'default', 'type': 'callback'}, {'payload': 'KBRD.5', 'text': '5', 'intent': 'default', 'type': 'callback'}, {'payload': 'KBRD.6', 'text': '6', 'intent': 'default', 'type': 'callback'}], [{'payload': 'KBRD.3', 'text': '3', 'intent': 'default', 'type': 'callback'}, {'payload': 'KBRD.2', 'text': '2', 'intent': 'default', 'type': 'callback'}, {'payload': 'KBRD.1', 'text': '1', 'intent': 'default', 'type': 'callback'}], [{'payload': 'KBRD.0', 'text': '0', 'intent': 'default', 'type': 'callback'}, {'payload': 'KBRD.Cancel', 'text': 'Сброс', 'intent': 'default', 'type': 'callback'}], [{'payload': 'RecoveryAuthorization', 'text': 'Восстановление доступа', 'intent': 'default', 'type': 'callback'}], [{'payload': 'CancelCurrentOperation', 'text': 'Прервать операцию', 'intent': 'default', 'type': 'callback'}]]}, 'type': 'inline_keyboard'}], 'markup': [{'from': 20, 'length': 8, 'type': 'strong'}]}, 'sender': {'user_id': 210669020, 'first_name': 'DASHA_TOKEN_BOT', 'username': 'id575104156000_bot', 'is_bot': True, 'last_activity_time': 1772742485967, 'name': 'DASHA_TOKEN_BOT'}}, 'timestamp': 1772742486021, 'user_locale': 'ru', 'update_type': 'message_callback'}
clb

2026-03-05 23:28:05
23645861
edt

2026-03-05 23:28:06
mid.000000000de64379019cbfafaaff0959
snd

2026-03-05 23:28:06
mid.000000000de64379019cbfaf869401fd
del

2026-03-05 23:28:20
mid.000000000de64379019cbfaf81df1500
del

2026-03-05 23:28:20
mid.000000000de64379019cbfafe3ad267d
snd

2026-03-05 23:28:22
mid.000000000de64379019cbfafe8764deb
snd

2026-03-05 23:28:22
mid.000000000de64379019cbfafaaff0959
del

2026-03-05 23:28:24
{'callback': {'timestamp': 1772742505370, 'callback_id': 'f9LHodD0cOJr0Vi1ShmjhraCAfkqY0gP7sZCs_2nXZan1S41QgrgcFCWVfppeP1xiz2PpNikvKCUlFjjtGkSY3SFsGFVLfO2Iz_aanZ6AYlWrksiXCd-', 'user': {'user_id': 23645861, 'first_name': 'Дмитрий', 'last_name': 'Марков', 'is_bot': False, 'last_activity_time': 1772742497000, 'name': 'Дмитрий Марков'}, 'payload': 'KBRD.9'}, 'message': {'recipient': {'chat_id': 233194361, 'chat_type': 'dialog', 'user_id': 23645861}, 'timestamp': 1772742502518, 'body': {'mid': 'mid.000000000de64379019cbfafe8764deb', 'seq': 116178452645039595, 'text': 'Введите код доступа: _ _ _ _', 'attachments': [{'callback_id': 'f9LHodD0cOK5j_yrqKAvy5PJJd4-OdMkaHW_zWDdjm5j4W9u9C-hqFfCqeFfxW8pzWvZehg_IEWn-ODSAD7FZMoraPIrxAox1srvKc0B6aEARL9Vth_q', 'payload': {'buttons': [[{'payload': 'KBRD.7', 'text': '7', 'intent': 'default', 'type': 'callback'}, {'payload': 'KBRD.8', 'text': '8', 'intent': 'default', 'type': 'callback'}, {'payload': 'KBRD.9', 'text': '9', 'intent': 'default', 'type': 'callback'}], [{'payload': 'KBRD.4', 'text': '4', 'intent': 'default', 'type': 'callback'}, {'payload': 'KBRD.5', 'text': '5', 'intent': 'default', 'type': 'callback'}, {'payload': 'KBRD.6', 'text': '6', 'intent': 'default', 'type': 'callback'}], [{'payload': 'KBRD.3', 'text': '3', 'intent': 'default', 'type': 'callback'}, {'payload': 'KBRD.2', 'text': '2', 'intent': 'default', 'type': 'callback'}, {'payload': 'KBRD.1', 'text': '1', 'intent': 'default', 'type': 'callback'}], [{'payload': 'KBRD.0', 'text': '0', 'intent': 'default', 'type': 'callback'}, {'payload': 'KBRD.Cancel', 'text': 'Сброс', 'intent': 'default', 'type': 'callback'}], [{'payload': 'RecoveryAuthorization', 'text': 'Восстановление доступа', 'intent': 'default', 'type': 'callback'}], [{'payload': 'CancelCurrentOperation', 'text': 'Прервать операцию', 'intent': 'default', 'type': 'callback'}]]}, 'type': 'inline_keyboard'}], 'markup': [{'from': 20, 'length': 8, 'type': 'strong'}]}, 'sender': {'user_id': 210669020, 'first_name': 'DASHA_TOKEN_BOT', 'username': 'id575104156000_bot', 'is_bot': True, 'last_activity_time': 1772742505315, 'name': 'DASHA_TOKEN_BOT'}}, 'timestamp': 1772742505370, 'user_locale': 'ru', 'update_type': 'message_callback'}
clb

2026-03-05 23:28:25
23645861
edt

2026-03-05 23:28:25
{'callback': {'timestamp': 1772742505919, 'callback_id': 'f9LHodD0cOLGq5TDyphC8LpBNFyKKT_kNOZyWEluHA7krbC5uMfiqPHJpC5Nmv8p0tzHDua9Ik_v-B3NmpQk2w3oT5qC2sLX9cQ-3erxAS-hXtHp_3Gj', 'user': {'user_id': 23645861, 'first_name': 'Дмитрий', 'last_name': 'Марков', 'is_bot': False, 'last_activity_time': 1772742497000, 'name': 'Дмитрий Марков'}, 'payload': 'KBRD.9'}, 'message': {'recipient': {'chat_id': 233194361, 'chat_type': 'dialog', 'user_id': 23645861}, 'timestamp': 1772742502518, 'body': {'mid': 'mid.000000000de64379019cbfafe8764deb', 'seq': 116178452645039595, 'text': 'Введите код доступа: * _ _ _', 'attachments': [{'callback_id': 'f9LHodD0cOIiD_kzvOZ5Z3oosOo4f_fPW7011IoZp2upM4nuHNVQ4NTFyz6YbeVikY67QmhcPcTxnlXdY1ECTlKTIoWEjCjaPAOwsEtcKQskTLee-mJ7', 'payload': {'buttons': [[{'payload': 'KBRD.7', 'text': '7', 'intent': 'default', 'type': 'callback'}, {'payload': 'KBRD.8', 'text': '8', 'intent': 'default', 'type': 'callback'}, {'payload': 'KBRD.9', 'text': '9', 'intent': 'default', 'type': 'callback'}], [{'payload': 'KBRD.4', 'text': '4', 'intent': 'default', 'type': 'callback'}, {'payload': 'KBRD.5', 'text': '5', 'intent': 'default', 'type': 'callback'}, {'payload': 'KBRD.6', 'text': '6', 'intent': 'default', 'type': 'callback'}], [{'payload': 'KBRD.3', 'text': '3', 'intent': 'default', 'type': 'callback'}, {'payload': 'KBRD.2', 'text': '2', 'intent': 'default', 'type': 'callback'}, {'payload': 'KBRD.1', 'text': '1', 'intent': 'default', 'type': 'callback'}], [{'payload': 'KBRD.0', 'text': '0', 'intent': 'default', 'type': 'callback'}, {'payload': 'KBRD.Cancel', 'text': 'Сброс', 'intent': 'default', 'type': 'callback'}], [{'payload': 'RecoveryAuthorization', 'text': 'Восстановление доступа', 'intent': 'default', 'type': 'callback'}], [{'payload': 'CancelCurrentOperation', 'text': 'Прервать операцию', 'intent': 'default', 'type': 'callback'}]]}, 'type': 'inline_keyboard'}], 'markup': [{'from': 20, 'length': 8, 'type': 'strong'}]}, 'sender': {'user_id': 210669020, 'first_name': 'DASHA_TOKEN_BOT', 'username': 'id575104156000_bot', 'is_bot': True, 'last_activity_time': 1772742506049, 'name': 'DASHA_TOKEN_BOT'}}, 'timestamp': 1772742505919, 'user_locale': 'ru', 'update_type': 'message_callback'}
clb

2026-03-05 23:28:25
23645861
edt

2026-03-05 23:28:26
{'callback': {'timestamp': 1772742506721, 'callback_id': 'f9LHodD0cOK1glHF9vlpH1hQDT_7J6Vs9EwdteRzg_N60UM3rr6gsvJEE4DzpzmQsUeAE2V6j0Ga-0kJicmIX1p1yvGPH92ZG7JjksnPhQkYIzG6mjS6', 'user': {'user_id': 23645861, 'first_name': 'Дмитрий', 'last_name': 'Марков', 'is_bot': False, 'last_activity_time': 1772742497000, 'name': 'Дмитрий Марков'}, 'payload': 'KBRD.9'}, 'message': {'recipient': {'chat_id': 233194361, 'chat_type': 'dialog', 'user_id': 23645861}, 'timestamp': 1772742502518, 'body': {'mid': 'mid.000000000de64379019cbfafe8764deb', 'seq': 116178452645039595, 'text': 'Введите код доступа: * * _ _', 'attachments': [{'callback_id': 'f9LHodD0cOInri_3rnQe3iqpUAy6THmcAjgLmqV926zPCFQH5txhOjYavSwH_4OpokydlytUS50HkEuWuqVmsAsmzatO1Q5PinEhevBgVjIOYnjMgfvi', 'payload': {'buttons': [[{'payload': 'KBRD.7', 'text': '7', 'intent': 'default', 'type': 'callback'}, {'payload': 'KBRD.8', 'text': '8', 'intent': 'default', 'type': 'callback'}, {'payload': 'KBRD.9', 'text': '9', 'intent': 'default', 'type': 'callback'}], [{'payload': 'KBRD.4', 'text': '4', 'intent': 'default', 'type': 'callback'}, {'payload': 'KBRD.5', 'text': '5', 'intent': 'default', 'type': 'callback'}, {'payload': 'KBRD.6', 'text': '6', 'intent': 'default', 'type': 'callback'}], [{'payload': 'KBRD.3', 'text': '3', 'intent': 'default', 'type': 'callback'}, {'payload': 'KBRD.2', 'text': '2', 'intent': 'default', 'type': 'callback'}, {'payload': 'KBRD.1', 'text': '1', 'intent': 'default', 'type': 'callback'}], [{'payload': 'KBRD.0', 'text': '0', 'intent': 'default', 'type': 'callback'}, {'payload': 'KBRD.Cancel', 'text': 'Сброс', 'intent': 'default', 'type': 'callback'}], [{'payload': 'RecoveryAuthorization', 'text': 'Восстановление доступа', 'intent': 'default', 'type': 'callback'}], [{'payload': 'CancelCurrentOperation', 'text': 'Прервать операцию', 'intent': 'default', 'type': 'callback'}]]}, 'type': 'inline_keyboard'}], 'markup': [{'from': 20, 'length': 8, 'type': 'strong'}]}, 'sender': {'user_id': 210669020, 'first_name': 'DASHA_TOKEN_BOT', 'username': 'id575104156000_bot', 'is_bot': True, 'last_activity_time': 1772742506782, 'name': 'DASHA_TOKEN_BOT'}}, 'timestamp': 1772742506721, 'user_locale': 'ru', 'update_type': 'message_callback'}
clb

2026-03-05 23:28:26
23645861
edt

2026-03-05 23:28:27
{'callback': {'timestamp': 1772742507857, 'callback_id': 'f9LHodD0cOJzcLW6A0yVUDCwzYjaWaNsmLeOKiY12gIdDj-EnNNVj-ShqJCGgHufeG27TNEnt5CoaPaAeAdI56BnZ8le0mZ_sRk0a7nYSV-MbBaiaqn7', 'user': {'user_id': 23645861, 'first_name': 'Дмитрий', 'last_name': 'Марков', 'is_bot': False, 'last_activity_time': 1772742497000, 'name': 'Дмитрий Марков'}, 'payload': 'KBRD.9'}, 'message': {'recipient': {'chat_id': 233194361, 'chat_type': 'dialog', 'user_id': 23645861}, 'timestamp': 1772742502518, 'body': {'mid': 'mid.000000000de64379019cbfafe8764deb', 'seq': 116178452645039595, 'text': 'Введите код доступа: * * * _', 'attachments': [{'callback_id': 'f9LHodD0cOJKEAToHWofrNnwwepL__osT3VvYNBATYFC1SVC-sPObMf33UfTNEdF3Y4Q69q7RKxh71QBduJiJ0y_a1NKeqq_x2Kd23ESyVkAiNX4t6nQ', 'payload': {'buttons': [[{'payload': 'KBRD.7', 'text': '7', 'intent': 'default', 'type': 'callback'}, {'payload': 'KBRD.8', 'text': '8', 'intent': 'default', 'type': 'callback'}, {'payload': 'KBRD.9', 'text': '9', 'intent': 'default', 'type': 'callback'}], [{'payload': 'KBRD.4', 'text': '4', 'intent': 'default', 'type': 'callback'}, {'payload': 'KBRD.5', 'text': '5', 'intent': 'default', 'type': 'callback'}, {'payload': 'KBRD.6', 'text': '6', 'intent': 'default', 'type': 'callback'}], [{'payload': 'KBRD.3', 'text': '3', 'intent': 'default', 'type': 'callback'}, {'payload': 'KBRD.2', 'text': '2', 'intent': 'default', 'type': 'callback'}, {'payload': 'KBRD.1', 'text': '1', 'intent': 'default', 'type': 'callback'}], [{'payload': 'KBRD.0', 'text': '0', 'intent': 'default', 'type': 'callback'}, {'payload': 'KBRD.Cancel', 'text': 'Сброс', 'intent': 'default', 'type': 'callback'}], [{'payload': 'RecoveryAuthorization', 'text': 'Восстановление доступа', 'intent': 'default', 'type': 'callback'}], [{'payload': 'CancelCurrentOperation', 'text': 'Прервать операцию', 'intent': 'default', 'type': 'callback'}]]}, 'type': 'inline_keyboard'}], 'markup': [{'from': 20, 'length': 8, 'type': 'strong'}]}, 'sender': {'user_id': 210669020, 'first_name': 'DASHA_TOKEN_BOT', 'username': 'id575104156000_bot', 'is_bot': True, 'last_activity_time': 1772742507827, 'name': 'DASHA_TOKEN_BOT'}}, 'timestamp': 1772742507857, 'user_locale': 'ru', 'update_type': 'message_callback'}
clb

2026-03-05 23:28:27
23645861
edt

2026-03-05 23:28:28
mid.000000000de64379019cbfb0006a0959
snd

2026-03-05 23:28:28
mid.000000000de64379019cbfafe8764deb
del

2026-03-05 23:28:28
mid.000000000de64379019cbfafe3ad267d
del

2026-03-05 23:28:29
mid.000000000de64379019cbfaeb6b06541
del

2026-03-05 23:28:29
mid.000000000de64379019cbfb00663351e
snd

2026-03-05 23:28:30
mid.000000000de64379019cbfb0006a0959
del

2026-03-05 23:31:38
mid.000000000de64379019cbfb2e65e0959
snd

2026-03-05 23:31:38
mid.000000000de64379019cbfb00663351e
del

2026-03-05 23:31:38
mid.000000000de64379019cbfb2e98a52be
snd

2026-03-05 23:31:39
mid.000000000de64379019cbfb2e65e0959
del

2026-03-05 23:32:04
{'callback': {'timestamp': 1772742724662, 'callback_id': 'f9LHodD0cOKxGB6y6qUlLpnB4S0xrRMs0H97M4xqvhzdcpjq_YP7mt44ZC7V6u5uoxdrxB2Qa6U1UaKGfTvWJ0rUnZqkREKeckb3NFe8IW7wlBT0Mb_p', 'user': {'user_id': 23645861, 'first_name': 'Дмитрий', 'last_name': 'Марков', 'is_bot': False, 'last_activity_time': 1772742706000, 'name': 'Дмитрий Марков'}, 'payload': 'Authorization'}, 'message': {'recipient': {'chat_id': 233194361, 'chat_type': 'dialog', 'user_id': 23645861}, 'timestamp': 1772742699402, 'body': {'mid': 'mid.000000000de64379019cbfb2e98a52be', 'seq': 116178465548030654, 'text': 'Превышено разрешенное время бездействия Бота.', 'attachments': [{'callback_id': 'f9LHodD0cOJXj3lXFG7A4LDGuebtqKFePEk5qI1aGq-Yk05Mg1oJj_trOagLi6t2dy69oraah8h28NNj3U_JpQGSvFkfnXTE0GGaJxXykYoc1CKp-3hc', 'payload': {'buttons': [[{'payload': 'Authorization', 'text': 'Авторизоваться', 'intent': 'default', 'type': 'callback'}]]}, 'type': 'inline_keyboard'}], 'markup': [{'from': 40, 'length': 4, 'type': 'strong'}]}, 'sender': {'user_id': 210669020, 'first_name': 'DASHA_TOKEN_BOT', 'username': 'id575104156000_bot', 'is_bot': True, 'last_activity_time': 1772742724611, 'name': 'DASHA_TOKEN_BOT'}}, 'timestamp': 1772742724662, 'user_locale': 'ru', 'update_type': 'message_callback'}
clb

2026-03-05 23:32:05
mid.000000000de64379019cbfb2e98a52be
del

2026-03-05 23:32:05
mid.000000000de64379019cbfb351d17fbf
snd

2026-03-05 23:32:06
mid.000000000de64379019cbfb354fb5df1
snd

2026-03-05 23:32:13
{'callback': {'timestamp': 1772742734227, 'callback_id': 'f9LHodD0cOKnkxwdYlTf1AWtdUSiscikxsWYUYdyTJLbXG735zClCtTSlcKiQCfE1SxM5cPFvdp0yQUfuKXIC3F4wS2uGg9mlWSHYU5PAY0Vtj0HyFzT', 'user': {'user_id': 23645861, 'first_name': 'Дмитрий', 'last_name': 'Марков', 'is_bot': False, 'last_activity_time': 1772742706000, 'name': 'Дмитрий Марков'}, 'payload': 'KBRD.0'}, 'message': {'recipient': {'chat_id': 233194361, 'chat_type': 'dialog', 'user_id': 23645861}, 'timestamp': 1772742726907, 'body': {'mid': 'mid.000000000de64379019cbfb354fb5df1', 'seq': 116178467350601201, 'text': 'Введите код доступа: _ _ _ _', 'attachments': [{'callback_id': 'f9LHodD0cOIA6oTv-wKkASGZj04T-nTvP-eyoWWQqbIJO6xBcIwYdfhEnu1c8PynsHuxzHZCOh-FLVUaI1zdWT-A0Lb-MDSrY0JxiEAJoFwxNvIhgsJq', 'payload': {'buttons': [[{'payload': 'KBRD.7', 'text': '7', 'intent': 'default', 'type': 'callback'}, {'payload': 'KBRD.8', 'text': '8', 'intent': 'default', 'type': 'callback'}, {'payload': 'KBRD.9', 'text': '9', 'intent': 'default', 'type': 'callback'}], [{'payload': 'KBRD.4', 'text': '4', 'intent': 'default', 'type': 'callback'}, {'payload': 'KBRD.5', 'text': '5', 'intent': 'default', 'type': 'callback'}, {'payload': 'KBRD.6', 'text': '6', 'intent': 'default', 'type': 'callback'}], [{'payload': 'KBRD.3', 'text': '3', 'intent': 'default', 'type': 'callback'}, {'payload': 'KBRD.2', 'text': '2', 'intent': 'default', 'type': 'callback'}, {'payload': 'KBRD.1', 'text': '1', 'intent': 'default', 'type': 'callback'}], [{'payload': 'KBRD.0', 'text': '0', 'intent': 'default', 'type': 'callback'}, {'payload': 'KBRD.Cancel', 'text': 'Сброс', 'intent': 'default', 'type': 'callback'}], [{'payload': 'RecoveryAuthorization', 'text': 'Восстановление доступа', 'intent': 'default', 'type': 'callback'}], [{'payload': 'CancelCurrentOperation', 'text': 'Прервать операцию', 'intent': 'default', 'type': 'callback'}]]}, 'type': 'inline_keyboard'}], 'markup': [{'from': 20, 'length': 8, 'type': 'strong'}]}, 'sender': {'user_id': 210669020, 'first_name': 'DASHA_TOKEN_BOT', 'username': 'id575104156000_bot', 'is_bot': True, 'last_activity_time': 1772742734183, 'name': 'DASHA_TOKEN_BOT'}}, 'timestamp': 1772742734227, 'user_locale': 'ru', 'update_type': 'message_callback'}
clb

2026-03-05 23:32:14
23645861
edt

2026-03-05 23:32:14
{'callback': {'timestamp': 1772742735470, 'callback_id': 'f9LHodD0cOKcfQmjyYbr1jcUyi-6tvffW97Wj45CksMQaJ8t-MPwzI7DN26s3XgUsRkeL1Vy1zyS21B0_rY8zmIxGEWw2qvtFe7j-1D5Ae4Wvier9VFm', 'user': {'user_id': 23645861, 'first_name': 'Дмитрий', 'last_name': 'Марков', 'is_bot': False, 'last_activity_time': 1772742735000, 'name': 'Дмитрий Марков'}, 'payload': 'KBRD.0'}, 'message': {'recipient': {'chat_id': 233194361, 'chat_type': 'dialog', 'user_id': 23645861}, 'timestamp': 1772742726907, 'body': {'mid': 'mid.000000000de64379019cbfb354fb5df1', 'seq': 116178467350601201, 'text': 'Введите код доступа: * _ _ _', 'attachments': [{'callback_id': 'f9LHodD0cOJoVaViq1qYJNjQlz9iVNKUzYhMJBMmU2_YvaqppKVaDcGmkocvAQucr02hEtKFUwORKtcGN6JE1Efm1Gok2ArrEJ47eAGyjpTglbJ6-ahb', 'payload': {'buttons': [[{'payload': 'KBRD.7', 'text': '7', 'intent': 'default', 'type': 'callback'}, {'payload': 'KBRD.8', 'text': '8', 'intent': 'default', 'type': 'callback'}, {'payload': 'KBRD.9', 'text': '9', 'intent': 'default', 'type': 'callback'}], [{'payload': 'KBRD.4', 'text': '4', 'intent': 'default', 'type': 'callback'}, {'payload': 'KBRD.5', 'text': '5', 'intent': 'default', 'type': 'callback'}, {'payload': 'KBRD.6', 'text': '6', 'intent': 'default', 'type': 'callback'}], [{'payload': 'KBRD.3', 'text': '3', 'intent': 'default', 'type': 'callback'}, {'payload': 'KBRD.2', 'text': '2', 'intent': 'default', 'type': 'callback'}, {'payload': 'KBRD.1', 'text': '1', 'intent': 'default', 'type': 'callback'}], [{'payload': 'KBRD.0', 'text': '0', 'intent': 'default', 'type': 'callback'}, {'payload': 'KBRD.Cancel', 'text': 'Сброс', 'intent': 'default', 'type': 'callback'}], [{'payload': 'RecoveryAuthorization', 'text': 'Восстановление доступа', 'intent': 'default', 'type': 'callback'}], [{'payload': 'CancelCurrentOperation', 'text': 'Прервать операцию', 'intent': 'default', 'type': 'callback'}]]}, 'type': 'inline_keyboard'}], 'markup': [{'from': 20, 'length': 8, 'type': 'strong'}]}, 'sender': {'user_id': 210669020, 'first_name': 'DASHA_TOKEN_BOT', 'username': 'id575104156000_bot', 'is_bot': True, 'last_activity_time': 1772742735417, 'name': 'DASHA_TOKEN_BOT'}}, 'timestamp': 1772742735470, 'user_locale': 'ru', 'update_type': 'message_callback'}
clb

2026-03-05 23:32:15
23645861
edt

2026-03-05 23:32:17
{'callback': {'timestamp': 1772742736562, 'callback_id': 'f9LHodD0cOKK-2KDOXVzR-QwmbRAAmDNP_9ViPJFiSTnaLvmYvFbK_aVOYliyGZTIus1vtKkxGe0F2JpygIN9A97OPZBVKS--3WyJtmtk8xy-YqpAMlH', 'user': {'user_id': 23645861, 'first_name': 'Дмитрий', 'last_name': 'Марков', 'is_bot': False, 'last_activity_time': 1772742736000, 'name': 'Дмитрий Марков'}, 'payload': 'KBRD.0'}, 'message': {'recipient': {'chat_id': 233194361, 'chat_type': 'dialog', 'user_id': 23645861}, 'timestamp': 1772742726907, 'body': {'mid': 'mid.000000000de64379019cbfb354fb5df1', 'seq': 116178467350601201, 'text': 'Введите код доступа: * * _ _', 'attachments': [{'callback_id': 'f9LHodD0cOLaKriCh-MWL6Tfi-iTze7okReAH3q4rLYySKK_VK66jWdl2phPc2blO50TbQ-ZkGpshHn5rgTR46jOnoKL-xjyInSEA2bay37T_kA5dkEP', 'payload': {'buttons': [[{'payload': 'KBRD.7', 'text': '7', 'intent': 'default', 'type': 'callback'}, {'payload': 'KBRD.8', 'text': '8', 'intent': 'default', 'type': 'callback'}, {'payload': 'KBRD.9', 'text': '9', 'intent': 'default', 'type': 'callback'}], [{'payload': 'KBRD.4', 'text': '4', 'intent': 'default', 'type': 'callback'}, {'payload': 'KBRD.5', 'text': '5', 'intent': 'default', 'type': 'callback'}, {'payload': 'KBRD.6', 'text': '6', 'intent': 'default', 'type': 'callback'}], [{'payload': 'KBRD.3', 'text': '3', 'intent': 'default', 'type': 'callback'}, {'payload': 'KBRD.2', 'text': '2', 'intent': 'default', 'type': 'callback'}, {'payload': 'KBRD.1', 'text': '1', 'intent': 'default', 'type': 'callback'}], [{'payload': 'KBRD.0', 'text': '0', 'intent': 'default', 'type': 'callback'}, {'payload': 'KBRD.Cancel', 'text': 'Сброс', 'intent': 'default', 'type': 'callback'}], [{'payload': 'RecoveryAuthorization', 'text': 'Восстановление доступа', 'intent': 'default', 'type': 'callback'}], [{'payload': 'CancelCurrentOperation', 'text': 'Прервать операцию', 'intent': 'default', 'type': 'callback'}]]}, 'type': 'inline_keyboard'}], 'markup': [{'from': 20, 'length': 8, 'type': 'strong'}]}, 'sender': {'user_id': 210669020, 'first_name': 'DASHA_TOKEN_BOT', 'username': 'id575104156000_bot', 'is_bot': True, 'last_activity_time': 1772742736759, 'name': 'DASHA_TOKEN_BOT'}}, 'timestamp': 1772742736562, 'user_locale': 'ru', 'update_type': 'message_callback'}
clb

2026-03-05 23:32:17
23645861
edt

2026-03-05 23:32:18
{'callback': {'timestamp': 1772742738524, 'callback_id': 'f9LHodD0cOJZfnilucK6gXnX1USZ10XFvGK0pxWpYH_hgD_RJBcyQQcO3hBPnxrgxSwf-LT0oeJ_UyXPfWrNmEIBbu8_ZEFWpdZXn-5zdLYXcP9Zcitp', 'user': {'user_id': 23645861, 'first_name': 'Дмитрий', 'last_name': 'Марков', 'is_bot': False, 'last_activity_time': 1772742737000, 'name': 'Дмитрий Марков'}, 'payload': 'KBRD.0'}, 'message': {'recipient': {'chat_id': 233194361, 'chat_type': 'dialog', 'user_id': 23645861}, 'timestamp': 1772742726907, 'body': {'mid': 'mid.000000000de64379019cbfb354fb5df1', 'seq': 116178467350601201, 'text': 'Введите код доступа: * * * _', 'attachments': [{'callback_id': 'f9LHodD0cOKJJlz4oSuNQyhJyG5LOIIYAAh5U6N7eghMRcToxq8UDACRYRYUPTNp5XkpnbPOrAqpr4CPNhIwJ-dPLuDynULS4UHnLWW0F-TIiin5ThJx', 'payload': {'buttons': [[{'payload': 'KBRD.7', 'text': '7', 'intent': 'default', 'type': 'callback'}, {'payload': 'KBRD.8', 'text': '8', 'intent': 'default', 'type': 'callback'}, {'payload': 'KBRD.9', 'text': '9', 'intent': 'default', 'type': 'callback'}], [{'payload': 'KBRD.4', 'text': '4', 'intent': 'default', 'type': 'callback'}, {'payload': 'KBRD.5', 'text': '5', 'intent': 'default', 'type': 'callback'}, {'payload': 'KBRD.6', 'text': '6', 'intent': 'default', 'type': 'callback'}], [{'payload': 'KBRD.3', 'text': '3', 'intent': 'default', 'type': 'callback'}, {'payload': 'KBRD.2', 'text': '2', 'intent': 'default', 'type': 'callback'}, {'payload': 'KBRD.1', 'text': '1', 'intent': 'default', 'type': 'callback'}], [{'payload': 'KBRD.0', 'text': '0', 'intent': 'default', 'type': 'callback'}, {'payload': 'KBRD.Cancel', 'text': 'Сброс', 'intent': 'default', 'type': 'callback'}], [{'payload': 'RecoveryAuthorization', 'text': 'Восстановление доступа', 'intent': 'default', 'type': 'callback'}], [{'payload': 'CancelCurrentOperation', 'text': 'Прервать операцию', 'intent': 'default', 'type': 'callback'}]]}, 'type': 'inline_keyboard'}], 'markup': [{'from': 20, 'length': 8, 'type': 'strong'}]}, 'sender': {'user_id': 210669020, 'first_name': 'DASHA_TOKEN_BOT', 'username': 'id575104156000_bot', 'is_bot': True, 'last_activity_time': 1772742738951, 'name': 'DASHA_TOKEN_BOT'}}, 'timestamp': 1772742738524, 'user_locale': 'ru', 'update_type': 'message_callback'}
clb

2026-03-05 23:32:19
23645861
edt

2026-03-05 23:32:20
mid.000000000de64379019cbfb38ac60959
snd

2026-03-05 23:32:21
mid.000000000de64379019cbfb354fb5df1
del

2026-03-05 23:32:21
mid.000000000de64379019cbfb39116680f
snd

2026-03-05 23:32:22
mid.000000000de64379019cbfb392b11aca
snd

2026-03-05 23:32:22
mid.000000000de64379019cbfb38ac60959
del

2026-03-05 23:32:22
{'callback': {'timestamp': 1772742740151, 'callback_id': 'f9LHodD0cOJqNqwM2gP1tXOT6SSl1ak02M8hR9unTH4uhyumB0RtF_cpv2gm19E36OdoACLKuaAGxWv-FhpDEmzSNrW-hD3Un6rSHb4RXKC_0nHSE-qX', 'user': {'user_id': 23645861, 'first_name': 'Дмитрий', 'last_name': 'Марков', 'is_bot': False, 'last_activity_time': 1772742737000, 'name': 'Дмитрий Марков'}, 'payload': 'KBRD.0'}, 'message': {'recipient': {'chat_id': 233194361, 'chat_type': 'dialog', 'user_id': 23645861}, 'timestamp': 1772742726907, 'body': {'mid': 'mid.000000000de64379019cbfb354fb5df1', 'seq': 116178467350601201, 'text': 'Введите код доступа: * * * *', 'attachments': [{'callback_id': 'f9LHodD0cOItOq0F35KI2hU3yTba2Gf9WV96cK06hn4mv3M0rsPvAUJKje8hE9W28m4GlnJ4vs-rSZ5amimaGZrfMJxRRGc8LQ1yCPP_jbAD8jJcw8fx', 'payload': {'buttons': [[{'payload': 'KBRD.7', 'text': '7', 'intent': 'default', 'type': 'callback'}, {'payload': 'KBRD.8', 'text': '8', 'intent': 'default', 'type': 'callback'}, {'payload': 'KBRD.9', 'text': '9', 'intent': 'default', 'type': 'callback'}], [{'payload': 'KBRD.4', 'text': '4', 'intent': 'default', 'type': 'callback'}, {'payload': 'KBRD.5', 'text': '5', 'intent': 'default', 'type': 'callback'}, {'payload': 'KBRD.6', 'text': '6', 'intent': 'default', 'type': 'callback'}], [{'payload': 'KBRD.3', 'text': '3', 'intent': 'default', 'type': 'callback'}, {'payload': 'KBRD.2', 'text': '2', 'intent': 'default', 'type': 'callback'}, {'payload': 'KBRD.1', 'text': '1', 'intent': 'default', 'type': 'callback'}], [{'payload': 'KBRD.0', 'text': '0', 'intent': 'default', 'type': 'callback'}, {'payload': 'KBRD.Cancel', 'text': 'Сброс', 'intent': 'default', 'type': 'callback'}], [{'payload': 'RecoveryAuthorization', 'text': 'Восстановление доступа', 'intent': 'default', 'type': 'callback'}], [{'payload': 'CancelCurrentOperation', 'text': 'Прервать операцию', 'intent': 'default', 'type': 'callback'}]]}, 'type': 'inline_keyboard'}], 'markup': [{'from': 20, 'length': 8, 'type': 'strong'}]}, 'sender': {'user_id': 210669020, 'first_name': 'DASHA_TOKEN_BOT', 'username': 'id575104156000_bot', 'is_bot': True, 'last_activity_time': 1772742743422, 'name': 'DASHA_TOKEN_BOT'}}, 'timestamp': 1772742740151, 'user_locale': 'ru', 'update_type': 'message_callback'}
clb

2026-03-05 23:32:23
23645861
edt

2026-03-05 23:32:24
{'callback': {'timestamp': 1772742745369, 'callback_id': 'f9LHodD0cOLj1HcZKT6yvp0xmhmUVk8pJ-QdbWsGOdRozjXNeFvotNEKKg9USva6e8tKYz7ObnUfFOAhbi4zmlIULORR3dhl0h7L7KJLhMDOjHartg4Y', 'user': {'user_id': 23645861, 'first_name': 'Дмитрий', 'last_name': 'Марков', 'is_bot': False, 'last_activity_time': 1772742737000, 'name': 'Дмитрий Марков'}, 'payload': 'KBRD.9'}, 'message': {'recipient': {'chat_id': 233194361, 'chat_type': 'dialog', 'user_id': 23645861}, 'timestamp': 1772742742294, 'body': {'mid': 'mid.000000000de64379019cbfb39116680f', 'seq': 116178468359006223, 'text': 'Введите код доступа: * _ _ _', 'attachments': [{'callback_id': 'f9LHodD0cOLy2aJE_HzNswAsTgyUti8fupYQDv99R8iXemevNzmpfQBjMDmZKXwTntHHcdwlFo0ItnvwqOTrQ-JBl6iEgaARuoM4SI5tCsDssxkOM5EK', 'payload': {'buttons': [[{'payload': 'KBRD.7', 'text': '7', 'intent': 'default', 'type': 'callback'}, {'payload': 'KBRD.8', 'text': '8', 'intent': 'default', 'type': 'callback'}, {'payload': 'KBRD.9', 'text': '9', 'intent': 'default', 'type': 'callback'}], [{'payload': 'KBRD.4', 'text': '4', 'intent': 'default', 'type': 'callback'}, {'payload': 'KBRD.5', 'text': '5', 'intent': 'default', 'type': 'callback'}, {'payload': 'KBRD.6', 'text': '6', 'intent': 'default', 'type': 'callback'}], [{'payload': 'KBRD.3', 'text': '3', 'intent': 'default', 'type': 'callback'}, {'payload': 'KBRD.2', 'text': '2', 'intent': 'default', 'type': 'callback'}, {'payload': 'KBRD.1', 'text': '1', 'intent': 'default', 'type': 'callback'}], [{'payload': 'KBRD.0', 'text': '0', 'intent': 'default', 'type': 'callback'}, {'payload': 'KBRD.Cancel', 'text': 'Сброс', 'intent': 'default', 'type': 'callback'}], [{'payload': 'RecoveryAuthorization', 'text': 'Восстановление доступа', 'intent': 'default', 'type': 'callback'}], [{'payload': 'CancelCurrentOperation', 'text': 'Прервать операцию', 'intent': 'default', 'type': 'callback'}]]}, 'type': 'inline_keyboard'}], 'markup': [{'from': 20, 'length': 8, 'type': 'strong'}]}, 'sender': {'user_id': 210669020, 'first_name': 'DASHA_TOKEN_BOT', 'username': 'id575104156000_bot', 'is_bot': True, 'last_activity_time': 1772742745312, 'name': 'DASHA_TOKEN_BOT'}}, 'timestamp': 1772742745369, 'user_locale': 'ru', 'update_type': 'message_callback'}
clb

2026-03-05 23:32:25
23645861
edt

2026-03-05 23:32:26
{'callback': {'timestamp': 1772742747325, 'callback_id': 'f9LHodD0cOI8v-PqIGVDeD11XhzF0IV3SmqLUte63IBT1tWXxZVu2T18rLfARdDbKlWCZ8FZXfQQGKBSCYFMDmwXCmWg2dykpJ2t-PmnSY3mbZzleBoq', 'user': {'user_id': 23645861, 'first_name': 'Дмитрий', 'last_name': 'Марков', 'is_bot': False, 'last_activity_time': 1772742737000, 'name': 'Дмитрий Марков'}, 'payload': 'KBRD.Cancel'}, 'message': {'recipient': {'chat_id': 233194361, 'chat_type': 'dialog', 'user_id': 23645861}, 'timestamp': 1772742742294, 'body': {'mid': 'mid.000000000de64379019cbfb39116680f', 'seq': 116178468359006223, 'text': 'Введите код доступа: * * _ _', 'attachments': [{'callback_id': 'f9LHodD0cOIioDW6aGhcnX2UFTweThSEkDvE5m7TLcGmPfnuaW5Cy66kyswRaR5GutbjMqnpk1wDoDI6cU-yiXaQee6AoNKEmZsCaUKPS5C4vZfhYILq', 'payload': {'buttons': [[{'payload': 'KBRD.7', 'text': '7', 'intent': 'default', 'type': 'callback'}, {'payload': 'KBRD.8', 'text': '8', 'intent': 'default', 'type': 'callback'}, {'payload': 'KBRD.9', 'text': '9', 'intent': 'default', 'type': 'callback'}], [{'payload': 'KBRD.4', 'text': '4', 'intent': 'default', 'type': 'callback'}, {'payload': 'KBRD.5', 'text': '5', 'intent': 'default', 'type': 'callback'}, {'payload': 'KBRD.6', 'text': '6', 'intent': 'default', 'type': 'callback'}], [{'payload': 'KBRD.3', 'text': '3', 'intent': 'default', 'type': 'callback'}, {'payload': 'KBRD.2', 'text': '2', 'intent': 'default', 'type': 'callback'}, {'payload': 'KBRD.1', 'text': '1', 'intent': 'default', 'type': 'callback'}], [{'payload': 'KBRD.0', 'text': '0', 'intent': 'default', 'type': 'callback'}, {'payload': 'KBRD.Cancel', 'text': 'Сброс', 'intent': 'default', 'type': 'callback'}], [{'payload': 'RecoveryAuthorization', 'text': 'Восстановление доступа', 'intent': 'default', 'type': 'callback'}], [{'payload': 'CancelCurrentOperation', 'text': 'Прервать операцию', 'intent': 'default', 'type': 'callback'}]]}, 'type': 'inline_keyboard'}], 'markup': [{'from': 20, 'length': 8, 'type': 'strong'}]}, 'sender': {'user_id': 210669020, 'first_name': 'DASHA_TOKEN_BOT', 'username': 'id575104156000_bot', 'is_bot': True, 'last_activity_time': 1772742747283, 'name': 'DASHA_TOKEN_BOT'}}, 'timestamp': 1772742747325, 'user_locale': 'ru', 'update_type': 'message_callback'}
clb

2026-03-05 23:32:27
23645861
edt

2026-03-05 23:32:28
{'callback': {'timestamp': 1772742748844, 'callback_id': 'f9LHodD0cOJfw-O3PxaZZZ-c319GJyBcOtoOIIB7WCK-32Xh_j4qEn3r7BeV-9srpZVAJCJP1y1z335rQ7WigsKxbgLiKfVKrDu2pM7CSje3HS0-riFP', 'user': {'user_id': 23645861, 'first_name': 'Дмитрий', 'last_name': 'Марков', 'is_bot': False, 'last_activity_time': 1772742737000, 'name': 'Дмитрий Марков'}, 'payload': 'KBRD.9'}, 'message': {'recipient': {'chat_id': 233194361, 'chat_type': 'dialog', 'user_id': 23645861}, 'timestamp': 1772742742294, 'body': {'mid': 'mid.000000000de64379019cbfb39116680f', 'seq': 116178468359006223, 'text': 'Введите код доступа: _ _ _ _', 'attachments': [{'callback_id': 'f9LHodD0cOKblURo4n67xEcNnYtjtCyVAeF7rmpD84zIXO_4so_8nDrQstHHrV7yMwz9bSoljil_TdP4YN8MA0nZRp7BIiG3SYjdSULIVHwEDp5Xh8au', 'payload': {'buttons': [[{'payload': 'KBRD.7', 'text': '7', 'intent': 'default', 'type': 'callback'}, {'payload': 'KBRD.8', 'text': '8', 'intent': 'default', 'type': 'callback'}, {'payload': 'KBRD.9', 'text': '9', 'intent': 'default', 'type': 'callback'}], [{'payload': 'KBRD.4', 'text': '4', 'intent': 'default', 'type': 'callback'}, {'payload': 'KBRD.5', 'text': '5', 'intent': 'default', 'type': 'callback'}, {'payload': 'KBRD.6', 'text': '6', 'intent': 'default', 'type': 'callback'}], [{'payload': 'KBRD.3', 'text': '3', 'intent': 'default', 'type': 'callback'}, {'payload': 'KBRD.2', 'text': '2', 'intent': 'default', 'type': 'callback'}, {'payload': 'KBRD.1', 'text': '1', 'intent': 'default', 'type': 'callback'}], [{'payload': 'KBRD.0', 'text': '0', 'intent': 'default', 'type': 'callback'}, {'payload': 'KBRD.Cancel', 'text': 'Сброс', 'intent': 'default', 'type': 'callback'}], [{'payload': 'RecoveryAuthorization', 'text': 'Восстановление доступа', 'intent': 'default', 'type': 'callback'}], [{'payload': 'CancelCurrentOperation', 'text': 'Прервать операцию', 'intent': 'default', 'type': 'callback'}]]}, 'type': 'inline_keyboard'}], 'markup': [{'from': 20, 'length': 8, 'type': 'strong'}]}, 'sender': {'user_id': 210669020, 'first_name': 'DASHA_TOKEN_BOT', 'username': 'id575104156000_bot', 'is_bot': True, 'last_activity_time': 1772742748786, 'name': 'DASHA_TOKEN_BOT'}}, 'timestamp': 1772742748844, 'user_locale': 'ru', 'update_type': 'message_callback'}
clb

2026-03-05 23:32:31
23645861
edt

2026-03-05 23:32:35
{'callback': {'timestamp': 1772742752623, 'callback_id': 'f9LHodD0cOKbCvxyCoaIPFzdZToob4HBkVf8cPzn08vq517LPUJyb-a01znVkrUXM1p8unRGy5uADzreEKirIRaqdLGmKWvZMJXawdGeOxVUpUnAueja', 'user': {'user_id': 23645861, 'first_name': 'Дмитрий', 'last_name': 'Марков', 'is_bot': False, 'last_activity_time': 1772742752000, 'name': 'Дмитрий Марков'}, 'payload': 'KBRD.9'}, 'message': {'recipient': {'chat_id': 233194361, 'chat_type': 'dialog', 'user_id': 23645861}, 'timestamp': 1772742742294, 'body': {'mid': 'mid.000000000de64379019cbfb39116680f', 'seq': 116178468359006223, 'text': 'Введите код доступа: * _ _ _', 'attachments': [{'callback_id': 'f9LHodD0cOKYuOHJQLvmKXmMjPVdeo7IzJs_8mumNPKewGA8Z9JDjCyJEojjNODjN9Z-A0hyAcKh2q9pcGSYINeiJAwRpJBUZis4H00xPRW9MWTxbDlu', 'payload': {'buttons': [[{'payload': 'KBRD.7', 'text': '7', 'intent': 'default', 'type': 'callback'}, {'payload': 'KBRD.8', 'text': '8', 'intent': 'default', 'type': 'callback'}, {'payload': 'KBRD.9', 'text': '9', 'intent': 'default', 'type': 'callback'}], [{'payload': 'KBRD.4', 'text': '4', 'intent': 'default', 'type': 'callback'}, {'payload': 'KBRD.5', 'text': '5', 'intent': 'default', 'type': 'callback'}, {'payload': 'KBRD.6', 'text': '6', 'intent': 'default', 'type': 'callback'}], [{'payload': 'KBRD.3', 'text': '3', 'intent': 'default', 'type': 'callback'}, {'payload': 'KBRD.2', 'text': '2', 'intent': 'default', 'type': 'callback'}, {'payload': 'KBRD.1', 'text': '1', 'intent': 'default', 'type': 'callback'}], [{'payload': 'KBRD.0', 'text': '0', 'intent': 'default', 'type': 'callback'}, {'payload': 'KBRD.Cancel', 'text': 'Сброс', 'intent': 'default', 'type': 'callback'}], [{'payload': 'RecoveryAuthorization', 'text': 'Восстановление доступа', 'intent': 'default', 'type': 'callback'}], [{'payload': 'CancelCurrentOperation', 'text': 'Прервать операцию', 'intent': 'default', 'type': 'callback'}]]}, 'type': 'inline_keyboard'}], 'markup': [{'from': 20, 'length': 8, 'type': 'strong'}]}, 'sender': {'user_id': 210669020, 'first_name': 'DASHA_TOKEN_BOT', 'username': 'id575104156000_bot', 'is_bot': True, 'last_activity_time': 1772742752551, 'name': 'DASHA_TOKEN_BOT'}}, 'timestamp': 1772742752623, 'user_locale': 'ru', 'update_type': 'message_callback'}
clb

2026-03-05 23:32:42
23645861
edt

2026-03-05 23:32:47
{'callback': {'timestamp': 1772742755594, 'callback_id': 'f9LHodD0cOL3x19yrfHG81zyNcW1rkDvZJuGHjul-9Y45xnLFFtUlDgWCPtzTrdyri2pwBDeEB-C9DWyoQ0clzvPPD2HCjYV7Py7gX_FVHptH5dHEzXK', 'user': {'user_id': 23645861, 'first_name': 'Дмитрий', 'last_name': 'Марков', 'is_bot': False, 'last_activity_time': 1772742764000, 'name': 'Дмитрий Марков'}, 'payload': 'KBRD.9'}, 'message': {'recipient': {'chat_id': 233194361, 'chat_type': 'dialog', 'user_id': 23645861}, 'timestamp': 1772742742294, 'body': {'mid': 'mid.000000000de64379019cbfb39116680f', 'seq': 116178468359006223, 'text': 'Введите код доступа: * * _ _', 'attachments': [{'callback_id': 'f9LHodD0cOJB_9TSxBJ6jD_KUhymt_IYDp6JTbBTAqeflEnAGWIS_ozrzG4Em6SOgQ47nRgydyEBjMunKaVH-6awUdsvEQ4sGTmrdUaDBGts5iRlerpW', 'payload': {'buttons': [[{'payload': 'KBRD.7', 'text': '7', 'intent': 'default', 'type': 'callback'}, {'payload': 'KBRD.8', 'text': '8', 'intent': 'default', 'type': 'callback'}, {'payload': 'KBRD.9', 'text': '9', 'intent': 'default', 'type': 'callback'}], [{'payload': 'KBRD.4', 'text': '4', 'intent': 'default', 'type': 'callback'}, {'payload': 'KBRD.5', 'text': '5', 'intent': 'default', 'type': 'callback'}, {'payload': 'KBRD.6', 'text': '6', 'intent': 'default', 'type': 'callback'}], [{'payload': 'KBRD.3', 'text': '3', 'intent': 'default', 'type': 'callback'}, {'payload': 'KBRD.2', 'text': '2', 'intent': 'default', 'type': 'callback'}, {'payload': 'KBRD.1', 'text': '1', 'intent': 'default', 'type': 'callback'}], [{'payload': 'KBRD.0', 'text': '0', 'intent': 'default', 'type': 'callback'}, {'payload': 'KBRD.Cancel', 'text': 'Сброс', 'intent': 'default', 'type': 'callback'}], [{'payload': 'RecoveryAuthorization', 'text': 'Восстановление доступа', 'intent': 'default', 'type': 'callback'}], [{'payload': 'CancelCurrentOperation', 'text': 'Прервать операцию', 'intent': 'default', 'type': 'callback'}]]}, 'type': 'inline_keyboard'}], 'markup': [{'from': 20, 'length': 8, 'type': 'strong'}]}, 'sender': {'user_id': 210669020, 'first_name': 'DASHA_TOKEN_BOT', 'username': 'id575104156000_bot', 'is_bot': True, 'last_activity_time': 1772742767640, 'name': 'DASHA_TOKEN_BOT'}}, 'timestamp': 1772742755594, 'user_locale': 'ru', 'update_type': 'message_callback'}
clb

2026-03-05 23:32:47
23645861
edt

2026-03-05 23:32:47
{'callback': {'timestamp': 1772742767171, 'callback_id': 'f9LHodD0cOJzdEVmv_VqECM3NEkN2MMErcxzvs4WqJTv4Oz62aPgh7p_ySracHHRsvOcD6meeU_nMqnlcdxkH6xVUFTZaME74A98jwLmEEJ45MpoOoQ9', 'user': {'user_id': 23645861, 'first_name': 'Дмитрий', 'last_name': 'Марков', 'is_bot': False, 'last_activity_time': 1772742764000, 'name': 'Дмитрий Марков'}, 'payload': 'KBRD.9'}, 'message': {'recipient': {'chat_id': 233194361, 'chat_type': 'dialog', 'user_id': 23645861}, 'timestamp': 1772742742294, 'body': {'mid': 'mid.000000000de64379019cbfb39116680f', 'seq': 116178468359006223, 'text': 'Введите код доступа: * * _ _', 'attachments': [{'callback_id': 'f9LHodD0cOJPmA_xVIgo2O7_L4WnvOBWffP-teCbtCIJz3ta-EBhCi7AwAt1n-XDFMRfnn_GP3JIPbZ8owByBWqCt9yCDMlyh-zVlhMy4ySN6pLB36Xw', 'payload': {'buttons': [[{'payload': 'KBRD.7', 'text': '7', 'intent': 'default', 'type': 'callback'}, {'payload': 'KBRD.8', 'text': '8', 'intent': 'default', 'type': 'callback'}, {'payload': 'KBRD.9', 'text': '9', 'intent': 'default', 'type': 'callback'}], [{'payload': 'KBRD.4', 'text': '4', 'intent': 'default', 'type': 'callback'}, {'payload': 'KBRD.5', 'text': '5', 'intent': 'default', 'type': 'callback'}, {'payload': 'KBRD.6', 'text': '6', 'intent': 'default', 'type': 'callback'}], [{'payload': 'KBRD.3', 'text': '3', 'intent': 'default', 'type': 'callback'}, {'payload': 'KBRD.2', 'text': '2', 'intent': 'default', 'type': 'callback'}, {'payload': 'KBRD.1', 'text': '1', 'intent': 'default', 'type': 'callback'}], [{'payload': 'KBRD.0', 'text': '0', 'intent': 'default', 'type': 'callback'}, {'payload': 'KBRD.Cancel', 'text': 'Сброс', 'intent': 'default', 'type': 'callback'}], [{'payload': 'RecoveryAuthorization', 'text': 'Восстановление доступа', 'intent': 'default', 'type': 'callback'}], [{'payload': 'CancelCurrentOperation', 'text': 'Прервать операцию', 'intent': 'default', 'type': 'callback'}]]}, 'type': 'inline_keyboard'}], 'markup': [{'from': 20, 'length': 8, 'type': 'strong'}]}, 'sender': {'user_id': 210669020, 'first_name': 'DASHA_TOKEN_BOT', 'username': 'id575104156000_bot', 'is_bot': True, 'last_activity_time': 1772742767642, 'name': 'DASHA_TOKEN_BOT'}}, 'timestamp': 1772742767171, 'user_locale': 'ru', 'update_type': 'message_callback'}
clb

2026-03-05 23:32:48
23645861
edt

2026-03-05 23:32:48
mid.000000000de64379019cbfb3fa910959
snd

2026-03-05 23:32:49
mid.000000000de64379019cbfb39116680f
del

2026-03-05 23:32:49
mid.000000000de64379019cbfb392b11aca
del

2026-03-05 23:32:49
mid.000000000de64379019cbfb351d17fbf
del

2026-03-05 23:32:50
mid.000000000de64379019cbfb400c0351e
snd

2026-03-05 23:32:50
mid.000000000de64379019cbfb3fa910959
del

2026-03-05 23:32:51
{'callback': {'timestamp': 1772742769381, 'callback_id': 'f9LHodD0cOIlA1_FG3__QOdYDaVHeuOxP9PonUC5NT0u5C2GuxoEftbcAehrB8xKWTPKkW_vdU6uIg9boa5FL1i0gY5NcKeW0JzhERjMqAzYERk4ARsa', 'user': {'user_id': 23645861, 'first_name': 'Дмитрий', 'last_name': 'Марков', 'is_bot': False, 'last_activity_time': 1772742764000, 'name': 'Дмитрий Марков'}, 'payload': 'KBRD.9'}, 'message': {'recipient': {'chat_id': 233194361, 'chat_type': 'dialog', 'user_id': 23645861}, 'timestamp': 1772742742294, 'body': {'mid': 'mid.000000000de64379019cbfb39116680f', 'seq': 116178468359006223, 'text': 'Введите код доступа: * * * *', 'attachments': [{'callback_id': 'f9LHodD0cOIqaWn5bKk6WOqE_boSqXTiDkJprgoLn2PTjs6TYRxoiqiUwRaEAz7T3bLjGBkih2fECXXToTYJS8MdgXtCnOlsU6q__uDv-Z3jW-0oAX_f', 'payload': {'buttons': [[{'payload': 'KBRD.7', 'text': '7', 'intent': 'default', 'type': 'callback'}, {'payload': 'KBRD.8', 'text': '8', 'intent': 'default', 'type': 'callback'}, {'payload': 'KBRD.9', 'text': '9', 'intent': 'default', 'type': 'callback'}], [{'payload': 'KBRD.4', 'text': '4', 'intent': 'default', 'type': 'callback'}, {'payload': 'KBRD.5', 'text': '5', 'intent': 'default', 'type': 'callback'}, {'payload': 'KBRD.6', 'text': '6', 'intent': 'default', 'type': 'callback'}], [{'payload': 'KBRD.3', 'text': '3', 'intent': 'default', 'type': 'callback'}, {'payload': 'KBRD.2', 'text': '2', 'intent': 'default', 'type': 'callback'}, {'payload': 'KBRD.1', 'text': '1', 'intent': 'default', 'type': 'callback'}], [{'payload': 'KBRD.0', 'text': '0', 'intent': 'default', 'type': 'callback'}, {'payload': 'KBRD.Cancel', 'text': 'Сброс', 'intent': 'default', 'type': 'callback'}], [{'payload': 'RecoveryAuthorization', 'text': 'Восстановление доступа', 'intent': 'default', 'type': 'callback'}], [{'payload': 'CancelCurrentOperation', 'text': 'Прервать операцию', 'intent': 'default', 'type': 'callback'}]]}, 'type': 'inline_keyboard'}], 'markup': [{'from': 20, 'length': 8, 'type': 'strong'}]}, 'sender': {'user_id': 210669020, 'first_name': 'DASHA_TOKEN_BOT', 'username': 'id575104156000_bot', 'is_bot': True, 'last_activity_time': 1772742771599, 'name': 'DASHA_TOKEN_BOT'}}, 'timestamp': 1772742769381, 'user_locale': 'ru', 'update_type': 'message_callback'}
clb

2026-03-05 23:32:51
23645861
edt

2026-03-05 23:35:53
mid.000000000de64379019cbfb6ca5c0959
snd

2026-03-05 23:35:53
mid.000000000de64379019cbfb400c0351e
del

2026-03-05 23:35:53
mid.000000000de64379019cbfb6cdad285a
snd

2026-03-05 23:35:54
mid.000000000de64379019cbfb6ca5c0959
del

2026-03-05 23:44:18
mid.000000000de64379019cbfb6cdad285a
del

2026-03-05 23:44:18
mid.000000000de64379019cbfbe81d72710
snd

2026-03-05 23:44:19
mid.000000000de64379019cbfbe8617481e
snd

2026-03-05 23:44:36
{'callback': {'timestamp': 1772743469313, 'callback_id': 'f9LHodD0cOKSAm1a0vBKvbGtAaM0b3x2Jfrxygaog6ZaDNgLrhPpKVXxwf8PR2_enh_mVGULzx3fLWrwAvpAVAk2ZEa0XVk2DVq3l3Crf3OMDI3Ibsku', 'user': {'user_id': 23645861, 'first_name': 'Дмитрий', 'last_name': 'Марков', 'is_bot': False, 'last_activity_time': 1772743457000, 'name': 'Дмитрий Марков'}, 'payload': 'CancelCurrentOperation'}, 'message': {'recipient': {'chat_id': 233194361, 'chat_type': 'dialog', 'user_id': 23645861}, 'timestamp': 1772743460375, 'body': {'mid': 'mid.000000000de64379019cbfbe8617481e', 'seq': 116178515419154462, 'text': 'Введите код доступа: _ _ _ _', 'attachments': [{'callback_id': 'f9LHodD0cOJRX6jeDfHEd9_4T8l8_j5WXgx1dtDe1k7syeNjGlh4S1bg4HvSu2LUTZDJ7kDr_TfiB0Rb3dfzbOUXbSq77TVXGj7zr8m91UjCNg6-mShI', 'payload': {'buttons': [[{'payload': 'KBRD.7', 'text': '7', 'intent': 'default', 'type': 'callback'}, {'payload': 'KBRD.8', 'text': '8', 'intent': 'default', 'type': 'callback'}, {'payload': 'KBRD.9', 'text': '9', 'intent': 'default', 'type': 'callback'}], [{'payload': 'KBRD.4', 'text': '4', 'intent': 'default', 'type': 'callback'}, {'payload': 'KBRD.5', 'text': '5', 'intent': 'default', 'type': 'callback'}, {'payload': 'KBRD.6', 'text': '6', 'intent': 'default', 'type': 'callback'}], [{'payload': 'KBRD.3', 'text': '3', 'intent': 'default', 'type': 'callback'}, {'payload': 'KBRD.2', 'text': '2', 'intent': 'default', 'type': 'callback'}, {'payload': 'KBRD.1', 'text': '1', 'intent': 'default', 'type': 'callback'}], [{'payload': 'KBRD.0', 'text': '0', 'intent': 'default', 'type': 'callback'}, {'payload': 'KBRD.Cancel', 'text': 'Сброс', 'intent': 'default', 'type': 'callback'}], [{'payload': 'RecoveryAuthorization', 'text': 'Восстановление доступа', 'intent': 'default', 'type': 'callback'}], [{'payload': 'CancelCurrentOperation', 'text': 'Прервать операцию', 'intent': 'default', 'type': 'callback'}]]}, 'type': 'inline_keyboard'}], 'markup': [{'from': 20, 'length': 8, 'type': 'strong'}]}, 'sender': {'user_id': 210669020, 'first_name': 'DASHA_TOKEN_BOT', 'username': 'id575104156000_bot', 'is_bot': True, 'last_activity_time': 1772743469263, 'name': 'DASHA_TOKEN_BOT'}}, 'timestamp': 1772743469313, 'user_locale': 'ru', 'update_type': 'message_callback'}
clb

2026-03-05 23:45:01
{'callback': {'timestamp': 1772743501269, 'callback_id': 'f9LHodD0cOJiItA73_6YyZ0cE4q7DNk4FXSvDneQgdNkgQ4W9NX5Eo1DQ1BRwePBXlA9nfHN45yryaoIuo0waT46DkDJQ5-qQBKeU0eZjfK_CKhVLYWx', 'user': {'user_id': 23645861, 'first_name': 'Дмитрий', 'last_name': 'Марков', 'is_bot': False, 'last_activity_time': 1772743485000, 'name': 'Дмитрий Марков'}, 'payload': 'CancelCurrentOperation'}, 'message': {'recipient': {'chat_id': 233194361, 'chat_type': 'dialog', 'user_id': 23645861}, 'timestamp': 1772743460375, 'body': {'mid': 'mid.000000000de64379019cbfbe8617481e', 'seq': 116178515419154462, 'text': 'Введите код доступа: _ _ _ _', 'attachments': [{'callback_id': 'f9LHodD0cOKzj8AEfgRwqQ5B19sTBbsjjzr8gqomLxznankuRrONhBhHI8pxZCSfNzbeln4iO_tddLw7amOOea4bdWpFEnbnQczX1Zv5XkilUv23fUMq', 'payload': {'buttons': [[{'payload': 'KBRD.7', 'text': '7', 'intent': 'default', 'type': 'callback'}, {'payload': 'KBRD.8', 'text': '8', 'intent': 'default', 'type': 'callback'}, {'payload': 'KBRD.9', 'text': '9', 'intent': 'default', 'type': 'callback'}], [{'payload': 'KBRD.4', 'text': '4', 'intent': 'default', 'type': 'callback'}, {'payload': 'KBRD.5', 'text': '5', 'intent': 'default', 'type': 'callback'}, {'payload': 'KBRD.6', 'text': '6', 'intent': 'default', 'type': 'callback'}], [{'payload': 'KBRD.3', 'text': '3', 'intent': 'default', 'type': 'callback'}, {'payload': 'KBRD.2', 'text': '2', 'intent': 'default', 'type': 'callback'}, {'payload': 'KBRD.1', 'text': '1', 'intent': 'default', 'type': 'callback'}], [{'payload': 'KBRD.0', 'text': '0', 'intent': 'default', 'type': 'callback'}, {'payload': 'KBRD.Cancel', 'text': 'Сброс', 'intent': 'default', 'type': 'callback'}], [{'payload': 'RecoveryAuthorization', 'text': 'Восстановление доступа', 'intent': 'default', 'type': 'callback'}], [{'payload': 'CancelCurrentOperation', 'text': 'Прервать операцию', 'intent': 'default', 'type': 'callback'}]]}, 'type': 'inline_keyboard'}], 'markup': [{'from': 20, 'length': 8, 'type': 'strong'}]}, 'sender': {'user_id': 210669020, 'first_name': 'DASHA_TOKEN_BOT', 'username': 'id575104156000_bot', 'is_bot': True, 'last_activity_time': 1772743501649, 'name': 'DASHA_TOKEN_BOT'}}, 'timestamp': 1772743501269, 'user_locale': 'ru', 'update_type': 'message_callback'}
clb

2026-03-05 23:45:01
mid.000000000de64379019cbfbf299e0959
snd

2026-03-05 23:45:02
mid.000000000de64379019cbfbe8617481e
del

2026-03-05 23:45:02
mid.000000000de64379019cbfbe81d72710
del

2026-03-05 23:45:02
mid.000000000de64379019cbfbf2e4048c5
snd

2026-03-05 23:45:03
mid.000000000de64379019cbfbf299e0959
del

2026-03-05 23:45:13
{'callback': {'timestamp': 1772743514021, 'callback_id': 'f9LHodD0cOLHLRVGx7o0828sVCTqqHlyyJD6ykfk2DQ3TVMuE8bpJXN4Jfl6ECV3zpwdgDtvMpj75f9CadWa6L6M8IojiDdS9zV6nenJmgzWJW0HyDrw', 'user': {'user_id': 23645861, 'first_name': 'Дмитрий', 'last_name': 'Марков', 'is_bot': False, 'last_activity_time': 1772743513000, 'name': 'Дмитрий Марков'}, 'payload': 'Authorization'}, 'message': {'recipient': {'chat_id': 233194361, 'chat_type': 'dialog', 'user_id': 23645861}, 'timestamp': 1772743503424, 'body': {'mid': 'mid.000000000de64379019cbfbf2e4048c5', 'seq': 116178518240413893, 'text': 'Текст для RequiredAuthorization не найден', 'attachments': [{'callback_id': 'f9LHodD0cOKvKJcp6jpcZ1OYe9EriBHxBOyWM-yVtr8ZQ7aQUyFYyioYRKcZcd9CQO_hMvT2tgnjXdXcIuKgS3ocqYp7Rk4k0sDGWpbRr2IoPiGvY2cR', 'payload': {'buttons': [[{'payload': 'Authorization', 'text': 'Авторизоваться', 'intent': 'default', 'type': 'callback'}]]}, 'type': 'inline_keyboard'}], 'markup': [{'from': 10, 'length': 21, 'type': 'strong'}]}, 'sender': {'user_id': 210669020, 'first_name': 'DASHA_TOKEN_BOT', 'username': 'id575104156000_bot', 'is_bot': True, 'last_activity_time': 1772743514000, 'name': 'DASHA_TOKEN_BOT'}}, 'timestamp': 1772743514021, 'user_locale': 'ru', 'update_type': 'message_callback'}
clb

2026-03-05 23:45:13
mid.000000000de64379019cbfbf59380959
snd

2026-03-05 23:45:14
mid.000000000de64379019cbfbf2e4048c5
del

2026-03-05 23:45:15
mid.000000000de64379019cbfbf5cf22005
snd

2026-03-05 23:45:15
mid.000000000de64379019cbfbf610740db
snd

2026-03-05 23:45:16
mid.000000000de64379019cbfbf59380959
del

2026-03-05 23:45:17
{'callback': {'timestamp': 1772743518367, 'callback_id': 'f9LHodD0cOJRK_FVAaJXfGqbfFNJ4-SBFRapma77Dr71RyN5_OcDiUkVYWR8dZEBX26hbKNliV5kfp38jZgMuzMRtcqx7WZx8q5Y7fudrEX6Ixsjd_Bm', 'user': {'user_id': 23645861, 'first_name': 'Дмитрий', 'last_name': 'Марков', 'is_bot': False, 'last_activity_time': 1772743514000, 'name': 'Дмитрий Марков'}, 'payload': 'KBRD.9'}, 'message': {'recipient': {'chat_id': 233194361, 'chat_type': 'dialog', 'user_id': 23645861}, 'timestamp': 1772743516423, 'body': {'mid': 'mid.000000000de64379019cbfbf610740db', 'seq': 116178519092314331, 'text': 'Введите код доступа: _ _ _ _', 'attachments': [{'callback_id': 'f9LHodD0cOIZBZSRetBO73ExBQ682NHfkmwcjEMXt9ABAsWLCU1ez6FQvVoQVtQi5QMEKeKF7gsxtlzRHiOlyFRz-615pFqaXzcSJQh4BRbxnryDMxil', 'payload': {'buttons': [[{'payload': 'KBRD.7', 'text': '7', 'intent': 'default', 'type': 'callback'}, {'payload': 'KBRD.8', 'text': '8', 'intent': 'default', 'type': 'callback'}, {'payload': 'KBRD.9', 'text': '9', 'intent': 'default', 'type': 'callback'}], [{'payload': 'KBRD.4', 'text': '4', 'intent': 'default', 'type': 'callback'}, {'payload': 'KBRD.5', 'text': '5', 'intent': 'default', 'type': 'callback'}, {'payload': 'KBRD.6', 'text': '6', 'intent': 'default', 'type': 'callback'}], [{'payload': 'KBRD.3', 'text': '3', 'intent': 'default', 'type': 'callback'}, {'payload': 'KBRD.2', 'text': '2', 'intent': 'default', 'type': 'callback'}, {'payload': 'KBRD.1', 'text': '1', 'intent': 'default', 'type': 'callback'}], [{'payload': 'KBRD.0', 'text': '0', 'intent': 'default', 'type': 'callback'}, {'payload': 'KBRD.Cancel', 'text': 'Сброс', 'intent': 'default', 'type': 'callback'}], [{'payload': 'RecoveryAuthorization', 'text': 'Восстановление доступа', 'intent': 'default', 'type': 'callback'}], [{'payload': 'CancelCurrentOperation', 'text': 'Прервать операцию', 'intent': 'default', 'type': 'callback'}]]}, 'type': 'inline_keyboard'}], 'markup': [{'from': 20, 'length': 8, 'type': 'strong'}]}, 'sender': {'user_id': 210669020, 'first_name': 'DASHA_TOKEN_BOT', 'username': 'id575104156000_bot', 'is_bot': True, 'last_activity_time': 1772743518316, 'name': 'DASHA_TOKEN_BOT'}}, 'timestamp': 1772743518367, 'user_locale': 'ru', 'update_type': 'message_callback'}
clb

2026-03-05 23:45:18
23645861
edt

2026-03-05 23:45:18
{'callback': {'timestamp': 1772743519354, 'callback_id': 'f9LHodD0cOIKcfiagt41D0gZeXhvxiXvYnnIEUemtjCjKggYaVgHSEuWI5LwRtOpPWMj4Gw1nmn7veiR6tV-ojKUPhzjrjTruym0ubILmQgBwAGdjB5a', 'user': {'user_id': 23645861, 'first_name': 'Дмитрий', 'last_name': 'Марков', 'is_bot': False, 'last_activity_time': 1772743514000, 'name': 'Дмитрий Марков'}, 'payload': 'KBRD.9'}, 'message': {'recipient': {'chat_id': 233194361, 'chat_type': 'dialog', 'user_id': 23645861}, 'timestamp': 1772743516423, 'body': {'mid': 'mid.000000000de64379019cbfbf610740db', 'seq': 116178519092314331, 'text': 'Введите код доступа: * _ _ _', 'attachments': [{'callback_id': 'f9LHodD0cOKsjmXQ8A2mOBYIhGjUVNxT02CjwSjoEWXCzWiqWFojwbvNev70IzftEVE2hcqVklAg0LSukesNv9g5wGS5aEGfULsty5_vLc7TnXk7hgjV', 'payload': {'buttons': [[{'payload': 'KBRD.7', 'text': '7', 'intent': 'default', 'type': 'callback'}, {'payload': 'KBRD.8', 'text': '8', 'intent': 'default', 'type': 'callback'}, {'payload': 'KBRD.9', 'text': '9', 'intent': 'default', 'type': 'callback'}], [{'payload': 'KBRD.4', 'text': '4', 'intent': 'default', 'type': 'callback'}, {'payload': 'KBRD.5', 'text': '5', 'intent': 'default', 'type': 'callback'}, {'payload': 'KBRD.6', 'text': '6', 'intent': 'default', 'type': 'callback'}], [{'payload': 'KBRD.3', 'text': '3', 'intent': 'default', 'type': 'callback'}, {'payload': 'KBRD.2', 'text': '2', 'intent': 'default', 'type': 'callback'}, {'payload': 'KBRD.1', 'text': '1', 'intent': 'default', 'type': 'callback'}], [{'payload': 'KBRD.0', 'text': '0', 'intent': 'default', 'type': 'callback'}, {'payload': 'KBRD.Cancel', 'text': 'Сброс', 'intent': 'default', 'type': 'callback'}], [{'payload': 'RecoveryAuthorization', 'text': 'Восстановление доступа', 'intent': 'default', 'type': 'callback'}], [{'payload': 'CancelCurrentOperation', 'text': 'Прервать операцию', 'intent': 'default', 'type': 'callback'}]]}, 'type': 'inline_keyboard'}], 'markup': [{'from': 20, 'length': 8, 'type': 'strong'}]}, 'sender': {'user_id': 210669020, 'first_name': 'DASHA_TOKEN_BOT', 'username': 'id575104156000_bot', 'is_bot': True, 'last_activity_time': 1772743519302, 'name': 'DASHA_TOKEN_BOT'}}, 'timestamp': 1772743519354, 'user_locale': 'ru', 'update_type': 'message_callback'}
clb

2026-03-05 23:45:19
23645861
edt

2026-03-05 23:45:19
{'callback': {'timestamp': 1772743520326, 'callback_id': 'f9LHodD0cOISKGC9NJ3yyHoo3dkgKU7hSpS0xnpHE3rW9dcjZehOg_vsKSaBBr-DNHWhHkFEmjLrV4R7RU3texEn4qjM0LNci7Yhr4NCRLknULPlK3k1', 'user': {'user_id': 23645861, 'first_name': 'Дмитрий', 'last_name': 'Марков', 'is_bot': False, 'last_activity_time': 1772743514000, 'name': 'Дмитрий Марков'}, 'payload': 'KBRD.9'}, 'message': {'recipient': {'chat_id': 233194361, 'chat_type': 'dialog', 'user_id': 23645861}, 'timestamp': 1772743516423, 'body': {'mid': 'mid.000000000de64379019cbfbf610740db', 'seq': 116178519092314331, 'text': 'Введите код доступа: * * _ _', 'attachments': [{'callback_id': 'f9LHodD0cOIdIXXHgqr5rmC50t0r51OPRCSYbu90doPFFscCwS91zts0nOxqPnJTYSXXxAbe3RPGSsoTjqVFPg0vI6A7ebIxTSQugLNSg6hLbCCOsdB4', 'payload': {'buttons': [[{'payload': 'KBRD.7', 'text': '7', 'intent': 'default', 'type': 'callback'}, {'payload': 'KBRD.8', 'text': '8', 'intent': 'default', 'type': 'callback'}, {'payload': 'KBRD.9', 'text': '9', 'intent': 'default', 'type': 'callback'}], [{'payload': 'KBRD.4', 'text': '4', 'intent': 'default', 'type': 'callback'}, {'payload': 'KBRD.5', 'text': '5', 'intent': 'default', 'type': 'callback'}, {'payload': 'KBRD.6', 'text': '6', 'intent': 'default', 'type': 'callback'}], [{'payload': 'KBRD.3', 'text': '3', 'intent': 'default', 'type': 'callback'}, {'payload': 'KBRD.2', 'text': '2', 'intent': 'default', 'type': 'callback'}, {'payload': 'KBRD.1', 'text': '1', 'intent': 'default', 'type': 'callback'}], [{'payload': 'KBRD.0', 'text': '0', 'intent': 'default', 'type': 'callback'}, {'payload': 'KBRD.Cancel', 'text': 'Сброс', 'intent': 'default', 'type': 'callback'}], [{'payload': 'RecoveryAuthorization', 'text': 'Восстановление доступа', 'intent': 'default', 'type': 'callback'}], [{'payload': 'CancelCurrentOperation', 'text': 'Прервать операцию', 'intent': 'default', 'type': 'callback'}]]}, 'type': 'inline_keyboard'}], 'markup': [{'from': 20, 'length': 8, 'type': 'strong'}]}, 'sender': {'user_id': 210669020, 'first_name': 'DASHA_TOKEN_BOT', 'username': 'id575104156000_bot', 'is_bot': True, 'last_activity_time': 1772743520272, 'name': 'DASHA_TOKEN_BOT'}}, 'timestamp': 1772743520326, 'user_locale': 'ru', 'update_type': 'message_callback'}
clb

2026-03-05 23:45:20
23645861
edt

2026-03-05 23:45:20
{'callback': {'timestamp': 1772743521253, 'callback_id': 'f9LHodD0cOLkSLgc25ySaZtAHHLuAzHeSF19eJvvEmcdaq1YkcWYGioYl9cFmxGMtAFWR8oFNLv2oJsB5s5n4-gPe0WWnRe5aQpkRISaWS09QPV-zA0U', 'user': {'user_id': 23645861, 'first_name': 'Дмитрий', 'last_name': 'Марков', 'is_bot': False, 'last_activity_time': 1772743514000, 'name': 'Дмитрий Марков'}, 'payload': 'KBRD.9'}, 'message': {'recipient': {'chat_id': 233194361, 'chat_type': 'dialog', 'user_id': 23645861}, 'timestamp': 1772743516423, 'body': {'mid': 'mid.000000000de64379019cbfbf610740db', 'seq': 116178519092314331, 'text': 'Введите код доступа: * * * _', 'attachments': [{'callback_id': 'f9LHodD0cOJlGc3ihSKscpK8jMDr8JFwuxRS-SO3FnS5dukbaC75Fd0zM7xW1hrI688xvactiFr-tE4l1yqjG6pU3BWnvFc_xVmO55F3p8fLSbYhyr1e', 'payload': {'buttons': [[{'payload': 'KBRD.7', 'text': '7', 'intent': 'default', 'type': 'callback'}, {'payload': 'KBRD.8', 'text': '8', 'intent': 'default', 'type': 'callback'}, {'payload': 'KBRD.9', 'text': '9', 'intent': 'default', 'type': 'callback'}], [{'payload': 'KBRD.4', 'text': '4', 'intent': 'default', 'type': 'callback'}, {'payload': 'KBRD.5', 'text': '5', 'intent': 'default', 'type': 'callback'}, {'payload': 'KBRD.6', 'text': '6', 'intent': 'default', 'type': 'callback'}], [{'payload': 'KBRD.3', 'text': '3', 'intent': 'default', 'type': 'callback'}, {'payload': 'KBRD.2', 'text': '2', 'intent': 'default', 'type': 'callback'}, {'payload': 'KBRD.1', 'text': '1', 'intent': 'default', 'type': 'callback'}], [{'payload': 'KBRD.0', 'text': '0', 'intent': 'default', 'type': 'callback'}, {'payload': 'KBRD.Cancel', 'text': 'Сброс', 'intent': 'default', 'type': 'callback'}], [{'payload': 'RecoveryAuthorization', 'text': 'Восстановление доступа', 'intent': 'default', 'type': 'callback'}], [{'payload': 'CancelCurrentOperation', 'text': 'Прервать операцию', 'intent': 'default', 'type': 'callback'}]]}, 'type': 'inline_keyboard'}], 'markup': [{'from': 20, 'length': 8, 'type': 'strong'}]}, 'sender': {'user_id': 210669020, 'first_name': 'DASHA_TOKEN_BOT', 'username': 'id575104156000_bot', 'is_bot': True, 'last_activity_time': 1772743521205, 'name': 'DASHA_TOKEN_BOT'}}, 'timestamp': 1772743521253, 'user_locale': 'ru', 'update_type': 'message_callback'}
clb

2026-03-05 23:45:21
23645861
edt

2026-03-05 23:45:21
mid.000000000de64379019cbfbf76e10959
snd

2026-03-05 23:45:21
mid.000000000de64379019cbfbf610740db
del

2026-03-05 23:45:22
mid.000000000de64379019cbfbf5cf22005
del

2026-03-05 23:45:22
mid.000000000de64379019cbfbf7baf367e
snd

2026-03-05 23:45:23
mid.000000000de64379019cbfbf76e10959
del

