2026-03-09 13:55:18
{'callback': {'timestamp': 1772641165099, 'callback_id': 'f9LHodD0cOIl4QiR47M5jSQw9PdnNaEF2mTG4ugEw6Jh1AuWFAPRvriSr5W55UJ5V1gtAaM972f6caCRLfhPKzh14hHk8HQUaceyOibXcnBA9xSJbf5s', 'user': {'user_id': 23645861, 'first_name': 'Дмитрий', 'last_name': 'Марков', 'is_bot': False, 'last_activity_time': 1773052548000, 'name': 'Дмитрий Марков'}, 'payload': 'Start'}, 'message': {'recipient': {'chat_id': 233194361, 'chat_type': 'dialog', 'user_id': 23645861}, 'timestamp': 1772639396095, 'body': {'mid': 'mid.000000000de64379019cb98aa0ff687f', 'seq': 116171695462508671, 'text': 'Бот-генератор токенов доступа v.1.2.', 'attachments': [{'callback_id': 'f9LHodD0cOKCytTS-YuqNeC4Hg0T0aXtUfKEOPh6hpFe7vOruio5jeN3MyjmVH6qcts-Jh22JfBS_ryMF4UqScFfCom23r_1Bs3-wyxZMEDEdKiidQz6', 'payload': {'buttons': [[{'payload': 'Start', 'text': 'Начать', 'intent': 'default', 'type': 'callback'}]]}, 'type': 'inline_keyboard'}]}, 'sender': {'user_id': 210669020, 'first_name': 'DASHA_TOKEN_BOT', 'username': 'id575104156000_bot', 'is_bot': True, 'last_activity_time': 1773053719183, 'name': 'DASHA_TOKEN_BOT'}}, 'timestamp': 1772641165099, 'user_locale': 'ru', 'update_type': 'message_callback'}
clb

2026-03-09 13:55:19
mid.000000000de64379019cd23cb5fe0959
snd

2026-03-09 13:55:20
mid.000000000de64379019cc9bd8bad5f35
del

2026-03-09 13:55:21
mid.000000000de64379019cd23cbcd2480e
snd

2026-03-09 13:55:23
mid.000000000de64379019cd23cc41e2dca
snd

2026-03-09 13:55:23
mid.000000000de64379019cd23cb5fe0959
del

2026-03-09 13:55:25
{'callback': {'timestamp': 1772641182863, 'callback_id': 'f9LHodD0cOJDlbOD-7vHzZzsXryBB3UXiMIP-zH746wE3N7a-jwjChurPzjgjPm-CZ4TaL_-nBWlRACpO4QwrKczXf4wIG6QKtCpLwPQy59Xq_Y67jo_', 'user': {'user_id': 23645861, 'first_name': 'Дмитрий', 'last_name': 'Марков', 'is_bot': False, 'last_activity_time': 1773052548000, 'name': 'Дмитрий Марков'}, 'payload': 'Start'}, 'message': {'recipient': {'chat_id': 233194361, 'chat_type': 'dialog', 'user_id': 23645861}, 'timestamp': 1772641166430, 'body': {'mid': 'mid.000000000de64379019cb9a5a45e3859', 'seq': 116171811483170905, 'text': 'Бот-генератор токенов доступа v.1.2.', 'attachments': [{'callback_id': 'f9LHodD0cOLpuOlaAm_uIjqdatyUXtqJw5hjz5SOnv4dAxAIDWwXOfNqTp-ONPpRDFt8bxqu8CxZYVgBDyPrb-nUQlgv_52hFtpe2ng8P8FEt41eSxH8', 'payload': {'buttons': [[{'payload': 'Start', 'text': 'Начать', 'intent': 'default', 'type': 'callback'}]]}, 'type': 'inline_keyboard'}]}, 'sender': {'user_id': 210669020, 'first_name': 'DASHA_TOKEN_BOT', 'username': 'id575104156000_bot', 'is_bot': True, 'last_activity_time': 1773053725681, 'name': 'DASHA_TOKEN_BOT'}}, 'timestamp': 1772641182863, 'user_locale': 'ru', 'update_type': 'message_callback'}
clb

2026-03-09 13:55:26
mid.000000000de64379019cd23ccfdf0959
snd

2026-03-09 13:55:27
mid.000000000de64379019cd23cc41e2dca
del

2026-03-09 13:55:28
mid.000000000de64379019cd23cbcd2480e
del

2026-03-09 13:55:29
mid.000000000de64379019cd23cdc9c36be
snd

2026-03-09 13:55:37
mid.000000000de64379019cd23cfae724e9
snd

2026-03-09 13:55:38
mid.000000000de64379019cd23ccfdf0959
del

2026-03-09 13:55:38
{'callback': {'timestamp': 1772641189129, 'callback_id': 'f9LHodD0cOJ_cEFaRslLsL4muF_XAGH6VuWxQ5-H98ZvcE6x5vzdbpn_oFgKJO4HSZhgajdLdyF66Npwd1i7ZXxY5Txo285P2T7ebd6sI6BazUWRdrqn', 'user': {'user_id': 23645861, 'first_name': 'Дмитрий', 'last_name': 'Марков', 'is_bot': False, 'last_activity_time': 1773052548000, 'name': 'Дмитрий Марков'}, 'payload': 'Start'}, 'message': {'recipient': {'chat_id': 233194361, 'chat_type': 'dialog', 'user_id': 23645861}, 'timestamp': 1772641166430, 'body': {'mid': 'mid.000000000de64379019cb9a5a45e3859', 'seq': 116171811483170905, 'text': 'Бот-генератор токенов доступа v.1.2.', 'attachments': [{'callback_id': 'f9LHodD0cOKq9SSXTnpWnRcDJUz9ZbxYkQURm-qjOi9S255bEM6VwjCKFGN6IuCLgCSRL6AF755MZ1QH-isGDVXGh_ew5_EMACiDmPQ7mCsxsutY-vFs', 'payload': {'buttons': [[{'payload': 'Start', 'text': 'Начать', 'intent': 'default', 'type': 'callback'}]]}, 'type': 'inline_keyboard'}]}, 'sender': {'user_id': 210669020, 'first_name': 'DASHA_TOKEN_BOT', 'username': 'id575104156000_bot', 'is_bot': True, 'last_activity_time': 1773053725682, 'name': 'DASHA_TOKEN_BOT'}}, 'timestamp': 1772641189129, 'user_locale': 'ru', 'update_type': 'message_callback'}
clb

2026-03-09 13:55:40
mid.000000000de64379019cd23d072f0959
snd

2026-03-09 13:55:41
mid.000000000de64379019cd23cfae724e9
del

2026-03-09 13:55:41
mid.000000000de64379019cd23cdc9c36be
del

2026-03-09 13:55:43
mid.000000000de64379019cd23d129e20e2
snd

2026-03-09 13:55:45
mid.000000000de64379019cd23d1b705d3e
snd

2026-03-09 13:55:46
mid.000000000de64379019cd23d072f0959
del

2026-03-09 13:55:47
{'callback': {'timestamp': 1772641224473, 'callback_id': 'f9LHodD0cOJMN-Ra8q9CDbGaf-rOJBQ5oTNlmFOiiN86Xverjy-SLbg5DU6N7QI0up4sWvqzp4xAJU83v6oC7KEk98YUmFWJ44eAGggoRhq-Qu3dl5PL', 'user': {'user_id': 23645861, 'first_name': 'Дмитрий', 'last_name': 'Марков', 'is_bot': False, 'last_activity_time': 1773052548000, 'name': 'Дмитрий Марков'}, 'payload': 'Start'}, 'message': {'recipient': {'chat_id': 233194361, 'chat_type': 'dialog', 'user_id': 23645861}, 'timestamp': 1772641166430, 'body': {'mid': 'mid.000000000de64379019cb9a5a45e3859', 'seq': 116171811483170905, 'text': 'Бот-генератор токенов доступа v.1.2.', 'attachments': [{'callback_id': 'f9LHodD0cOIz28K5BKfnReomFfTH5C_H9ucfmsadLIlezHoj6z4XZ13NMt0g9JRe4ETlQtxvSAeX-C4u3Mrmz9CYV5gmgIy7l4G4xQGJ7WPXzQLOJpPN', 'payload': {'buttons': [[{'payload': 'Start', 'text': 'Начать', 'intent': 'default', 'type': 'callback'}]]}, 'type': 'inline_keyboard'}]}, 'sender': {'user_id': 210669020, 'first_name': 'DASHA_TOKEN_BOT', 'username': 'id575104156000_bot', 'is_bot': True, 'last_activity_time': 1773053747823, 'name': 'DASHA_TOKEN_BOT'}}, 'timestamp': 1772641224473, 'user_locale': 'ru', 'update_type': 'message_callback'}
clb

2026-03-09 13:55:47
mid.000000000de64379019cd23d25990959
snd

2026-03-09 13:55:48
mid.000000000de64379019cd23d1b705d3e
del

2026-03-09 13:55:50
mid.000000000de64379019cd23d129e20e2
del

2026-03-09 13:55:50
mid.000000000de64379019cd23d316f6160
snd

2026-03-09 13:55:52
mid.000000000de64379019cd23d37f80eb2
snd

2026-03-09 13:55:53
mid.000000000de64379019cd23d25990959
del

2026-03-09 13:55:53
{'callback': {'timestamp': 1772641233326, 'callback_id': 'f9LHodD0cOKDT0FUv4KkVvHomnEf3QOvJ4nrw_xt6KpXpZt_BcM8pnShovkLPd0dx6cpK54AGbW701a8vQGsJs-lQYedn7m1G0ym4tu81s3GJALlGORi', 'user': {'user_id': 23645861, 'first_name': 'Дмитрий', 'last_name': 'Марков', 'is_bot': False, 'last_activity_time': 1773052548000, 'name': 'Дмитрий Марков'}, 'payload': 'MainMenu'}, 'message': {'recipient': {'chat_id': 233194361, 'chat_type': 'dialog', 'user_id': 23645861}, 'timestamp': 1772641225697, 'body': {'mid': 'mid.000000000de64379019cb9a68be122a5', 'seq': 116171815367287461, 'text': 'Для продолжения перейдите в Главное меню Бота или получите Новый токен.', 'attachments': [{'callback_id': 'f9LHodD0cOLTLILvFGtwq-d0Ap6GUhr7xVqey_iHNiSrPm19ofa5fnu_K4F_ZpHsLDHUw4Qs0QkNqTwfg7aT48WWxAqkj3RkNbXHl7v4IxCgwIIs9JEM', 'payload': {'buttons': [[{'payload': 'MainMenu', 'text': 'Главное меню', 'intent': 'default', 'type': 'callback'}], [{'payload': 'GetNewToken', 'text': 'Новый токен', 'intent': 'default', 'type': 'callback'}]]}, 'type': 'inline_keyboard'}], 'markup': [{'from': 28, 'length': 12, 'type': 'strong'}, {'from': 59, 'length': 11, 'type': 'strong'}]}, 'sender': {'user_id': 210669020, 'first_name': 'DASHA_TOKEN_BOT', 'username': 'id575104156000_bot', 'is_bot': True, 'last_activity_time': 1773053747824, 'name': 'DASHA_TOKEN_BOT'}}, 'timestamp': 1772641233326, 'user_locale': 'ru', 'update_type': 'message_callback'}
clb

2026-03-09 13:55:54
mid.000000000de64379019cd23d40110959
snd

2026-03-09 13:55:55
mid.000000000de64379019cd23d37f80eb2
del

2026-03-09 13:55:56
mid.000000000de64379019cd23d316f6160
del

2026-03-09 13:55:57
mid.000000000de64379019cd23d48f81e9b
snd

2026-03-09 13:55:57
mid.000000000de64379019cd23d40110959
del

2026-03-09 13:55:58
{'callback': {'timestamp': 1772641265959, 'callback_id': 'f9LHodD0cOJXGJz4Z6_1UqL-86Z3yqNuyWxLAn7ayrzcz5I_klDglS1le17Rq8NS4vK1fKclv3xqLbpVJDIMBnmNp7-BUZPzGvCgQ3kKFypzoD4qCYGZ', 'user': {'user_id': 23645861, 'first_name': 'Дмитрий', 'last_name': 'Марков', 'is_bot': False, 'last_activity_time': 1773052548000, 'name': 'Дмитрий Марков'}, 'payload': 'MenuExit'}, 'message': {'recipient': {'chat_id': 233194361, 'chat_type': 'dialog', 'user_id': 23645861}, 'timestamp': 1772641234582, 'body': {'mid': 'mid.000000000de64379019cb9a6ae964f9b', 'seq': 116171815949586331, 'text': 'Выберите команду меню Бота или получите Новый токен.', 'attachments': [{'callback_id': 'f9LHodD0cOJKrp4dtkk725CgXwsL16MTGmWtEwjXdnHi2nA5ArYfrlsbFePgSaQqcl5xVCEPo_QC9wmp1diNURRlXjS2dHbi7xMMowQLP0FKrnIuvPCG', 'payload': {'buttons': [[{'payload': 'MenuAuth', 'text': 'Изменить доступ', 'intent': 'default', 'type': 'callback'}, {'payload': 'MenuAbout', 'text': 'О сервисе', 'intent': 'default', 'type': 'callback'}], [{'payload': 'MenuDeleteChat', 'text': 'Удалить чат из сервиса', 'intent': 'default', 'type': 'callback'}], [{'payload': 'MenuDeleteUser', 'text': 'Отказаться от использования сервиса', 'intent': 'default', 'type': 'callback'}], [{'payload': 'GetNewToken', 'text': 'Новый токен', 'intent': 'default', 'type': 'callback'}, {'payload': 'MenuExit', 'text': 'Выход из меню', 'intent': 'default', 'type': 'callback'}]]}, 'type': 'inline_keyboard'}], 'markup': [{'from': 40, 'length': 11, 'type': 'strong'}]}, 'sender': {'user_id': 210669020, 'first_name': 'DASHA_TOKEN_BOT', 'username': 'id575104156000_bot', 'is_bot': True, 'last_activity_time': 1773053759542, 'name': 'DASHA_TOKEN_BOT'}}, 'timestamp': 1772641265959, 'user_locale': 'ru', 'update_type': 'message_callback'}
clb

2026-03-09 13:55:59
mid.000000000de64379019cd23d54850959
snd

2026-03-09 13:56:00
mid.000000000de64379019cd23d48f81e9b
del

2026-03-09 13:56:02
mid.000000000de64379019cd23d5cae3fcb
snd

2026-03-09 13:56:02
mid.000000000de64379019cd23d54850959
del

2026-03-09 13:56:02
{'message': {'recipient': {'chat_id': 233194361, 'chat_type': 'dialog', 'user_id': 210669020}, 'timestamp': 1772641284453, 'body': {'mid': 'mid.000000000de64379019cb9a77165462b', 'seq': 116171819217929771, 'text': 'Удалённое сообщение'}, 'sender': {'user_id': 23645861, 'first_name': 'Дмитрий', 'last_name': 'Марков', 'is_bot': False, 'last_activity_time': 1773052548000, 'name': 'Дмитрий Марков'}}, 'timestamp': 1772641284453, 'user_locale': 'ru', 'update_type': 'message_created'}
txt

2026-03-09 13:56:03
mid.000000000de64379019cd23d637e0959
snd

2026-03-09 13:56:04
mid.000000000de64379019cb9a77165462b
del

2026-03-09 13:56:05
mid.000000000de64379019cd23d6a31692f
snd

2026-03-09 13:56:06
mid.000000000de64379019cd23d637e0959
del

2026-03-09 13:56:06
{'callback': {'timestamp': 1772641290479, 'callback_id': 'f9LHodD0cOLDi9ImU0lSKRBnSsHLNT08fbc17FOYdT4zTK2mGU6odIyQu5SSduOsu13vyeXT5dk9W7uDpAzxaONMjdsS_O5dVyADVWE-z-5M2SxQFye6', 'user': {'user_id': 23645861, 'first_name': 'Дмитрий', 'last_name': 'Марков', 'is_bot': False, 'last_activity_time': 1773052548000, 'name': 'Дмитрий Марков'}, 'payload': 'MainMenu'}, 'message': {'recipient': {'chat_id': 233194361, 'chat_type': 'dialog', 'user_id': 23645861}, 'timestamp': 1772641267194, 'body': {'mid': 'mid.000000000de64379019cb9a72dfa7a25', 'seq': 116171818086857253, 'text': 'Для продолжения перейдите в Главное меню Бота или получите Новый токен.', 'attachments': [{'callback_id': 'f9LHodD0cOIa2dvDHuaUc8iFNxwIRxYb3f1JgI1x3fxJP3grg4T9BiOvR4jAxEmjPrTwSPciis6ShjEgUKTsJQh_LAJ71nmdqMfvBACcvzYMOpNI-4FZ', 'payload': {'buttons': [[{'payload': 'MainMenu', 'text': 'Главное меню', 'intent': 'default', 'type': 'callback'}], [{'payload': 'GetNewToken', 'text': 'Новый токен', 'intent': 'default', 'type': 'callback'}]]}, 'type': 'inline_keyboard'}], 'markup': [{'from': 28, 'length': 12, 'type': 'strong'}, {'from': 59, 'length': 11, 'type': 'strong'}]}, 'sender': {'user_id': 210669020, 'first_name': 'DASHA_TOKEN_BOT', 'username': 'id575104156000_bot', 'is_bot': True, 'last_activity_time': 1773053759544, 'name': 'DASHA_TOKEN_BOT'}}, 'timestamp': 1772641290479, 'user_locale': 'ru', 'update_type': 'message_callback'}
clb

2026-03-09 13:56:07
mid.000000000de64379019cd23d723e0959
snd

2026-03-09 13:56:08
mid.000000000de64379019cd23d6a31692f
del

2026-03-09 13:56:09
mid.000000000de64379019cd23d5cae3fcb
del

2026-03-09 13:56:10
mid.000000000de64379019cd23d7cf606bb
snd

2026-03-09 13:56:11
mid.000000000de64379019cd23d723e0959
del

2026-03-09 13:56:11
{'callback': {'timestamp': 1772641301718, 'callback_id': 'f9LHodD0cOJv5IrDQhYjZBalnbfYl4ItDfDc0R9-0Ksml3nZhf6Bw2Th8eb-STAfBwlTqynl0aZ3cP4NG7mbtMGRBT14jPcjSDiPJfaxyAI6pugDfhXL', 'user': {'user_id': 23645861, 'first_name': 'Дмитрий', 'last_name': 'Марков', 'is_bot': False, 'last_activity_time': 1773052548000, 'name': 'Дмитрий Марков'}, 'payload': 'GetNewToken'}, 'message': {'recipient': {'chat_id': 233194361, 'chat_type': 'dialog', 'user_id': 23645861}, 'timestamp': 1772641292943, 'body': {'mid': 'mid.000000000de64379019cb9a7928f739b', 'seq': 116171819774342043, 'text': 'Выберите команду меню Бота или получите Новый токен.', 'attachments': [{'callback_id': 'f9LHodD0cOKciPJpwj08JSOQ015BWqg2dpOy6MqYd3RuQJsZRYX1EnMD1ESO42SOEZl_lLWSRy_WZYj-91vpOzP5ukCW5BE7jcTqiW5D9VgRatRPS-9h', 'payload': {'buttons': [[{'payload': 'MenuAuth', 'text': 'Изменить доступ', 'intent': 'default', 'type': 'callback'}, {'payload': 'MenuAbout', 'text': 'О сервисе', 'intent': 'default', 'type': 'callback'}], [{'payload': 'MenuDeleteChat', 'text': 'Удалить чат из сервиса', 'intent': 'default', 'type': 'callback'}], [{'payload': 'MenuDeleteUser', 'text': 'Отказаться от использования сервиса', 'intent': 'default', 'type': 'callback'}], [{'payload': 'GetNewToken', 'text': 'Новый токен', 'intent': 'default', 'type': 'callback'}, {'payload': 'MenuExit', 'text': 'Выход из меню', 'intent': 'default', 'type': 'callback'}]]}, 'type': 'inline_keyboard'}], 'markup': [{'from': 40, 'length': 11, 'type': 'strong'}]}, 'sender': {'user_id': 210669020, 'first_name': 'DASHA_TOKEN_BOT', 'username': 'id575104156000_bot', 'is_bot': True, 'last_activity_time': 1773053759546, 'name': 'DASHA_TOKEN_BOT'}}, 'timestamp': 1772641301718, 'user_locale': 'ru', 'update_type': 'message_callback'}
clb

2026-03-09 13:56:12
mid.000000000de64379019cd23d84480959
snd

2026-03-09 13:56:13
mid.000000000de64379019cd23d7cf606bb
del

2026-03-09 13:56:13
mid.000000000de64379019cd23d8b4a2f17
snd

2026-03-09 13:56:15
mid.000000000de64379019cd23d924b5278
snd

2026-03-09 13:56:16
mid.000000000de64379019cd23d84480959
del

2026-03-09 13:56:17
{'callback': {'timestamp': 1772642024449, 'callback_id': 'f9LHodD0cOLgKZM2bZFlH9ytbwEY05pXaev6X9zXObyeQ3bP_a-xhFtjOBOMk-fRHqdmuEth17tTXdCgs3oKqNsIu2lkJPsrdR0pISGVQpwAc4Q1nbl1', 'user': {'user_id': 23645861, 'first_name': 'Дмитрий', 'last_name': 'Марков', 'is_bot': False, 'last_activity_time': 1773053769000, 'name': 'Дмитрий Марков'}, 'payload': 'MainMenu'}, 'message': {'recipient': {'chat_id': 233194361, 'chat_type': 'dialog', 'user_id': 23645861}, 'timestamp': 1772641334957, 'body': {'mid': 'mid.000000000de64379019cb9a836ad2117', 'seq': 116171822527750423, 'text': 'Истек срок действия токена 606479.', 'markup': [{'from': 27, 'length': 6, 'type': 'strikethrough'}]}, 'sender': {'user_id': 210669020, 'first_name': 'DASHA_TOKEN_BOT', 'username': 'id575104156000_bot', 'is_bot': True, 'last_activity_time': 1773053778337, 'name': 'DASHA_TOKEN_BOT'}}, 'timestamp': 1772642024449, 'user_locale': 'ru', 'update_type': 'message_callback'}
clb

2026-03-09 13:56:18
mid.000000000de64379019cd23d9d360959
snd

2026-03-09 13:56:21
mid.000000000de64379019cd23da9bf7a7b
snd

2026-03-09 13:56:22
mid.000000000de64379019cd23d9d360959
del

2026-03-09 13:56:23
{'message': {'recipient': {'chat_id': 233194361, 'chat_type': 'dialog', 'user_id': 210669020}, 'timestamp': 1772642058562, 'body': {'mid': 'mid.000000000de64379019cb9b34142460f', 'seq': 116171869949937167, 'text': '0000'}, 'sender': {'user_id': 23645861, 'first_name': 'Дмитрий', 'last_name': 'Марков', 'is_bot': False, 'last_activity_time': 1773053783000, 'name': 'Дмитрий Марков'}}, 'timestamp': 1772642058562, 'user_locale': 'ru', 'update_type': 'message_created'}
txt

2026-03-09 13:56:24
mid.000000000de64379019cd23db55e0959
snd

2026-03-09 13:56:25
mid.000000000de64379019cb9b34142460f
del

2026-03-09 13:56:26
mid.000000000de64379019cd23dbb6a7933
snd

2026-03-09 13:56:27
mid.000000000de64379019cd23db55e0959
del

2026-03-09 13:56:27
{'callback': {'timestamp': 1772642064283, 'callback_id': 'f9LHodD0cOKGK3hi0ST9n5P5s2jHchmpSG446Arx4qugwN55yJaz8f6TN15lPmQNvuPpSjpd0E-HE-mbPKBI8RhTEfgZWsPsvsypjo60UtGLYmU95VpQ', 'user': {'user_id': 23645861, 'first_name': 'Дмитрий', 'last_name': 'Марков', 'is_bot': False, 'last_activity_time': 1773053783000, 'name': 'Дмитрий Марков'}, 'payload': 'Authorization'}, 'message': {'recipient': {'chat_id': 233194361, 'chat_type': 'dialog', 'user_id': 23645861}, 'timestamp': 1772642040739, 'body': {'mid': 'mid.000000000de64379019cb9b2fba366dd', 'seq': 116171868781897437, 'text': 'Текст для RequiredAuthorization не найден', 'attachments': [{'callback_id': 'f9LHodD0cOJvfh6juvo8x6bacRk8B3w6rN8yLh2FcLCyCm18km3BMA7mjzh5ZlZR-mhGod0FoxTC-NuAuo15ep5Cfj_yz3iMxA56T95PJdw_BIpm6CQh', 'payload': {'buttons': [[{'payload': 'Authorization', 'text': 'Авторизоваться', 'intent': 'default', 'type': 'callback'}]]}, 'type': 'inline_keyboard'}], 'markup': [{'from': 10, 'length': 21, 'type': 'strong'}]}, 'sender': {'user_id': 210669020, 'first_name': 'DASHA_TOKEN_BOT', 'username': 'id575104156000_bot', 'is_bot': True, 'last_activity_time': 1773053784422, 'name': 'DASHA_TOKEN_BOT'}}, 'timestamp': 1772642064283, 'user_locale': 'ru', 'update_type': 'message_callback'}
clb

2026-03-09 13:56:28
mid.000000000de64379019cd23dc3760959
snd

2026-03-09 13:56:29
mid.000000000de64379019cd23dbb6a7933
del

2026-03-09 13:56:30
mid.000000000de64379019cd23da9bf7a7b
del

2026-03-09 13:56:33
mid.000000000de64379019cd23dd5596348
snd

2026-03-09 13:56:36
mid.000000000de64379019cd23de2d834a0
snd

2026-03-09 13:56:37
mid.000000000de64379019cd23dc3760959
del

2026-03-09 13:56:37
{'message': {'recipient': {'chat_id': 233194361, 'chat_type': 'dialog', 'user_id': 210669020}, 'timestamp': 1772642069582, 'body': {'mid': 'mid.000000000de64379019cb9b36c4e460f', 'seq': 116171870672143887, 'text': '0000'}, 'sender': {'user_id': 23645861, 'first_name': 'Дмитрий', 'last_name': 'Марков', 'is_bot': False, 'last_activity_time': 1773053783000, 'name': 'Дмитрий Марков'}}, 'timestamp': 1772642069582, 'user_locale': 'ru', 'update_type': 'message_created'}
txt

2026-03-09 13:56:38
mid.000000000de64379019cd23dea510959
snd

2026-03-09 13:56:39
mid.000000000de64379019cb9b36c4e460f
del

2026-03-09 13:56:40
mid.000000000de64379019cd23de2d834a0
del

2026-03-09 13:56:46
mid.000000000de64379019cd23e0886539e
snd

2026-03-09 13:56:47
mid.000000000de64379019cd23dd5596348
del

2026-03-09 13:56:47
mid.000000000de64379019cd23dd5596348
del

2026-03-09 13:56:48
mid.000000000de64379019cd23d924b5278
del

2026-03-09 13:56:48
mid.000000000de64379019cd23d924b5278
del

2026-03-09 13:56:49
mid.000000000de64379019cd23d8b4a2f17
del

2026-03-09 13:56:49
mid.000000000de64379019cd23e15e91aca
snd

2026-03-09 13:58:03
{'callback': {'timestamp': 1772645591468, 'callback_id': 'f9LHodD0cOK-W_jypQ5CHcox3rd3FauEFple4CZJ1_tREeksIYoGBrcz145ft56t0diHDHHmWpVKzrObMEuyFlLoc2WnjjMDgQbmUm8_PKVgQ7J8O7li', 'user': {'user_id': 23645861, 'first_name': 'Дмитрий', 'last_name': 'Марков', 'is_bot': False, 'last_activity_time': 1773053881000, 'name': 'Дмитрий Марков'}, 'payload': 'Authorization'}, 'message': {'recipient': {'chat_id': 233194361, 'chat_type': 'dialog', 'user_id': 23645861}, 'timestamp': 1772642381138, 'body': {'mid': 'mid.000000000de64379019cb9b82d521dcc', 'seq': 116171891090267596, 'text': 'Превышено разрешенное время бездействия Бота.', 'attachments': [{'callback_id': 'f9LHodD0cOJxoPF1_aaMjs7JSrHSpEO2zTjXFOgnhXocjOTjMKYAWDUX48FgH3XGkOotvUaECbVq8hvDtBpBSYsHUyHTKVkFgM__hh3Z16U6QrB4g1UQ', 'payload': {'buttons': [[{'payload': 'Authorization', 'text': 'Авторизоваться', 'intent': 'default', 'type': 'callback'}]]}, 'type': 'inline_keyboard'}], 'markup': [{'from': 40, 'length': 4, 'type': 'strong'}]}, 'sender': {'user_id': 210669020, 'first_name': 'DASHA_TOKEN_BOT', 'username': 'id575104156000_bot', 'is_bot': True, 'last_activity_time': 1773053883756, 'name': 'DASHA_TOKEN_BOT'}}, 'timestamp': 1772645591468, 'user_locale': 'ru', 'update_type': 'message_callback'}
clb

2026-03-09 13:58:04
mid.000000000de64379019cd23f39da0959
snd

2026-03-09 13:58:06
mid.000000000de64379019cd23f43e5737f
snd

2026-03-09 13:58:09
mid.000000000de64379019cd23f4fea07cc
snd

2026-03-09 13:58:10
mid.000000000de64379019cd23f39da0959
del

2026-03-09 13:58:11
{'message': {'recipient': {'chat_id': 233194361, 'chat_type': 'dialog', 'user_id': 210669020}, 'timestamp': 1772645707921, 'body': {'mid': 'mid.000000000de64379019cb9eaf0910fb0', 'seq': 116172109114314672, 'text': 'Пррр'}, 'sender': {'user_id': 23645861, 'first_name': 'Дмитрий', 'last_name': 'Марков', 'is_bot': False, 'last_activity_time': 1773053881000, 'name': 'Дмитрий Марков'}}, 'timestamp': 1772645707921, 'user_locale': 'ru', 'update_type': 'message_created'}
txt

2026-03-09 13:58:12
mid.000000000de64379019cd23f5a290959
snd

2026-03-09 13:58:13
mid.000000000de64379019cb9eaf0910fb0
del

2026-03-09 13:58:14
mid.000000000de64379019cd23f4fea07cc
del

2026-03-09 13:58:17
mid.000000000de64379019cd23f6f412bf0
snd

2026-03-09 13:58:18
mid.000000000de64379019cd23f72ac1aca
snd

2026-03-09 13:58:19
mid.000000000de64379019cd23f5a290959
del

2026-03-09 13:58:19
{'message': {'recipient': {'chat_id': 233194361, 'chat_type': 'dialog', 'user_id': 210669020}, 'timestamp': 1772645715548, 'body': {'mid': 'mid.000000000de64379019cb9eb0e5c460f', 'seq': 116172109614171663, 'text': '0000'}, 'sender': {'user_id': 23645861, 'first_name': 'Дмитрий', 'last_name': 'Марков', 'is_bot': False, 'last_activity_time': 1773053881000, 'name': 'Дмитрий Марков'}}, 'timestamp': 1772645715548, 'user_locale': 'ru', 'update_type': 'message_created'}
txt

2026-03-09 13:58:20
mid.000000000de64379019cd23f79410959
snd

2026-03-09 13:58:21
mid.000000000de64379019cb9eb0e5c460f
del

2026-03-09 13:58:22
mid.000000000de64379019cd23f72ac1aca
del

2026-03-09 13:58:23
mid.000000000de64379019cd23f6f412bf0
del

2026-03-09 13:58:28
mid.000000000de64379019cd23f96e34886
snd

2026-03-09 13:58:29
mid.000000000de64379019cd23f9b861aca
snd

2026-03-09 13:58:30
mid.000000000de64379019cd23f79410959
del

2026-03-09 13:58:30
{'callback': {'timestamp': 1772645720853, 'callback_id': 'f9LHodD0cOLMXLElcajUOGykSCtXlg1dc3jVtCOZ9pdh6FVKVq4O5d5l-lbkGwQAXDTJyDlkwCra3d0970Ekk6kM9b27bWMhlCKeEuPPvE4OrxlCbnrP', 'user': {'user_id': 23645861, 'first_name': 'Дмитрий', 'last_name': 'Марков', 'is_bot': False, 'last_activity_time': 1773053881000, 'name': 'Дмитрий Марков'}, 'payload': 'Authorization'}, 'message': {'recipient': {'chat_id': 233194361, 'chat_type': 'dialog', 'user_id': 23645861}, 'timestamp': 1772645710621, 'body': {'mid': 'mid.000000000de64379019cb9eafb1d1fe6', 'seq': 116172109291266022, 'text': 'Текст для RequiredAuthorization не найден', 'attachments': [{'callback_id': 'f9LHodD0cOKQErUugcl13c0lh0008OIDmd9YgI-Htui70Tq251_IR9hyLECZbTVFf9cQt3HMDPkAuRQA8uxcLwaWTUr8rfgzoWO0dFhs6p7IBuBjW9Pr', 'payload': {'buttons': [[{'payload': 'Authorization', 'text': 'Авторизоваться', 'intent': 'default', 'type': 'callback'}]]}, 'type': 'inline_keyboard'}], 'markup': [{'from': 10, 'length': 21, 'type': 'strong'}]}, 'sender': {'user_id': 210669020, 'first_name': 'DASHA_TOKEN_BOT', 'username': 'id575104156000_bot', 'is_bot': True, 'last_activity_time': 1773053892220, 'name': 'DASHA_TOKEN_BOT'}}, 'timestamp': 1772645720853, 'user_locale': 'ru', 'update_type': 'message_callback'}
clb

2026-03-09 13:58:31
mid.000000000de64379019cd23fa4fd0959
snd

2026-03-09 13:58:32
mid.000000000de64379019cd23f9b861aca
del

2026-03-09 13:58:33
mid.000000000de64379019cd23f96e34886
del

2026-03-09 13:58:34
mid.000000000de64379019cd23f43e5737f
del

2026-03-09 13:58:37
mid.000000000de64379019cd23fbb3d6d26
snd

2026-03-09 13:58:42
mid.000000000de64379019cd23fcd71754d
snd

2026-03-09 13:58:43
mid.000000000de64379019cd23fa4fd0959
del

2026-03-09 13:58:43
{'message': {'recipient': {'chat_id': 233194361, 'chat_type': 'dialog', 'user_id': 210669020}, 'timestamp': 1772645729202, 'body': {'mid': 'mid.000000000de64379019cb9eb43b2460f', 'seq': 116172110509000207, 'text': '0000'}, 'sender': {'user_id': 23645861, 'first_name': 'Дмитрий', 'last_name': 'Марков', 'is_bot': False, 'last_activity_time': 1773053881000, 'name': 'Дмитрий Марков'}}, 'timestamp': 1772645729202, 'user_locale': 'ru', 'update_type': 'message_created'}
txt

2026-03-09 13:58:44
mid.000000000de64379019cd23fd6ce0959
snd

2026-03-09 13:58:45
mid.000000000de64379019cb9eb43b2460f
del

2026-03-09 13:58:46
mid.000000000de64379019cd23fcd71754d
del

2026-03-09 13:58:50
mid.000000000de64379019cd23fed3205bb
snd

2026-03-09 13:58:51
mid.000000000de64379019cd23ff0c51aca
snd

2026-03-09 13:58:51
mid.000000000de64379019cd23fd6ce0959
del

2026-03-09 13:58:51
{'callback': {'timestamp': 1772645736587, 'callback_id': 'f9LHodD0cOK0rXXxCW5a8FwS2R2jl0ZtzchkJAmXWq7TEZMK_frgvqgatH9kMTjbLlTKNkWV8cFRAwGhamhJT1qQabpBw7xBUqX4qycKsliSRC4uBKDl', 'user': {'user_id': 23645861, 'first_name': 'Дмитрий', 'last_name': 'Марков', 'is_bot': False, 'last_activity_time': 1773053881000, 'name': 'Дмитрий Марков'}, 'payload': 'GetNewToken'}, 'message': {'recipient': {'chat_id': 233194361, 'chat_type': 'dialog', 'user_id': 23645861}, 'timestamp': 1772645731535, 'body': {'mid': 'mid.000000000de64379019cb9eb4ccf017e', 'seq': 116172110661878142, 'text': 'Выберите команду меню Бота или получите Новый токен.', 'attachments': [{'callback_id': 'f9LHodD0cOJCH5GYLcc7tv-jWsNAUicLHNv1V0fQxg0vM11oK90SQylZkdE1-kBgh57E98MltxXl6CF6doewxd2HMW9shNGHGsFq1CZpooY-MDCBkdxW', 'payload': {'buttons': [[{'payload': 'MainMenu', 'text': 'Главное меню', 'intent': 'default', 'type': 'callback'}], [{'payload': 'GetNewToken', 'text': 'Новый токен', 'intent': 'default', 'type': 'callback'}]]}, 'type': 'inline_keyboard'}], 'markup': [{'from': 40, 'length': 11, 'type': 'strong'}]}, 'sender': {'user_id': 210669020, 'first_name': 'DASHA_TOKEN_BOT', 'username': 'id575104156000_bot', 'is_bot': True, 'last_activity_time': 1773053892221, 'name': 'DASHA_TOKEN_BOT'}}, 'timestamp': 1772645736587, 'user_locale': 'ru', 'update_type': 'message_callback'}
clb

2026-03-09 13:59:17
mid.000000000de64379019cd24057610959
snd

2026-03-09 13:59:18
mid.000000000de64379019cd23ff0c51aca
del

2026-03-09 13:59:18
mid.000000000de64379019cd23fed3205bb
del

2026-03-09 13:59:19
mid.000000000de64379019cd23fbb3d6d26
del

2026-03-09 13:59:20
mid.000000000de64379019cd23e15e91aca
del

2026-03-09 13:59:21
mid.000000000de64379019cd23e0886539e
del

2026-03-09 13:59:23
mid.000000000de64379019cd2406dee2f17
snd

2026-03-09 13:59:24
mid.000000000de64379019cd24074aa294c
snd

2026-03-09 13:59:25
mid.000000000de64379019cd24057610959
del

2026-03-09 13:59:25
{'callback': {'timestamp': 1772645743320, 'callback_id': 'f9LHodD0cOKofg4pJZ3SDPj_lnbHIHTjzmOyWzAtQXXjkjwccrrEej8dMRjsR2Vr87gMe--aV0_HGTSVJrg_iZtwq4d2K7QYv-5xSOKhL9lQcbX-cpnJ', 'user': {'user_id': 23645861, 'first_name': 'Дмитрий', 'last_name': 'Марков', 'is_bot': False, 'last_activity_time': 1773053881000, 'name': 'Дмитрий Марков'}, 'payload': 'MainMenu'}, 'message': {'recipient': {'chat_id': 233194361, 'chat_type': 'dialog', 'user_id': 23645861}, 'timestamp': 1772645739677, 'body': {'mid': 'mid.000000000de64379019cb9eb6c9d704c', 'seq': 116172111195500620, 'text': '792073', 'markup': [{'from': 0, 'length': 6, 'type': 'strong'}]}, 'sender': {'user_id': 210669020, 'first_name': 'DASHA_TOKEN_BOT', 'username': 'id575104156000_bot', 'is_bot': True, 'last_activity_time': 1773053892222, 'name': 'DASHA_TOKEN_BOT'}}, 'timestamp': 1772645743320, 'user_locale': 'ru', 'update_type': 'message_callback'}
clb

2026-03-09 14:00:28
mid.000000000de64379019cd24074aa294c
del

2026-03-09 14:03:37
mid.000000000de64379019cd2444e1d0959
snd

2026-03-09 14:03:37
mid.000000000de64379019cd2444e7d0959
snd

2026-03-09 14:03:38
mid.000000000de64379019cd244528c0290
snd

2026-03-09 14:03:38
mid.000000000de64379019cd24453207787
snd

2026-03-09 14:03:38
mid.000000000de64379019cd244535c76fb
snd

2026-03-09 14:03:39
mid.000000000de64379019cd2444e1d0959
del

2026-03-09 14:03:39
mid.000000000de64379019cd2444e7d0959
del

2026-03-09 14:03:40
{'callback': {'timestamp': 1772646105978, 'callback_id': 'f9LHodD0cOI3IzEC0As1GCrVEtYj6GJOHI1nPvOCoj3MtImQSS9R3wy0ccabAfwo4RUmBp6fHlak7E8SRuQBOa8-fB5wS5CPnRRrCEh4Vw4nIrhHX5HT', 'user': {'user_id': 23645861, 'first_name': 'Дмитрий', 'last_name': 'Марков', 'is_bot': False, 'last_activity_time': 1773054219000, 'name': 'Дмитрий Марков'}, 'payload': 'Start'}, 'message': {'recipient': {'chat_id': 233194361, 'chat_type': 'dialog', 'user_id': 23645861}, 'timestamp': 1772646070031, 'body': {'mid': 'mid.000000000de64379019cb9f0770f2a1e', 'seq': 116172132845562398, 'text': 'Бот-генератор токенов доступа v.1.2.', 'attachments': [{'callback_id': 'f9LHodD0cOI-icyq05JOTd2Jcn7KJ5yQdjJCbl_c_iAM-6NDINMpfVCk3PkxlNdDvf051Ev2Qmp1JPajS4kebMN67HWRtJU0_GBKVbH5dN6xH9GIp0Uv', 'payload': {'buttons': [[{'payload': 'Start', 'text': 'Начать', 'intent': 'default', 'type': 'callback'}]]}, 'type': 'inline_keyboard'}]}, 'sender': {'user_id': 210669020, 'first_name': 'DASHA_TOKEN_BOT', 'username': 'id575104156000_bot', 'is_bot': True, 'last_activity_time': 1773054220738, 'name': 'DASHA_TOKEN_BOT'}}, 'timestamp': 1772646105978, 'user_locale': 'ru', 'update_type': 'message_callback'}
clb

2026-03-09 14:03:57
mid.000000000de64379019cd2449c090959
snd

2026-03-09 14:03:57
mid.000000000de64379019cd244535c76fb
del

2026-03-09 14:03:58
mid.000000000de64379019cd24453207787
del

2026-03-09 14:03:59
mid.000000000de64379019cd244528c0290
del

2026-03-09 14:03:59
mid.000000000de64379019cd244a7a6222d
snd

2026-03-09 14:04:01
mid.000000000de64379019cd244ae4a0fe0
snd

2026-03-09 14:04:02
mid.000000000de64379019cd2449c090959
del

2026-03-09 14:04:03
{'callback': {'timestamp': 1772646639797, 'callback_id': 'f9LHodD0cOIl6PZs-7OBv2ZIwvAoegnONkbn_TIvLPqyjD3HT-nJGm4mx_0RN-0CcyAEmw-oN5RPk-HR_YzL3dF3Iyl1eTcLfil1gLym05epcDS5quZJ', 'user': {'user_id': 23645861, 'first_name': 'Дмитрий', 'last_name': 'Марков', 'is_bot': False, 'last_activity_time': 1773054222000, 'name': 'Дмитрий Марков'}, 'payload': 'Start'}, 'message': {'recipient': {'chat_id': 233194361, 'chat_type': 'dialog', 'user_id': 23645861}, 'timestamp': 1772646624517, 'body': {'mid': 'mid.000000000de64379019cb9f8ed050a32', 'seq': 116172169184348722, 'text': 'Бот-генератор токенов доступа v.1.2.', 'attachments': [{'callback_id': 'f9LHodD0cOIamR4DhJBP28wrVG95LZZe8mhaWaa1jxu82S3rg5HX_G8sE0SQBD8lbd_wrUWIBWAVFzf_qdzjwpMJPZ49GKfJcNtf3K-Fza_nAmxVCZD1', 'payload': {'buttons': [[{'payload': 'Start', 'text': 'Начать', 'intent': 'default', 'type': 'callback'}]]}, 'type': 'inline_keyboard'}]}, 'sender': {'user_id': 210669020, 'first_name': 'DASHA_TOKEN_BOT', 'username': 'id575104156000_bot', 'is_bot': True, 'last_activity_time': 1773054244403, 'name': 'DASHA_TOKEN_BOT'}}, 'timestamp': 1772646639797, 'user_locale': 'ru', 'update_type': 'message_callback'}
clb

2026-03-09 14:04:04
mid.000000000de64379019cd244ba290959
snd

2026-03-09 14:04:05
mid.000000000de64379019cd244ae4a0fe0
del

2026-03-09 14:04:06
mid.000000000de64379019cd244a7a6222d
del

2026-03-09 14:04:07
mid.000000000de64379019cd244c3961914
snd

2026-03-09 14:04:09
mid.000000000de64379019cd244cb655bb9
snd

2026-03-09 14:04:10
mid.000000000de64379019cd244ba290959
del

2026-03-09 14:04:10
{'message': {'recipient': {'chat_id': 233194361, 'chat_type': 'dialog', 'user_id': 210669020}, 'timestamp': 1772646650972, 'body': {'mid': 'mid.000000000de64379019cb9f9545c460f', 'seq': 116172170918118927, 'text': '0000'}, 'sender': {'user_id': 23645861, 'first_name': 'Дмитрий', 'last_name': 'Марков', 'is_bot': False, 'last_activity_time': 1773054222000, 'name': 'Дмитрий Марков'}}, 'timestamp': 1772646650972, 'user_locale': 'ru', 'update_type': 'message_created'}
txt

2026-03-09 14:04:10
mid.000000000de64379019cd244d23d0959
snd

2026-03-09 14:04:11
mid.000000000de64379019cb9f9545c460f
del

2026-03-09 14:04:12
mid.000000000de64379019cd244cb655bb9
del

2026-03-09 14:04:14
mid.000000000de64379019cd244e0811927
snd

2026-03-09 14:04:15
mid.000000000de64379019cd244e4ed1aca
snd

2026-03-09 14:04:16
mid.000000000de64379019cd244d23d0959
del

2026-03-09 14:04:17
{'callback': {'timestamp': 1772646656089, 'callback_id': 'f9LHodD0cOK_TBCoMThA1X09yJGhhhHq-0VzBqBB_0Tc9v_R69HUZh_T5IBuBbJFpXGo2V3XSI3Jo5WLaj8jsY50y-0DZkKL-EwecaCqP54mic8ORt0f', 'user': {'user_id': 23645861, 'first_name': 'Дмитрий', 'last_name': 'Марков', 'is_bot': False, 'last_activity_time': 1773054258000, 'name': 'Дмитрий Марков'}, 'payload': 'GetNewToken'}, 'message': {'recipient': {'chat_id': 233194361, 'chat_type': 'dialog', 'user_id': 23645861}, 'timestamp': 1772646653632, 'body': {'mid': 'mid.000000000de64379019cb9f95ec04f3e', 'seq': 116172171092447038, 'text': 'Выберите команду меню Бота или получите Новый токен.', 'attachments': [{'callback_id': 'f9LHodD0cOIHbjAyQaUwJxKCIBz_I1WpkCgHmnk9-qSeILMFgvmedJIEY3ZD-1jETLdGHfYzvkapjsaFRr8p7iIOdvNYuNFHf6I5KGsaey75okAxJeNB', 'payload': {'buttons': [[{'payload': 'MainMenu', 'text': 'Главное меню', 'intent': 'default', 'type': 'callback'}], [{'payload': 'GetNewToken', 'text': 'Новый токен', 'intent': 'default', 'type': 'callback'}]]}, 'type': 'inline_keyboard'}], 'markup': [{'from': 40, 'length': 11, 'type': 'strong'}]}, 'sender': {'user_id': 210669020, 'first_name': 'DASHA_TOKEN_BOT', 'username': 'id575104156000_bot', 'is_bot': True, 'last_activity_time': 1773054258592, 'name': 'DASHA_TOKEN_BOT'}}, 'timestamp': 1772646656089, 'user_locale': 'ru', 'update_type': 'message_callback'}
clb

2026-03-09 14:04:18
mid.000000000de64379019cd244f1670959
snd

2026-03-09 14:04:19
mid.000000000de64379019cd244e4ed1aca
del

2026-03-09 14:04:20
mid.000000000de64379019cd244e0811927
del

2026-03-09 14:04:21
mid.000000000de64379019cd244c3961914
del

2026-03-09 14:04:22
mid.000000000de64379019cd244fde12f17
snd

2026-03-09 14:04:23
mid.000000000de64379019cd24504aa2d53
snd

2026-03-09 14:04:24
mid.000000000de64379019cd244f1670959
del

2026-03-09 14:04:24
{'callback': {'timestamp': 1772646662488, 'callback_id': 'f9LHodD0cOJPXHNyMecny0VTFwEcyEWWCDVALIeditC3vL7kWQJqOY_bKJISaIH-HhctOMr6dwO2KpoNQBdE8CzUrTuypb8zTndwv78PpAu9iYKqxyc3', 'user': {'user_id': 23645861, 'first_name': 'Дмитрий', 'last_name': 'Марков', 'is_bot': False, 'last_activity_time': 1773054258000, 'name': 'Дмитрий Марков'}, 'payload': 'MainMenu'}, 'message': {'recipient': {'chat_id': 233194361, 'chat_type': 'dialog', 'user_id': 23645861}, 'timestamp': 1772646659165, 'body': {'mid': 'mid.000000000de64379019cb9f9745d11e4', 'seq': 116172171455042020, 'text': '049899', 'markup': [{'from': 0, 'length': 6, 'type': 'strong'}]}, 'sender': {'user_id': 210669020, 'first_name': 'DASHA_TOKEN_BOT', 'username': 'id575104156000_bot', 'is_bot': True, 'last_activity_time': 1773054258592, 'name': 'DASHA_TOKEN_BOT'}}, 'timestamp': 1772646662488, 'user_locale': 'ru', 'update_type': 'message_callback'}
clb

2026-03-09 14:04:25
mid.000000000de64379019cd2450b0a0959
snd

2026-03-09 14:04:28
mid.000000000de64379019cd24515a7253b
snd

2026-03-09 14:04:28
mid.000000000de64379019cd2450b0a0959
del

2026-03-09 14:04:28
{'callback': {'timestamp': 1772646670222, 'callback_id': 'f9LHodD0cOIr8-A6G-vWX2W6lFo9z5snSHofEPAzaUTmJ8q8BvA--GqBqwBKkiKsR9LyiDThatujILTDp76lRwB_t05a48Gq2FDbGP0lqLgmGIxKFifd', 'user': {'user_id': 23645861, 'first_name': 'Дмитрий', 'last_name': 'Марков', 'is_bot': False, 'last_activity_time': 1773054258000, 'name': 'Дмитрий Марков'}, 'payload': 'GetNewToken'}, 'message': {'recipient': {'chat_id': 233194361, 'chat_type': 'dialog', 'user_id': 23645861}, 'timestamp': 1772646665083, 'body': {'mid': 'mid.000000000de64379019cb9f98b7b057b', 'seq': 116172171842880891, 'text': 'Выберите команду меню Бота или получите Новый токен.', 'attachments': [{'callback_id': 'f9LHodD0cOLtgr-MVWYYcSuMMNWSaJhDt3t2ONqE6LJpgJqqg_wt9OVMUzN292wtHEi-ki6hLT3R0LycZXdSZQgJJxhrigtG2W9fpv41TMwKuQwbam7j', 'payload': {'buttons': [[{'payload': 'MenuAuth', 'text': 'Изменить доступ', 'intent': 'default', 'type': 'callback'}, {'payload': 'MenuAbout', 'text': 'О сервисе', 'intent': 'default', 'type': 'callback'}], [{'payload': 'MenuDeleteChat', 'text': 'Удалить чат из сервиса', 'intent': 'default', 'type': 'callback'}], [{'payload': 'MenuDeleteUser', 'text': 'Отказаться от использования сервиса', 'intent': 'default', 'type': 'callback'}], [{'payload': 'GetNewToken', 'text': 'Новый токен', 'intent': 'default', 'type': 'callback'}, {'payload': 'MenuExit', 'text': 'Выход из меню', 'intent': 'default', 'type': 'callback'}]]}, 'type': 'inline_keyboard'}], 'markup': [{'from': 40, 'length': 11, 'type': 'strong'}]}, 'sender': {'user_id': 210669020, 'first_name': 'DASHA_TOKEN_BOT', 'username': 'id575104156000_bot', 'is_bot': True, 'last_activity_time': 1773054258593, 'name': 'DASHA_TOKEN_BOT'}}, 'timestamp': 1772646670222, 'user_locale': 'ru', 'update_type': 'message_callback'}
clb

2026-03-09 14:04:29
mid.000000000de64379019cd2451c0b0959
snd

2026-03-09 14:04:30
mid.000000000de64379019cd24515a7253b
del

2026-03-09 14:04:31
mid.000000000de64379019cd24504aa2d53
del

2026-03-09 14:04:31
mid.000000000de64379019cd244fde12f17
del

2026-03-09 14:04:32
mid.000000000de64379019cd24526964925
snd

2026-03-09 14:04:33
mid.000000000de64379019cd24526964925
del

2026-03-09 14:04:34
mid.000000000de64379019cd2452cae2f17
snd

2026-03-09 14:04:35
mid.000000000de64379019cd24534051c57
snd

2026-03-09 14:04:36
mid.000000000de64379019cd2451c0b0959
del

2026-03-09 14:04:37
{'callback': {'timestamp': 1772647092783, 'callback_id': 'f9LHodD0cOLPerpmVQ7WW2dkXBK1AI_jAmg5gRC0Dc-va9x4lj3lsC8IfUAzue4FWhZVlVjzSZZ479I8T3PYHR4Sbhc2t9L5WqAR539If9EggaS4d2JO', 'user': {'user_id': 23645861, 'first_name': 'Дмитрий', 'last_name': 'Марков', 'is_bot': False, 'last_activity_time': 1773054277000, 'name': 'Дмитрий Марков'}, 'payload': 'Start'}, 'message': {'recipient': {'chat_id': 233194361, 'chat_type': 'dialog', 'user_id': 23645861}, 'timestamp': 1772646993794, 'body': {'mid': 'mid.000000000de64379019cb9fe8f824d8a', 'seq': 116172193385303434, 'text': 'Бот-генератор токенов доступа v.1.2.', 'attachments': [{'callback_id': 'f9LHodD0cOIQvpYvzcINv9MVWMATtIeHVIo6C5wh2xgcOVjahgflQn_ffmrnRkE2w9Y62eHexTn5AnVzj-A-yhIE8AD-HucIqaWdTqH4tYd0fkeujji-', 'payload': {'buttons': [[{'payload': 'Start', 'text': 'Начать', 'intent': 'default', 'type': 'callback'}]]}, 'type': 'inline_keyboard'}]}, 'sender': {'user_id': 210669020, 'first_name': 'DASHA_TOKEN_BOT', 'username': 'id575104156000_bot', 'is_bot': True, 'last_activity_time': 1773054278491, 'name': 'DASHA_TOKEN_BOT'}}, 'timestamp': 1772647092783, 'user_locale': 'ru', 'update_type': 'message_callback'}
clb

2026-03-09 14:04:38
mid.000000000de64379019cd2453f070959
snd

2026-03-09 14:04:41
mid.000000000de64379019cd24548a20f0d
snd

2026-03-09 14:04:44
mid.000000000de64379019cd245542837aa
snd

2026-03-09 14:04:44
mid.000000000de64379019cd2453f070959
del

2026-03-09 14:04:45
{'callback': {'timestamp': 1772647531980, 'callback_id': 'f9LHodD0cOLHATDh2R6GP7AuBVYBGeC3No9ljAqpdHQEa3hK_hV20ipk0Ck9eLhB3G7yho1gvGo6kFPcrerRSTw4DRMfbLpTNchgKZdEZUT-Hwt03WJH', 'user': {'user_id': 23645861, 'first_name': 'Дмитрий', 'last_name': 'Марков', 'is_bot': False, 'last_activity_time': 1773054285000, 'name': 'Дмитрий Марков'}, 'payload': 'Start'}, 'message': {'recipient': {'chat_id': 233194361, 'chat_type': 'dialog', 'user_id': 23645861}, 'timestamp': 1772647421720, 'body': {'mid': 'mid.000000000de64379019cba05171813ae', 'seq': 116172221429846958, 'text': 'Бот-генератор токенов доступа v.1.2.', 'attachments': [{'callback_id': 'f9LHodD0cOJMew0WhfSIXXWQ_qLr38yhAsE7snpikfljwOKbqO3BrQIgDLEIIqYE6hHgR_mRab5gJqNRFQpGlyLgnj0Tww4CimnWfTf2w56Weez0knEf', 'payload': {'buttons': [[{'payload': 'Start', 'text': 'Начать', 'intent': 'default', 'type': 'callback'}]]}, 'type': 'inline_keyboard'}]}, 'sender': {'user_id': 210669020, 'first_name': 'DASHA_TOKEN_BOT', 'username': 'id575104156000_bot', 'is_bot': True, 'last_activity_time': 1773054286271, 'name': 'DASHA_TOKEN_BOT'}}, 'timestamp': 1772647531980, 'user_locale': 'ru', 'update_type': 'message_callback'}
clb

2026-03-09 14:04:46
mid.000000000de64379019cd2455dea0959
snd

2026-03-09 14:04:47
mid.000000000de64379019cd245542837aa
del

2026-03-09 14:04:47
mid.000000000de64379019cd24548a20f0d
del

2026-03-09 14:04:50
mid.000000000de64379019cd2456cbe0fa8
snd

2026-03-09 14:04:53
mid.000000000de64379019cd24578581180
snd

2026-03-09 14:04:54
mid.000000000de64379019cd2455dea0959
del

2026-03-09 14:04:54
{'message': {'recipient': {'chat_id': 233194361, 'chat_type': 'dialog', 'user_id': 210669020}, 'timestamp': 1772647544719, 'body': {'mid': 'mid.000000000de64379019cba06f78f460f', 'seq': 116172229490722319, 'text': '0000'}, 'sender': {'user_id': 23645861, 'first_name': 'Дмитрий', 'last_name': 'Марков', 'is_bot': False, 'last_activity_time': 1773054285000, 'name': 'Дмитрий Марков'}}, 'timestamp': 1772647544719, 'user_locale': 'ru', 'update_type': 'message_created'}
txt

2026-03-09 14:04:54
mid.000000000de64379019cd2457e240959
snd

2026-03-09 14:04:55
mid.000000000de64379019cba06f78f460f
del

2026-03-09 14:04:56
mid.000000000de64379019cd24578581180
del

2026-03-09 14:05:01
{'callback': {'timestamp': 1772656922015, 'callback_id': 'f9LHodD0cOL4vUXhOwKy23kA-Ph9dLeGdMZf0m6YSBd1wzKLsz-mtkiyAi9XwwbAUUBToe4Np-mrJEF0VkxD4woVOozToT8n3J4wZwivhg9z3f3EcVEk', 'user': {'user_id': 23645861, 'first_name': 'Дмитрий', 'last_name': 'Марков', 'is_bot': False, 'last_activity_time': 1773054301000, 'name': 'Дмитрий Марков'}, 'payload': 'Start'}, 'message': {'recipient': {'chat_id': 233194361, 'chat_type': 'dialog', 'user_id': 23645861}, 'timestamp': 1772656810426, 'body': {'mid': 'mid.000000000de64379019cba9459ba231b', 'seq': 116172836728087323, 'text': 'Бот-генератор токенов доступа v.1.2.', 'attachments': [{'callback_id': 'f9LHodD0cOJ0p90wRef6C7-NQiXlCPA5_aNR3OFM6EBx_MwSVbNakTryOaATuGsQFYxBHtBLf75T-bZ6JVYUf0KA-9c1WVZV_zlSjNbD4pTmdvfxZdSX', 'payload': {'buttons': [[{'payload': 'Start', 'text': 'Начать', 'intent': 'default', 'type': 'callback'}]]}, 'type': 'inline_keyboard'}]}, 'sender': {'user_id': 210669020, 'first_name': 'DASHA_TOKEN_BOT', 'username': 'id575104156000_bot', 'is_bot': True, 'last_activity_time': 1773054302038, 'name': 'DASHA_TOKEN_BOT'}}, 'timestamp': 1772656922015, 'user_locale': 'ru', 'update_type': 'message_callback'}
clb

2026-03-09 14:05:02
{'message': {'recipient': {'chat_id': 233194361, 'chat_type': 'dialog', 'user_id': 210669020}, 'timestamp': 1772657210847, 'body': {'mid': 'mid.000000000de64379019cba9a75df2c8c', 'seq': 116172862970080396, 'text': '2346'}, 'sender': {'user_id': 23645861, 'first_name': 'Дмитрий', 'last_name': 'Марков', 'is_bot': False, 'last_activity_time': 1773054301000, 'name': 'Дмитрий Марков'}}, 'timestamp': 1772657210847, 'user_locale': 'ru', 'update_type': 'message_created'}
txt

2026-03-09 14:05:06
mid.000000000de64379019cd2456cbe0fa8
del

2026-03-09 14:05:06
mid.000000000de64379019cd24534051c57
del

2026-03-09 14:05:07
mid.000000000de64379019cd2452cae2f17
del

2026-03-09 14:11:54
{'callback': {'timestamp': 1772705168595, 'callback_id': 'f9LHodD0cOLOLxfSOx8k6q8GI1ayoFp047Yb-c_Mdn5zqBqBDBeHsWOzO13HOU_xSkDCRHk_IJnJ73vMGDnUuzXwztdrf6shizjC-7EcETIE66nXRsP3', 'user': {'user_id': 23645861, 'first_name': 'Дмитрий', 'last_name': 'Марков', 'is_bot': False, 'last_activity_time': 1773054714000, 'name': 'Дмитрий Марков'}, 'payload': 'MainMenu'}, 'message': {'recipient': {'chat_id': 233194361, 'chat_type': 'dialog', 'user_id': 23645861}, 'timestamp': 1772699954844, 'body': {'mid': 'mid.000000000de64379019cbd26ae9c7e5e', 'seq': 116175664240688734, 'text': 'Выберите команду меню Бота или получите Новый токен.', 'attachments': [{'callback_id': 'f9LHodD0cOLHnUQmM1GwJzU34yXpx0O-n17puIWltIfgCu5I0naQf2FUrsfnEvjRz1SdEUA5iVL1HB-udYX2xFcDfU8DLQv3_-ReQztLBFFUqDl8xBqL', 'payload': {'buttons': [[{'payload': 'MainMenu', 'text': 'Главное меню', 'intent': 'default', 'type': 'callback'}], [{'payload': 'GetNewToken', 'text': 'Новый токен', 'intent': 'default', 'type': 'callback'}]]}, 'type': 'inline_keyboard'}], 'markup': [{'from': 40, 'length': 11, 'type': 'strong'}]}, 'sender': {'user_id': 210669020, 'first_name': 'DASHA_TOKEN_BOT', 'username': 'id575104156000_bot', 'is_bot': True, 'last_activity_time': 1773054715358, 'name': 'DASHA_TOKEN_BOT'}}, 'timestamp': 1772705168595, 'user_locale': 'ru', 'update_type': 'message_callback'}
clb

2026-03-09 14:11:56
{'callback': {'timestamp': 1772705690821, 'callback_id': 'f9LHodD0cOLh26L-odCpr-MHaiWRmD4fCBJ0HKX2FXvlIX4g4wERyk-IfEvLJ2KUNk3EMT6W6C6ZMEGOjWVj7mvfCuLOle5pYlN6EcEHTbxqy3ofNHtL', 'user': {'user_id': 23645861, 'first_name': 'Дмитрий', 'last_name': 'Марков', 'is_bot': False, 'last_activity_time': 1773054714000, 'name': 'Дмитрий Марков'}, 'payload': 'MainMenu'}, 'message': {'recipient': {'chat_id': 233194361, 'chat_type': 'dialog', 'user_id': 23645861}, 'timestamp': 1772699954844, 'body': {'mid': 'mid.000000000de64379019cbd26ae9c7e5e', 'seq': 116175664240688734, 'text': 'Выберите команду меню Бота или получите Новый токен.', 'attachments': [{'callback_id': 'f9LHodD0cOLF0RaK1CzSXAXC_HnGuaJmG6FV-ZY-rYAwPz-RQO2OziUDEVQJv7wvM-Qg9494ulePHF2VmlNigoK6jAMi7LaoUQK_PHQ0uTsAsMnItx93', 'payload': {'buttons': [[{'payload': 'MainMenu', 'text': 'Главное меню', 'intent': 'default', 'type': 'callback'}], [{'payload': 'GetNewToken', 'text': 'Новый токен', 'intent': 'default', 'type': 'callback'}]]}, 'type': 'inline_keyboard'}], 'markup': [{'from': 40, 'length': 11, 'type': 'strong'}]}, 'sender': {'user_id': 210669020, 'first_name': 'DASHA_TOKEN_BOT', 'username': 'id575104156000_bot', 'is_bot': True, 'last_activity_time': 1773054716653, 'name': 'DASHA_TOKEN_BOT'}}, 'timestamp': 1772705690821, 'user_locale': 'ru', 'update_type': 'message_callback'}
clb

2026-03-09 14:11:57
{'callback': {'timestamp': 1772705729934, 'callback_id': 'f9LHodD0cOLuRXUOiZcSEdiOpz7drs-HaPW6iXimzzNu9vI4hHl1TqMYhVVRbt5PrvTeErwLkqabEWMusCDAp3vzzHc2zXe3DMgFeZRdnHz3tWg8Rkc4', 'user': {'user_id': 23645861, 'first_name': 'Дмитрий', 'last_name': 'Марков', 'is_bot': False, 'last_activity_time': 1773054714000, 'name': 'Дмитрий Марков'}, 'payload': 'GetNewToken'}, 'message': {'recipient': {'chat_id': 233194361, 'chat_type': 'dialog', 'user_id': 23645861}, 'timestamp': 1772699954844, 'body': {'mid': 'mid.000000000de64379019cbd26ae9c7e5e', 'seq': 116175664240688734, 'text': 'Выберите команду меню Бота или получите Новый токен.', 'attachments': [{'callback_id': 'f9LHodD0cOJl4c1Ci33d8Z7bFmm0c5NDimSWQhDFq7D0ECwWvpjk4hl1P2NEXLNccGFNONm_5T5jKbmeTaz9lGCZgJ75W-Y7pm-DZV0989Zq67_QSkPW', 'payload': {'buttons': [[{'payload': 'MainMenu', 'text': 'Главное меню', 'intent': 'default', 'type': 'callback'}], [{'payload': 'GetNewToken', 'text': 'Новый токен', 'intent': 'default', 'type': 'callback'}]]}, 'type': 'inline_keyboard'}], 'markup': [{'from': 40, 'length': 11, 'type': 'strong'}]}, 'sender': {'user_id': 210669020, 'first_name': 'DASHA_TOKEN_BOT', 'username': 'id575104156000_bot', 'is_bot': True, 'last_activity_time': 1773054718564, 'name': 'DASHA_TOKEN_BOT'}}, 'timestamp': 1772705729934, 'user_locale': 'ru', 'update_type': 'message_callback'}
clb

2026-03-09 14:12:00
{'callback': {'timestamp': 1772705815571, 'callback_id': 'f9LHodD0cOL6HF-7F7s2wkF_ln3JiiupIs2B_Cwj7w06vQQYjMznNdlki7A3uX7_lZXaJYzuePKuK4Bl_vw-_Ddq9HEyo7e58MSxBleKLneJRl6PDN4C', 'user': {'user_id': 23645861, 'first_name': 'Дмитрий', 'last_name': 'Марков', 'is_bot': False, 'last_activity_time': 1773054714000, 'name': 'Дмитрий Марков'}, 'payload': 'Start'}, 'message': {'recipient': {'chat_id': 233194361, 'chat_type': 'dialog', 'user_id': 23645861}, 'timestamp': 1772705743152, 'body': {'mid': 'mid.000000000de64379019cbd7f01302d0d', 'seq': 116176043583221005, 'text': 'Бот-генератор токенов доступа v.1.2.', 'attachments': [{'callback_id': 'f9LHodD0cOJ3yck2SzSQIgMGIO84yXoUTi-Wzlla7eLZSvVBEb-quh9VIJ_7JcS0oBSHfsZj16PnjDjjsF9NoquPsHLlMJMYbcAWxErCDAkOSmMFhOHn', 'payload': {'buttons': [[{'payload': 'Start', 'text': 'Начать', 'intent': 'default', 'type': 'callback'}]]}, 'type': 'inline_keyboard'}]}, 'sender': {'user_id': 210669020, 'first_name': 'DASHA_TOKEN_BOT', 'username': 'id575104156000_bot', 'is_bot': True, 'last_activity_time': 1773054720848, 'name': 'DASHA_TOKEN_BOT'}}, 'timestamp': 1772705815571, 'user_locale': 'ru', 'update_type': 'message_callback'}
clb

2026-03-09 14:12:02
{'callback': {'timestamp': 1772706101437, 'callback_id': 'f9LHodD0cOKfCBNEKVEIfojVgC9gbzgaWH-BQrDQjnh2xCqkWKyuZ546guRfChl5n9h0vOffdh6kp3T23hYoBPIkECldnwiKQSZcVlLDGA6pfTdpH8UR', 'user': {'user_id': 23645861, 'first_name': 'Дмитрий', 'last_name': 'Марков', 'is_bot': False, 'last_activity_time': 1773054714000, 'name': 'Дмитрий Марков'}, 'payload': 'Start'}, 'message': {'recipient': {'chat_id': 233194361, 'chat_type': 'dialog', 'user_id': 23645861}, 'timestamp': 1772705743152, 'body': {'mid': 'mid.000000000de64379019cbd7f01302d0d', 'seq': 116176043583221005, 'text': 'Бот-генератор токенов доступа v.1.2.', 'attachments': [{'callback_id': 'f9LHodD0cOJAl_yTQBqwfQ2mhwWUgmmgWgG8CdDKidaATueY4aoBXbUqAe0UX6vOgPjq7QOUh2gUxNO_jn9Y_2OLybMb2C2Puv5OgsXMnoZYn_grJqw0', 'payload': {'buttons': [[{'payload': 'Start', 'text': 'Начать', 'intent': 'default', 'type': 'callback'}]]}, 'type': 'inline_keyboard'}]}, 'sender': {'user_id': 210669020, 'first_name': 'DASHA_TOKEN_BOT', 'username': 'id575104156000_bot', 'is_bot': True, 'last_activity_time': 1773054722799, 'name': 'DASHA_TOKEN_BOT'}}, 'timestamp': 1772706101437, 'user_locale': 'ru', 'update_type': 'message_callback'}
clb

2026-03-09 14:12:03
{'callback': {'timestamp': 1772706126639, 'callback_id': 'f9LHodD0cOLSm3ND31pYIvft1pcXLFIBY3WAR6iLDEACJI2ptrwq2mHXkHOe9K0Aty4LMo6wPdYQqxiA4XnDRLzZMIMRYKlZ3pbKaahAWTnc-N5Xin-m', 'user': {'user_id': 23645861, 'first_name': 'Дмитрий', 'last_name': 'Марков', 'is_bot': False, 'last_activity_time': 1773054714000, 'name': 'Дмитрий Марков'}, 'payload': 'KBRD.0'}, 'message': {'recipient': {'chat_id': 233194361, 'chat_type': 'dialog', 'user_id': 23645861}, 'timestamp': 1772706111073, 'body': {'mid': 'mid.000000000de64379019cbd849e615b40', 'seq': 116176067695303488, 'text': 'Введите ПИН-код доступа:  _ _ _ _', 'attachments': [{'callback_id': 'f9LHodD0cOJiqlPXRLy1s9JNNpEkNoyxo68EMkrl-4bk-dgATA4X943JEdHoDaq5pdm-5BnW2m1Uz7u4Vj-haVjBeJdTQxCaE0WoBUICtm-_zyo-4nSC', 'payload': {'buttons': [[{'payload': 'KBRD.7', 'text': '7', 'intent': 'default', 'type': 'callback'}, {'payload': 'KBRD.8', 'text': '8', 'intent': 'default', 'type': 'callback'}, {'payload': 'KBRD.9', 'text': '9', 'intent': 'default', 'type': 'callback'}], [{'payload': 'KBRD.4', 'text': '4', 'intent': 'default', 'type': 'callback'}, {'payload': 'KBRD.5', 'text': '5', 'intent': 'default', 'type': 'callback'}, {'payload': 'KBRD.6', 'text': '6', 'intent': 'default', 'type': 'callback'}], [{'payload': 'KBRD.3', 'text': '3', 'intent': 'default', 'type': 'callback'}, {'payload': 'KBRD.2', 'text': '2', 'intent': 'default', 'type': 'callback'}, {'payload': 'KBRD.1', 'text': '1', 'intent': 'default', 'type': 'callback'}], [{'payload': 'KBRD.0', 'text': '0', 'intent': 'default', 'type': 'callback'}, {'payload': 'KBRD.Cancel', 'text': 'Сброс', 'intent': 'default', 'type': 'callback'}], [{'payload': 'RecoveryAuthorization', 'text': 'Восстановление доступа', 'intent': 'default', 'type': 'callback'}]]}, 'type': 'inline_keyboard'}], 'markup': [{'from': 25, 'length': 8, 'type': 'strong'}]}, 'sender': {'user_id': 210669020, 'first_name': 'DASHA_TOKEN_BOT', 'username': 'id575104156000_bot', 'is_bot': True, 'last_activity_time': 1773054724438, 'name': 'DASHA_TOKEN_BOT'}}, 'timestamp': 1772706126639, 'user_locale': 'ru', 'update_type': 'message_callback'}
clb

2026-03-09 14:12:04
{'callback': {'timestamp': 1772706224875, 'callback_id': 'f9LHodD0cOLI7oM03bhA7Lx3NxoUEHd1kWZevnmpJr-qdQMxbBzkpqFpXLV-3AHwQ_S0_41zepS4chvztWvBhKH_RM_4d_y-kGmuzGCTbnfcpzYu1cSh', 'user': {'user_id': 23645861, 'first_name': 'Дмитрий', 'last_name': 'Марков', 'is_bot': False, 'last_activity_time': 1773054714000, 'name': 'Дмитрий Марков'}, 'payload': 'KBRD.0'}, 'message': {'recipient': {'chat_id': 233194361, 'chat_type': 'dialog', 'user_id': 23645861}, 'timestamp': 1772706111073, 'body': {'mid': 'mid.000000000de64379019cbd849e615b40', 'seq': 116176067695303488, 'text': 'Введите ПИН-код доступа:  _ _ _ _', 'attachments': [{'callback_id': 'f9LHodD0cOL8JPR1yqH4RTRkUEwXp2POd1nOo86D0nmJKYdq-pHUJplpfwBKJpaRXtaYn0N8Up1HGT9JXTFCbU5uqeM9nf5Koog-_KsTc1oJRGcvGGpZ', 'payload': {'buttons': [[{'payload': 'KBRD.7', 'text': '7', 'intent': 'default', 'type': 'callback'}, {'payload': 'KBRD.8', 'text': '8', 'intent': 'default', 'type': 'callback'}, {'payload': 'KBRD.9', 'text': '9', 'intent': 'default', 'type': 'callback'}], [{'payload': 'KBRD.4', 'text': '4', 'intent': 'default', 'type': 'callback'}, {'payload': 'KBRD.5', 'text': '5', 'intent': 'default', 'type': 'callback'}, {'payload': 'KBRD.6', 'text': '6', 'intent': 'default', 'type': 'callback'}], [{'payload': 'KBRD.3', 'text': '3', 'intent': 'default', 'type': 'callback'}, {'payload': 'KBRD.2', 'text': '2', 'intent': 'default', 'type': 'callback'}, {'payload': 'KBRD.1', 'text': '1', 'intent': 'default', 'type': 'callback'}], [{'payload': 'KBRD.0', 'text': '0', 'intent': 'default', 'type': 'callback'}, {'payload': 'KBRD.Cancel', 'text': 'Сброс', 'intent': 'default', 'type': 'callback'}], [{'payload': 'RecoveryAuthorization', 'text': 'Восстановление доступа', 'intent': 'default', 'type': 'callback'}]]}, 'type': 'inline_keyboard'}], 'markup': [{'from': 25, 'length': 8, 'type': 'strong'}]}, 'sender': {'user_id': 210669020, 'first_name': 'DASHA_TOKEN_BOT', 'username': 'id575104156000_bot', 'is_bot': True, 'last_activity_time': 1773054725344, 'name': 'DASHA_TOKEN_BOT'}}, 'timestamp': 1772706224875, 'user_locale': 'ru', 'update_type': 'message_callback'}
clb

2026-03-09 14:12:05
{'callback': {'timestamp': 1772706268129, 'callback_id': 'f9LHodD0cOJGXevs3xoVKAl-YOWTc4aqvNwgu7JL4EGMq7gPxN2ag869x6cFppNyzP4HyHiXn4zxMC--l5cR8Zt3B85rOa8741b4ycUgpOLlTUNkUMpE', 'user': {'user_id': 23645861, 'first_name': 'Дмитрий', 'last_name': 'Марков', 'is_bot': False, 'last_activity_time': 1773054714000, 'name': 'Дмитрий Марков'}, 'payload': 'KBRD.0'}, 'message': {'recipient': {'chat_id': 233194361, 'chat_type': 'dialog', 'user_id': 23645861}, 'timestamp': 1772706232118, 'body': {'mid': 'mid.000000000de64379019cbd867736738c', 'seq': 116176075628114828, 'text': 'Введите ПИН-код доступа:  _ _ _ _', 'attachments': [{'callback_id': 'f9LHodD0cOK8Y7_EZWJIuQyJbVWgt-BZyjjGmfv1IzERtGOLX_sCdfY-gimNmvUfEFuEM3soZ807Wz_4QZmPPznkmp3kPlKc8lvNgn83vDqR6QhlyFD1', 'payload': {'buttons': [[{'payload': 'KBRD.7', 'text': '7', 'intent': 'default', 'type': 'callback'}, {'payload': 'KBRD.8', 'text': '8', 'intent': 'default', 'type': 'callback'}, {'payload': 'KBRD.9', 'text': '9', 'intent': 'default', 'type': 'callback'}], [{'payload': 'KBRD.4', 'text': '4', 'intent': 'default', 'type': 'callback'}, {'payload': 'KBRD.5', 'text': '5', 'intent': 'default', 'type': 'callback'}, {'payload': 'KBRD.6', 'text': '6', 'intent': 'default', 'type': 'callback'}], [{'payload': 'KBRD.3', 'text': '3', 'intent': 'default', 'type': 'callback'}, {'payload': 'KBRD.2', 'text': '2', 'intent': 'default', 'type': 'callback'}, {'payload': 'KBRD.1', 'text': '1', 'intent': 'default', 'type': 'callback'}], [{'payload': 'KBRD.0', 'text': '0', 'intent': 'default', 'type': 'callback'}, {'payload': 'KBRD.Cancel', 'text': 'Сброс', 'intent': 'default', 'type': 'callback'}], [{'payload': 'RecoveryAuthorization', 'text': 'Восстановление доступа', 'intent': 'default', 'type': 'callback'}]]}, 'type': 'inline_keyboard'}], 'markup': [{'from': 25, 'length': 8, 'type': 'strong'}]}, 'sender': {'user_id': 210669020, 'first_name': 'DASHA_TOKEN_BOT', 'username': 'id575104156000_bot', 'is_bot': True, 'last_activity_time': 1773054726308, 'name': 'DASHA_TOKEN_BOT'}}, 'timestamp': 1772706268129, 'user_locale': 'ru', 'update_type': 'message_callback'}
clb

2026-03-09 14:12:07
{'callback': {'timestamp': 1772706376027, 'callback_id': 'f9LHodD0cOKNhWGTFpkEN0X7kawsQItT-7y4Th-0NzzbRsgEraQmpCW80S0eBQ6KFgpCUpcChT7PSaMhpH1UrNh-NMHOgP7-bRzoIC9zFwAepauaTB2z', 'user': {'user_id': 23645861, 'first_name': 'Дмитрий', 'last_name': 'Марков', 'is_bot': False, 'last_activity_time': 1773054714000, 'name': 'Дмитрий Марков'}, 'payload': 'KBRD.0'}, 'message': {'recipient': {'chat_id': 233194361, 'chat_type': 'dialog', 'user_id': 23645861}, 'timestamp': 1772706372711, 'body': {'mid': 'mid.000000000de64379019cbd889c673b50', 'seq': 116176084842003280, 'text': 'Введите ПИН-код доступа:  _ _ _ _', 'attachments': [{'callback_id': 'f9LHodD0cOL3KIbEtG_EzWXbrjyzzyDKZXX_aq6qcaq1Ry1yJRfUaVNGugM1MZHH90anqsmlNd0yraOwQVE1ZyRDHft7kf54-2rw9H_32dkGdG3Kw3Ip', 'payload': {'buttons': [[{'payload': 'KBRD.7', 'text': '7', 'intent': 'default', 'type': 'callback'}, {'payload': 'KBRD.8', 'text': '8', 'intent': 'default', 'type': 'callback'}, {'payload': 'KBRD.9', 'text': '9', 'intent': 'default', 'type': 'callback'}], [{'payload': 'KBRD.4', 'text': '4', 'intent': 'default', 'type': 'callback'}, {'payload': 'KBRD.5', 'text': '5', 'intent': 'default', 'type': 'callback'}, {'payload': 'KBRD.6', 'text': '6', 'intent': 'default', 'type': 'callback'}], [{'payload': 'KBRD.3', 'text': '3', 'intent': 'default', 'type': 'callback'}, {'payload': 'KBRD.2', 'text': '2', 'intent': 'default', 'type': 'callback'}, {'payload': 'KBRD.1', 'text': '1', 'intent': 'default', 'type': 'callback'}], [{'payload': 'KBRD.0', 'text': '0', 'intent': 'default', 'type': 'callback'}, {'payload': 'KBRD.Cancel', 'text': 'Сброс', 'intent': 'default', 'type': 'callback'}], [{'payload': 'RecoveryAuthorization', 'text': 'Восстановление доступа', 'intent': 'default', 'type': 'callback'}]]}, 'type': 'inline_keyboard'}], 'markup': [{'from': 25, 'length': 8, 'type': 'strong'}]}, 'sender': {'user_id': 210669020, 'first_name': 'DASHA_TOKEN_BOT', 'username': 'id575104156000_bot', 'is_bot': True, 'last_activity_time': 1773054727758, 'name': 'DASHA_TOKEN_BOT'}}, 'timestamp': 1772706376027, 'user_locale': 'ru', 'update_type': 'message_callback'}
clb

2026-03-09 14:12:09
{'callback': {'timestamp': 1772706445105, 'callback_id': 'f9LHodD0cOKIDh1B_JXM_RKCG520cxvvgKm2EQNxNyJq1wURSUYjYG-G8B8RNYimx6S6Srl0iGM31_HI0AwtHuNGrzGbmUCliVeR9XRS9QfV4wB5-oNL', 'user': {'user_id': 23645861, 'first_name': 'Дмитрий', 'last_name': 'Марков', 'is_bot': False, 'last_activity_time': 1773054714000, 'name': 'Дмитрий Марков'}, 'payload': 'KBRD.Cancel'}, 'message': {'recipient': {'chat_id': 233194361, 'chat_type': 'dialog', 'user_id': 23645861}, 'timestamp': 1772706372711, 'body': {'mid': 'mid.000000000de64379019cbd889c673b50', 'seq': 116176084842003280, 'text': 'Введите ПИН-код доступа:  _ _ _ _', 'attachments': [{'callback_id': 'f9LHodD0cOIQMH48s0dwLTOjKpu_BnOShX5FQf2xZH4dwN2J-Iy_qgc57SUF5FPYMOmI1ftta9nM8YoSp5_giZ3GUDCbASpVj7mWy9tg7rlPhgK9rZ1F', 'payload': {'buttons': [[{'payload': 'KBRD.7', 'text': '7', 'intent': 'default', 'type': 'callback'}, {'payload': 'KBRD.8', 'text': '8', 'intent': 'default', 'type': 'callback'}, {'payload': 'KBRD.9', 'text': '9', 'intent': 'default', 'type': 'callback'}], [{'payload': 'KBRD.4', 'text': '4', 'intent': 'default', 'type': 'callback'}, {'payload': 'KBRD.5', 'text': '5', 'intent': 'default', 'type': 'callback'}, {'payload': 'KBRD.6', 'text': '6', 'intent': 'default', 'type': 'callback'}], [{'payload': 'KBRD.3', 'text': '3', 'intent': 'default', 'type': 'callback'}, {'payload': 'KBRD.2', 'text': '2', 'intent': 'default', 'type': 'callback'}, {'payload': 'KBRD.1', 'text': '1', 'intent': 'default', 'type': 'callback'}], [{'payload': 'KBRD.0', 'text': '0', 'intent': 'default', 'type': 'callback'}, {'payload': 'KBRD.Cancel', 'text': 'Сброс', 'intent': 'default', 'type': 'callback'}], [{'payload': 'RecoveryAuthorization', 'text': 'Восстановление доступа', 'intent': 'default', 'type': 'callback'}]]}, 'type': 'inline_keyboard'}], 'markup': [{'from': 25, 'length': 8, 'type': 'strong'}]}, 'sender': {'user_id': 210669020, 'first_name': 'DASHA_TOKEN_BOT', 'username': 'id575104156000_bot', 'is_bot': True, 'last_activity_time': 1773054729712, 'name': 'DASHA_TOKEN_BOT'}}, 'timestamp': 1772706445105, 'user_locale': 'ru', 'update_type': 'message_callback'}
clb

2026-03-09 14:12:11
{'callback': {'timestamp': 1772706534950, 'callback_id': 'f9LHodD0cOJoHKSvboYvSWoynjzaaU8O02Y5MFzb12neTBNjrBDnJzf_UIwO4pj84zrEkdcBlIeeGWgrgSseX7HdFfFNI-PNwFrZxvbE2Pkrw9Imb0tZ', 'user': {'user_id': 23645861, 'first_name': 'Дмитрий', 'last_name': 'Марков', 'is_bot': False, 'last_activity_time': 1773054714000, 'name': 'Дмитрий Марков'}, 'payload': 'Authorization'}, 'message': {'recipient': {'chat_id': 233194361, 'chat_type': 'dialog', 'user_id': 23645861}, 'timestamp': 1772706446463, 'body': {'mid': 'mid.000000000de64379019cbd89bc7f7c02', 'seq': 116176089675430914, 'text': 'Текст для RequiredAuthorization не найден', 'attachments': [{'callback_id': 'f9LHodD0cOKe_2qruot1UY2_7qVBbQCZKJ6gFIk4Zp8L03mc2dLSUTyJKEsv5HiCly2z3wRfjAV7enMHQhPYvQ0FRuvrmduXNCq85sxPkjCA4upL8m3k', 'payload': {'buttons': [[{'payload': 'Authorization', 'text': 'Авторизоваться', 'intent': 'default', 'type': 'callback'}]]}, 'type': 'inline_keyboard'}], 'markup': [{'from': 10, 'length': 21, 'type': 'strong'}]}, 'sender': {'user_id': 210669020, 'first_name': 'DASHA_TOKEN_BOT', 'username': 'id575104156000_bot', 'is_bot': True, 'last_activity_time': 1773054731977, 'name': 'DASHA_TOKEN_BOT'}}, 'timestamp': 1772706534950, 'user_locale': 'ru', 'update_type': 'message_callback'}
clb

2026-03-09 14:12:13
{'callback': {'timestamp': 1772706644597, 'callback_id': 'f9LHodD0cOL4KV7Gy6eBClJP8_IBLTJ5tYkHyMpAvl7FWDdX9Cr_Uzyerp1P1xfO8Lhx-TNiR1Khdjp_tfTRzRUsqBXesp07CaTiGeX4i-CvYjinpFMT', 'user': {'user_id': 23645861, 'first_name': 'Дмитрий', 'last_name': 'Марков', 'is_bot': False, 'last_activity_time': 1773054714000, 'name': 'Дмитрий Марков'}, 'payload': 'KBRD.0'}, 'message': {'recipient': {'chat_id': 233194361, 'chat_type': 'dialog', 'user_id': 23645861}, 'timestamp': 1772706536523, 'body': {'mid': 'mid.000000000de64379019cbd8b1c4b25e6', 'seq': 116176095577581030, 'text': 'Введите ПИН-код доступа:  _ _ _ _', 'attachments': [{'callback_id': 'f9LHodD0cOLr4aPPzL4i7w4XFH0ag3hoMJXmhyuiN1-ft8jMY6WkyvRSGGKY0VUbj8152smuqMLWWFPuqb3qkpqtfWj_KQzmidPcM89803VPaPCHjDgi', 'payload': {'buttons': [[{'payload': 'KBRD.7', 'text': '7', 'intent': 'default', 'type': 'callback'}, {'payload': 'KBRD.8', 'text': '8', 'intent': 'default', 'type': 'callback'}, {'payload': 'KBRD.9', 'text': '9', 'intent': 'default', 'type': 'callback'}], [{'payload': 'KBRD.4', 'text': '4', 'intent': 'default', 'type': 'callback'}, {'payload': 'KBRD.5', 'text': '5', 'intent': 'default', 'type': 'callback'}, {'payload': 'KBRD.6', 'text': '6', 'intent': 'default', 'type': 'callback'}], [{'payload': 'KBRD.3', 'text': '3', 'intent': 'default', 'type': 'callback'}, {'payload': 'KBRD.2', 'text': '2', 'intent': 'default', 'type': 'callback'}, {'payload': 'KBRD.1', 'text': '1', 'intent': 'default', 'type': 'callback'}], [{'payload': 'KBRD.0', 'text': '0', 'intent': 'default', 'type': 'callback'}, {'payload': 'KBRD.Cancel', 'text': 'Сброс', 'intent': 'default', 'type': 'callback'}], [{'payload': 'RecoveryAuthorization', 'text': 'Восстановление доступа', 'intent': 'default', 'type': 'callback'}]]}, 'type': 'inline_keyboard'}], 'markup': [{'from': 25, 'length': 8, 'type': 'strong'}]}, 'sender': {'user_id': 210669020, 'first_name': 'DASHA_TOKEN_BOT', 'username': 'id575104156000_bot', 'is_bot': True, 'last_activity_time': 1773054733945, 'name': 'DASHA_TOKEN_BOT'}}, 'timestamp': 1772706644597, 'user_locale': 'ru', 'update_type': 'message_callback'}
clb

2026-03-09 14:12:15
{'callback': {'timestamp': 1772706962548, 'callback_id': 'f9LHodD0cOIy4wBx5znEWXXJhxa7Qhn2UV3vayHb7lcO_pgFw5RKI6XjsQfmS_lq2opTK54w-kx14RwhGROO3yq4P5j06otRyIxFMklOf7athUYpuBa4', 'user': {'user_id': 23645861, 'first_name': 'Дмитрий', 'last_name': 'Марков', 'is_bot': False, 'last_activity_time': 1773054714000, 'name': 'Дмитрий Марков'}, 'payload': 'KBRD.Cancel'}, 'message': {'recipient': {'chat_id': 233194361, 'chat_type': 'dialog', 'user_id': 23645861}, 'timestamp': 1772706656596, 'body': {'mid': 'mid.000000000de64379019cbd8cf1546690', 'seq': 116176103446701712, 'text': 'Введите ПИН-код доступа:  _ _ _ _', 'attachments': [{'callback_id': 'f9LHodD0cOK2VXxZPhSzW8mlSBSCFGuC3qUln7ji6LZKcJNu5dzYG7F0lkefIKCDgLAvsVDB4Agfbocf2v1HBeha9p0LJo9Kq7fs37tydGsuABdsrl7A', 'payload': {'buttons': [[{'payload': 'KBRD.7', 'text': '7', 'intent': 'default', 'type': 'callback'}, {'payload': 'KBRD.8', 'text': '8', 'intent': 'default', 'type': 'callback'}, {'payload': 'KBRD.9', 'text': '9', 'intent': 'default', 'type': 'callback'}], [{'payload': 'KBRD.4', 'text': '4', 'intent': 'default', 'type': 'callback'}, {'payload': 'KBRD.5', 'text': '5', 'intent': 'default', 'type': 'callback'}, {'payload': 'KBRD.6', 'text': '6', 'intent': 'default', 'type': 'callback'}], [{'payload': 'KBRD.3', 'text': '3', 'intent': 'default', 'type': 'callback'}, {'payload': 'KBRD.2', 'text': '2', 'intent': 'default', 'type': 'callback'}, {'payload': 'KBRD.1', 'text': '1', 'intent': 'default', 'type': 'callback'}], [{'payload': 'KBRD.0', 'text': '0', 'intent': 'default', 'type': 'callback'}, {'payload': 'KBRD.Cancel', 'text': 'Сброс', 'intent': 'default', 'type': 'callback'}], [{'payload': 'RecoveryAuthorization', 'text': 'Восстановление доступа', 'intent': 'default', 'type': 'callback'}]]}, 'type': 'inline_keyboard'}], 'markup': [{'from': 25, 'length': 8, 'type': 'strong'}]}, 'sender': {'user_id': 210669020, 'first_name': 'DASHA_TOKEN_BOT', 'username': 'id575104156000_bot', 'is_bot': True, 'last_activity_time': 1773054736432, 'name': 'DASHA_TOKEN_BOT'}}, 'timestamp': 1772706962548, 'user_locale': 'ru', 'update_type': 'message_callback'}
clb

2026-03-09 14:12:18
{'callback': {'timestamp': 1772706968545, 'callback_id': 'f9LHodD0cOIR4Trq0pROW6ljpq4XhJojpA1GY9KhvVdaTZs46DygxJj5zF1HkaC3kjTziDpEb92ygqEhahpRzLwGZCO-IQ3Svo2ozfGphuYMYJVadZ7s', 'user': {'user_id': 23645861, 'first_name': 'Дмитрий', 'last_name': 'Марков', 'is_bot': False, 'last_activity_time': 1773054714000, 'name': 'Дмитрий Марков'}, 'payload': 'Authorization'}, 'message': {'recipient': {'chat_id': 233194361, 'chat_type': 'dialog', 'user_id': 23645861}, 'timestamp': 1772706963703, 'body': {'mid': 'mid.000000000de64379019cbd91a0f73417', 'seq': 116176123573253143, 'text': 'Текст для RequiredAuthorization не найден', 'attachments': [{'callback_id': 'f9LHodD0cOJ9jMXGySXqAq05qNPtaYbYXDWsTaJ1Jtnz9UJLS-iubhsB71gBPVPNrwYMJr94CwDm28Vz0vtftElJmT9plyHd0sRYu-VqElqKkHc_Vk4P', 'payload': {'buttons': [[{'payload': 'Authorization', 'text': 'Авторизоваться', 'intent': 'default', 'type': 'callback'}]]}, 'type': 'inline_keyboard'}], 'markup': [{'from': 10, 'length': 21, 'type': 'strong'}]}, 'sender': {'user_id': 210669020, 'first_name': 'DASHA_TOKEN_BOT', 'username': 'id575104156000_bot', 'is_bot': True, 'last_activity_time': 1773054738815, 'name': 'DASHA_TOKEN_BOT'}}, 'timestamp': 1772706968545, 'user_locale': 'ru', 'update_type': 'message_callback'}
clb

2026-03-09 14:12:27
{'callback': {'timestamp': 1772723623380, 'callback_id': 'f9LHodD0cOL5kJyQ1zY4Ofc0u3lzzP1E0lQDoF2A0gmFNX94vKq1IDZge4Fsktg4MQdPT0nWSLBUwsHRCbS0DFMKcPXan7Tj2m1Dp3-mvElZyKDg48RO', 'user': {'user_id': 23645861, 'first_name': 'Дмитрий', 'last_name': 'Марков', 'is_bot': False, 'last_activity_time': 1773054743000, 'name': 'Дмитрий Марков'}, 'payload': 'KBRD.Cancel'}, 'message': {'recipient': {'chat_id': 233194361, 'chat_type': 'dialog', 'user_id': 23645861}, 'timestamp': 1772706970542, 'body': {'mid': 'mid.000000000de64379019cbd91bbae3450', 'seq': 116176124021453904, 'text': 'Введите ПИН-код доступа:  * * * _', 'attachments': [{'callback_id': 'f9LHodD0cOJAM0MGsW4U1-atSdPmVUWNXRj3ocCidCAaWzge0Sayy8pucc_3hvSfiQIQ2fK2WAxxSuRvjVpNBRW4KPAZvbBQDWoRBOVdDxgb-yzGHv1v', 'payload': {'buttons': [[{'payload': 'KBRD.7', 'text': '7', 'intent': 'default', 'type': 'callback'}, {'payload': 'KBRD.8', 'text': '8', 'intent': 'default', 'type': 'callback'}, {'payload': 'KBRD.9', 'text': '9', 'intent': 'default', 'type': 'callback'}], [{'payload': 'KBRD.4', 'text': '4', 'intent': 'default', 'type': 'callback'}, {'payload': 'KBRD.5', 'text': '5', 'intent': 'default', 'type': 'callback'}, {'payload': 'KBRD.6', 'text': '6', 'intent': 'default', 'type': 'callback'}], [{'payload': 'KBRD.3', 'text': '3', 'intent': 'default', 'type': 'callback'}, {'payload': 'KBRD.2', 'text': '2', 'intent': 'default', 'type': 'callback'}, {'payload': 'KBRD.1', 'text': '1', 'intent': 'default', 'type': 'callback'}], [{'payload': 'KBRD.0', 'text': '0', 'intent': 'default', 'type': 'callback'}, {'payload': 'KBRD.Cancel', 'text': 'Сброс', 'intent': 'default', 'type': 'callback'}], [{'payload': 'RecoveryAuthorization', 'text': 'Восстановление доступа', 'intent': 'default', 'type': 'callback'}]]}, 'type': 'inline_keyboard'}], 'markup': [{'from': 25, 'length': 8, 'type': 'strong'}]}, 'sender': {'user_id': 210669020, 'first_name': 'DASHA_TOKEN_BOT', 'username': 'id575104156000_bot', 'is_bot': True, 'last_activity_time': 1773054748120, 'name': 'DASHA_TOKEN_BOT'}}, 'timestamp': 1772723623380, 'user_locale': 'ru', 'update_type': 'message_callback'}
clb

2026-03-09 14:13:43
{'callback': {'timestamp': 1772723649730, 'callback_id': 'f9LHodD0cOKijNCh3UpAQfyphXElTbOosgL2DYgNFmFLtMQa8j0S_dFtWqXcUA5SDhG9KN4IiRT0Pkr_b8AHX97i-dYEwLPvh8EZwATIV2bec7_WhD9B', 'user': {'user_id': 23645861, 'first_name': 'Дмитрий', 'last_name': 'Марков', 'is_bot': False, 'last_activity_time': 1773054743000, 'name': 'Дмитрий Марков'}, 'payload': 'KBRD.1'}, 'message': {'recipient': {'chat_id': 233194361, 'chat_type': 'dialog', 'user_id': 23645861}, 'timestamp': 1772723637710, 'body': {'mid': 'mid.000000000de64379019cbe900dce31eb', 'seq': 116177216320975339, 'text': 'Введите ПИН-код:  * * * *', 'attachments': [{'callback_id': 'f9LHodD0cOLRe6TAFdt6GuZ0ohRgd4HABXGjL72Rqj7Coy3s_oHcLuOHP3CAx_QU1mM1mphCaAuH_m-1KEhKgLjLaYz8TYlKZx08SwvlQRsIyNeltB5M', 'payload': {'buttons': [[{'payload': 'KBRD.7', 'text': '7', 'intent': 'default', 'type': 'callback'}, {'payload': 'KBRD.8', 'text': '8', 'intent': 'default', 'type': 'callback'}, {'payload': 'KBRD.9', 'text': '9', 'intent': 'default', 'type': 'callback'}], [{'payload': 'KBRD.4', 'text': '4', 'intent': 'default', 'type': 'callback'}, {'payload': 'KBRD.5', 'text': '5', 'intent': 'default', 'type': 'callback'}, {'payload': 'KBRD.6', 'text': '6', 'intent': 'default', 'type': 'callback'}], [{'payload': 'KBRD.3', 'text': '3', 'intent': 'default', 'type': 'callback'}, {'payload': 'KBRD.2', 'text': '2', 'intent': 'default', 'type': 'callback'}, {'payload': 'KBRD.1', 'text': '1', 'intent': 'default', 'type': 'callback'}], [{'payload': 'KBRD.0', 'text': '0', 'intent': 'default', 'type': 'callback'}, {'payload': 'KBRD.Cancel', 'text': 'Сброс', 'intent': 'default', 'type': 'callback'}], [{'payload': 'RecoveryAuthorization', 'text': 'Восстановление доступа', 'intent': 'default', 'type': 'callback'}]]}, 'type': 'inline_keyboard'}], 'markup': [{'from': 17, 'length': 8, 'type': 'strong'}]}, 'sender': {'user_id': 210669020, 'first_name': 'DASHA_TOKEN_BOT', 'username': 'id575104156000_bot', 'is_bot': True, 'last_activity_time': 1773054757100, 'name': 'DASHA_TOKEN_BOT'}}, 'timestamp': 1772723649730, 'user_locale': 'ru', 'update_type': 'message_callback'}
clb

2026-03-09 14:13:53
string indices must be integers, not 'str'
snd-err

2026-03-09 14:15:25
{'callback': {'timestamp': 1772723682760, 'callback_id': 'f9LHodD0cOLc2tRK45DryRHoQfceyeGAqpaa6ShzoX7F8oSzKqp415lVZHYDYjavWI2pw8YEjEHKTuV1bryrtpux4XlQJrFrBb83K8wN09M-dg2A6Xy9', 'user': {'user_id': 23645861, 'first_name': 'Дмитрий', 'last_name': 'Марков', 'is_bot': False, 'last_activity_time': 1773054743000, 'name': 'Дмитрий Марков'}, 'payload': 'KBRD.0'}, 'message': {'recipient': {'chat_id': 233194361, 'chat_type': 'dialog', 'user_id': 23645861}, 'timestamp': 1772723663685, 'body': {'mid': 'mid.000000000de64379019cbe9073454981', 'seq': 116177218023278977, 'text': 'Введите ПИН-код:  * * * *', 'attachments': [{'callback_id': 'f9LHodD0cOKV3FrlshTi-e23JEaUN3wrCfK6kn7eAAawylmQ-layiMEraeU6arNZae7mzdf6qMqNgeuJ8CVPA4tC-0prEuY0xzQg_8DchYeL8zGeA6_p', 'payload': {'buttons': [[{'payload': 'KBRD.7', 'text': '7', 'intent': 'default', 'type': 'callback'}, {'payload': 'KBRD.8', 'text': '8', 'intent': 'default', 'type': 'callback'}, {'payload': 'KBRD.9', 'text': '9', 'intent': 'default', 'type': 'callback'}], [{'payload': 'KBRD.4', 'text': '4', 'intent': 'default', 'type': 'callback'}, {'payload': 'KBRD.5', 'text': '5', 'intent': 'default', 'type': 'callback'}, {'payload': 'KBRD.6', 'text': '6', 'intent': 'default', 'type': 'callback'}], [{'payload': 'KBRD.3', 'text': '3', 'intent': 'default', 'type': 'callback'}, {'payload': 'KBRD.2', 'text': '2', 'intent': 'default', 'type': 'callback'}, {'payload': 'KBRD.1', 'text': '1', 'intent': 'default', 'type': 'callback'}], [{'payload': 'KBRD.0', 'text': '0', 'intent': 'default', 'type': 'callback'}, {'payload': 'KBRD.Cancel', 'text': 'Сброс', 'intent': 'default', 'type': 'callback'}], [{'payload': 'RecoveryAuthorization', 'text': 'Восстановление доступа', 'intent': 'default', 'type': 'callback'}]]}, 'type': 'inline_keyboard'}], 'markup': [{'from': 17, 'length': 8, 'type': 'strong'}]}, 'sender': {'user_id': 210669020, 'first_name': 'DASHA_TOKEN_BOT', 'username': 'id575104156000_bot', 'is_bot': True, 'last_activity_time': 1773054925714, 'name': 'DASHA_TOKEN_BOT'}}, 'timestamp': 1772723682760, 'user_locale': 'ru', 'update_type': 'message_callback'}
clb

2026-03-09 14:15:37
{'callback': {'timestamp': 1772732201493, 'callback_id': 'f9LHodD0cOKTFR5kbf7qGFH29v1AgU8uiA6hautHjJzjHKu3UZdxzqdp6c4VGQDjuZXJyAxj3gs_LE_26wHS0LgGKbgwTqh2o7OFnO69NpX0eRhMw7ko', 'user': {'user_id': 23645861, 'first_name': 'Дмитрий', 'last_name': 'Марков', 'is_bot': False, 'last_activity_time': 1773054743000, 'name': 'Дмитрий Марков'}, 'payload': 'Start'}, 'message': {'recipient': {'chat_id': 233194361, 'chat_type': 'dialog', 'user_id': 23645861}, 'timestamp': 1772731142995, 'body': {'mid': 'mid.000000000de64379019cbf02935361b9', 'seq': 116177708187345337, 'text': 'Бот-генератор токенов доступа v.1.2.', 'attachments': [{'callback_id': 'f9LHodD0cOIqH6RGByZHg3SwlENzWdadzjlSJ9k1PMw2vNT-TsNLeKw3ejCihuMZgxWMqgSIH83iZ_TeJgHwwbOtIu7icWyQFpyN9spp3GmJykaX_pV_', 'payload': {'buttons': [[{'payload': 'Start', 'text': 'Начать', 'intent': 'default', 'type': 'callback'}]]}, 'type': 'inline_keyboard'}]}, 'sender': {'user_id': 210669020, 'first_name': 'DASHA_TOKEN_BOT', 'username': 'id575104156000_bot', 'is_bot': True, 'last_activity_time': 1773054938238, 'name': 'DASHA_TOKEN_BOT'}}, 'timestamp': 1772732201493, 'user_locale': 'ru', 'update_type': 'message_callback'}
clb

2026-03-09 14:18:38
{'callback': {'timestamp': 1772732323542, 'callback_id': 'f9LHodD0cOJcDa7LIBjqjr6-5UU1qEh80xREc1MqLKed_D-AB22YyCxBTQo2fE1SX8Swj8yFqbTSgBIEYQmqHAX9u6s2S5PBk_gnsYSiV44zekl9Dfso', 'user': {'user_id': 23645861, 'first_name': 'Дмитрий', 'last_name': 'Марков', 'is_bot': False, 'last_activity_time': 1773054743000, 'name': 'Дмитрий Марков'}, 'payload': 'Start'}, 'message': {'recipient': {'chat_id': 233194361, 'chat_type': 'dialog', 'user_id': 23645861}, 'timestamp': 1772731142995, 'body': {'mid': 'mid.000000000de64379019cbf02935361b9', 'seq': 116177708187345337, 'text': 'Бот-генератор токенов доступа v.1.2.', 'attachments': [{'callback_id': 'f9LHodD0cOIFpiFhON8JGjgopNfuZByHseoiRsuLt-AWti1bYSAX9bC7YKan4a4fJITjym4ONX6118f0Ct6bsnzs11BkKu_nxtkbBog2nATO-6CLe5uN', 'payload': {'buttons': [[{'payload': 'Start', 'text': 'Начать', 'intent': 'default', 'type': 'callback'}]]}, 'type': 'inline_keyboard'}]}, 'sender': {'user_id': 210669020, 'first_name': 'DASHA_TOKEN_BOT', 'username': 'id575104156000_bot', 'is_bot': True, 'last_activity_time': 1773055118920, 'name': 'DASHA_TOKEN_BOT'}}, 'timestamp': 1772732323542, 'user_locale': 'ru', 'update_type': 'message_callback'}
clb

2026-03-09 14:18:41
string indices must be integers, not 'str'
snd-err

2026-03-09 14:18:42
None
del

2026-03-09 14:18:43
string indices must be integers, not 'str'
snd-err

2026-03-09 14:18:45
string indices must be integers, not 'str'
snd-err

2026-03-09 14:18:46
{'callback': {'timestamp': 1772732348773, 'callback_id': 'f9LHodD0cOIjFKDil4I-X9HttIe-_iHZgJjzIB6eNCqNHobtG004AUjiJ2NHK0EUCN0mk4V-qATdqac7RLFQxPQMaS7K_sSum8vyrzfy1r2cXnUdPd20', 'user': {'user_id': 23645861, 'first_name': 'Дмитрий', 'last_name': 'Марков', 'is_bot': False, 'last_activity_time': 1773054743000, 'name': 'Дмитрий Марков'}, 'payload': 'KBRD.9'}, 'message': {'recipient': {'chat_id': 233194361, 'chat_type': 'dialog', 'user_id': 23645861}, 'timestamp': 1772732326279, 'body': {'mid': 'mid.000000000de64379019cbf14a1871131', 'seq': 116177785735024945, 'text': 'Введите код доступа:%0A * * _ _', 'attachments': [{'callback_id': 'f9LHodD0cOJa-sVIZ0MHrujBEcFyvAjBehCHCY-qMU_Nzvh3u0vvIXFuaHdrzdxM6i5C8r6qYBTeS2XAr7HTh-R9xaXWOKYyP6uKI74LI-VT0Z9MmMhq', 'payload': {'buttons': [[{'payload': 'KBRD.7', 'text': '7', 'intent': 'default', 'type': 'callback'}, {'payload': 'KBRD.8', 'text': '8', 'intent': 'default', 'type': 'callback'}, {'payload': 'KBRD.9', 'text': '9', 'intent': 'default', 'type': 'callback'}], [{'payload': 'KBRD.4', 'text': '4', 'intent': 'default', 'type': 'callback'}, {'payload': 'KBRD.5', 'text': '5', 'intent': 'default', 'type': 'callback'}, {'payload': 'KBRD.6', 'text': '6', 'intent': 'default', 'type': 'callback'}], [{'payload': 'KBRD.3', 'text': '3', 'intent': 'default', 'type': 'callback'}, {'payload': 'KBRD.2', 'text': '2', 'intent': 'default', 'type': 'callback'}, {'payload': 'KBRD.1', 'text': '1', 'intent': 'default', 'type': 'callback'}], [{'payload': 'KBRD.0', 'text': '0', 'intent': 'default', 'type': 'callback'}, {'payload': 'KBRD.Cancel', 'text': 'Сброс', 'intent': 'default', 'type': 'callback'}], [{'payload': 'RecoveryAuthorization', 'text': 'Восстановление доступа', 'intent': 'default', 'type': 'callback'}]]}, 'type': 'inline_keyboard'}], 'markup': [{'from': 23, 'length': 8, 'type': 'strong'}]}, 'sender': {'user_id': 210669020, 'first_name': 'DASHA_TOKEN_BOT', 'username': 'id575104156000_bot', 'is_bot': True, 'last_activity_time': 1773055126681, 'name': 'DASHA_TOKEN_BOT'}}, 'timestamp': 1772732348773, 'user_locale': 'ru', 'update_type': 'message_callback'}
clb

2026-03-09 14:18:46
23645861
edt

2026-03-09 14:18:46
{'callback': {'timestamp': 1772732351009, 'callback_id': 'f9LHodD0cOLzNbwHJyow_Hn5-PtWWNigwm7gMdM0eLZ1HIxhS5eajBtz7xa1mahanwpgJN8ymIABc4SHuIVy_cL5miUP4o1VI9uj8OpzUPmYENM6BgTv', 'user': {'user_id': 23645861, 'first_name': 'Дмитрий', 'last_name': 'Марков', 'is_bot': False, 'last_activity_time': 1773054743000, 'name': 'Дмитрий Марков'}, 'payload': 'KBRD.6'}, 'message': {'recipient': {'chat_id': 233194361, 'chat_type': 'dialog', 'user_id': 23645861}, 'timestamp': 1772732326279, 'body': {'mid': 'mid.000000000de64379019cbf14a1871131', 'seq': 116177785735024945, 'text': 'Введите код доступа:%0A * * _ _', 'attachments': [{'callback_id': 'f9LHodD0cOJQ0FZJoVArnb-Jv-iww1dgeXlDUEx5t0M-cVvi3mkS7N9nkhuXS_UQ1ond6AFtDp503klrvR7CqvpzA7vLPIa7TU3nPiN9WvUE4kcEU4jF', 'payload': {'buttons': [[{'payload': 'KBRD.7', 'text': '7', 'intent': 'default', 'type': 'callback'}, {'payload': 'KBRD.8', 'text': '8', 'intent': 'default', 'type': 'callback'}, {'payload': 'KBRD.9', 'text': '9', 'intent': 'default', 'type': 'callback'}], [{'payload': 'KBRD.4', 'text': '4', 'intent': 'default', 'type': 'callback'}, {'payload': 'KBRD.5', 'text': '5', 'intent': 'default', 'type': 'callback'}, {'payload': 'KBRD.6', 'text': '6', 'intent': 'default', 'type': 'callback'}], [{'payload': 'KBRD.3', 'text': '3', 'intent': 'default', 'type': 'callback'}, {'payload': 'KBRD.2', 'text': '2', 'intent': 'default', 'type': 'callback'}, {'payload': 'KBRD.1', 'text': '1', 'intent': 'default', 'type': 'callback'}], [{'payload': 'KBRD.0', 'text': '0', 'intent': 'default', 'type': 'callback'}, {'payload': 'KBRD.Cancel', 'text': 'Сброс', 'intent': 'default', 'type': 'callback'}], [{'payload': 'RecoveryAuthorization', 'text': 'Восстановление доступа', 'intent': 'default', 'type': 'callback'}]]}, 'type': 'inline_keyboard'}], 'markup': [{'from': 23, 'length': 8, 'type': 'strong'}]}, 'sender': {'user_id': 210669020, 'first_name': 'DASHA_TOKEN_BOT', 'username': 'id575104156000_bot', 'is_bot': True, 'last_activity_time': 1773055126682, 'name': 'DASHA_TOKEN_BOT'}}, 'timestamp': 1772732351009, 'user_locale': 'ru', 'update_type': 'message_callback'}
clb

2026-03-09 14:18:47
23645861
edt

2026-03-09 14:18:48
{'callback': {'timestamp': 1772732481478, 'callback_id': 'f9LHodD0cOLIOlQphbhYnJLV9XIWr3fJMCHmwbEPwFs0ccmUgzEUCAjoejX1G9318iHP3g0ofb2m7dJdeXkBx-XBxySX-IVdr47lwu-ln264QJooGlCq', 'user': {'user_id': 23645861, 'first_name': 'Дмитрий', 'last_name': 'Марков', 'is_bot': False, 'last_activity_time': 1773055127000, 'name': 'Дмитрий Марков'}, 'payload': 'KBRD.2'}, 'message': {'recipient': {'chat_id': 233194361, 'chat_type': 'dialog', 'user_id': 23645861}, 'timestamp': 1772732326279, 'body': {'mid': 'mid.000000000de64379019cbf14a1871131', 'seq': 116177785735024945, 'text': 'Введите код доступа:%0A * * _ _', 'attachments': [{'callback_id': 'f9LHodD0cOK7rH17Lbih1emfRKmTIlwIaO2OiJmwzy_1Q955TESOW79Eq6f0_MNszCn4hChGRaaPGBa74ZZSsKUDVi3_BFGE54opvzknvLBLmHXgc5a6', 'payload': {'buttons': [[{'payload': 'KBRD.7', 'text': '7', 'intent': 'default', 'type': 'callback'}, {'payload': 'KBRD.8', 'text': '8', 'intent': 'default', 'type': 'callback'}, {'payload': 'KBRD.9', 'text': '9', 'intent': 'default', 'type': 'callback'}], [{'payload': 'KBRD.4', 'text': '4', 'intent': 'default', 'type': 'callback'}, {'payload': 'KBRD.5', 'text': '5', 'intent': 'default', 'type': 'callback'}, {'payload': 'KBRD.6', 'text': '6', 'intent': 'default', 'type': 'callback'}], [{'payload': 'KBRD.3', 'text': '3', 'intent': 'default', 'type': 'callback'}, {'payload': 'KBRD.2', 'text': '2', 'intent': 'default', 'type': 'callback'}, {'payload': 'KBRD.1', 'text': '1', 'intent': 'default', 'type': 'callback'}], [{'payload': 'KBRD.0', 'text': '0', 'intent': 'default', 'type': 'callback'}, {'payload': 'KBRD.Cancel', 'text': 'Сброс', 'intent': 'default', 'type': 'callback'}], [{'payload': 'RecoveryAuthorization', 'text': 'Восстановление доступа', 'intent': 'default', 'type': 'callback'}]]}, 'type': 'inline_keyboard'}], 'markup': [{'from': 23, 'length': 8, 'type': 'strong'}]}, 'sender': {'user_id': 210669020, 'first_name': 'DASHA_TOKEN_BOT', 'username': 'id575104156000_bot', 'is_bot': True, 'last_activity_time': 1773055129200, 'name': 'DASHA_TOKEN_BOT'}}, 'timestamp': 1772732481478, 'user_locale': 'ru', 'update_type': 'message_callback'}
clb

2026-03-09 14:18:49
23645861
edt

2026-03-09 14:18:49
{'callback': {'timestamp': 1772732488037, 'callback_id': 'f9LHodD0cOJZ821MqQMUGuQt6h2L5I2hB0XdpDtNTyFp7qjjBsmfWX48nOFURnH1fDMvWRFeyKamZs3ZNvUwQBCMzk0FgJDV_zxFf0Z2zFHv7MqUS3Om', 'user': {'user_id': 23645861, 'first_name': 'Дмитрий', 'last_name': 'Марков', 'is_bot': False, 'last_activity_time': 1773055127000, 'name': 'Дмитрий Марков'}, 'payload': 'Authorization'}, 'message': {'recipient': {'chat_id': 233194361, 'chat_type': 'dialog', 'user_id': 23645861}, 'timestamp': 1772732483934, 'body': {'mid': 'mid.000000000de64379019cbf17095e41c2', 'seq': 116177796067115458, 'text': 'Текст для RequiredAuthorization не найден', 'attachments': [{'callback_id': 'f9LHodD0cOJks6RHbYa1kJte2u2Oqi5oADvwSsfdAVh-fCr4jWUyzSNd1tGkQ5FQ3Sl-fOogbTDWs1Q5NKx0POE1nIEtcdWwpo7Ps3wpY2CSOgauVsfd', 'payload': {'buttons': [[{'payload': 'Authorization', 'text': 'Авторизоваться', 'intent': 'default', 'type': 'callback'}]]}, 'type': 'inline_keyboard'}], 'markup': [{'from': 10, 'length': 21, 'type': 'strong'}]}, 'sender': {'user_id': 210669020, 'first_name': 'DASHA_TOKEN_BOT', 'username': 'id575104156000_bot', 'is_bot': True, 'last_activity_time': 1773055129202, 'name': 'DASHA_TOKEN_BOT'}}, 'timestamp': 1772732488037, 'user_locale': 'ru', 'update_type': 'message_callback'}
clb

2026-03-09 14:18:50
string indices must be integers, not 'str'
snd-err

2026-03-09 14:18:51
None
del

2026-03-09 14:18:52
string indices must be integers, not 'str'
snd-err

2026-03-09 14:18:53
string indices must be integers, not 'str'
snd-err

2026-03-09 14:18:53
{'callback': {'timestamp': 1772732516319, 'callback_id': 'f9LHodD0cOKcg-k1V1F_BmzQwpaqiNkJLG3m74JtzWW4o4l2gW8A91Wer0X_5IwhilRmJaIreqwqULbh9HMhsZ2L3xgxawMwj8IKF_Zn588NwSh8jBL0', 'user': {'user_id': 23645861, 'first_name': 'Дмитрий', 'last_name': 'Марков', 'is_bot': False, 'last_activity_time': 1773055127000, 'name': 'Дмитрий Марков'}, 'payload': 'KBRD.0'}, 'message': {'recipient': {'chat_id': 233194361, 'chat_type': 'dialog', 'user_id': 23645861}, 'timestamp': 1772732491612, 'body': {'mid': 'mid.000000000de64379019cbf17275c0ec4', 'seq': 116177796570287812, 'text': 'Введите код доступа: * * * *', 'attachments': [{'callback_id': 'f9LHodD0cOKjDa_Sfkzivj5Zo1wP3HaNw2EtI_7vn8hef0W87zLVUMupsspGqK0YAg9CTBloADDmN3ozQgrbF7hEXaW2Q-pi0NoUfTM-fFioQ_otQzmz', 'payload': {'buttons': [[{'payload': 'KBRD.7', 'text': '7', 'intent': 'default', 'type': 'callback'}, {'payload': 'KBRD.8', 'text': '8', 'intent': 'default', 'type': 'callback'}, {'payload': 'KBRD.9', 'text': '9', 'intent': 'default', 'type': 'callback'}], [{'payload': 'KBRD.4', 'text': '4', 'intent': 'default', 'type': 'callback'}, {'payload': 'KBRD.5', 'text': '5', 'intent': 'default', 'type': 'callback'}, {'payload': 'KBRD.6', 'text': '6', 'intent': 'default', 'type': 'callback'}], [{'payload': 'KBRD.3', 'text': '3', 'intent': 'default', 'type': 'callback'}, {'payload': 'KBRD.2', 'text': '2', 'intent': 'default', 'type': 'callback'}, {'payload': 'KBRD.1', 'text': '1', 'intent': 'default', 'type': 'callback'}], [{'payload': 'KBRD.0', 'text': '0', 'intent': 'default', 'type': 'callback'}, {'payload': 'KBRD.Cancel', 'text': 'Сброс', 'intent': 'default', 'type': 'callback'}], [{'payload': 'RecoveryAuthorization', 'text': 'Восстановление доступа', 'intent': 'default', 'type': 'callback'}]]}, 'type': 'inline_keyboard'}], 'markup': [{'from': 20, 'length': 8, 'type': 'strong'}]}, 'sender': {'user_id': 210669020, 'first_name': 'DASHA_TOKEN_BOT', 'username': 'id575104156000_bot', 'is_bot': True, 'last_activity_time': 1773055129204, 'name': 'DASHA_TOKEN_BOT'}}, 'timestamp': 1772732516319, 'user_locale': 'ru', 'update_type': 'message_callback'}
clb

2026-03-09 14:18:54
23645861
edt

2026-03-09 14:18:54
{'callback': {'timestamp': 1772732520685, 'callback_id': 'f9LHodD0cOKX7x4NFanETB21f8NlOMmqkdWz5qm4vnvmu--X7zT7WZG9tlJ9mWVGp1ld4_PdtVvG2q4VxwvJo2j1Hc4lAp1botrAqKlUPn9eaTIU5BM8', 'user': {'user_id': 23645861, 'first_name': 'Дмитрий', 'last_name': 'Марков', 'is_bot': False, 'last_activity_time': 1773055127000, 'name': 'Дмитрий Марков'}, 'payload': 'KBRD.0'}, 'message': {'recipient': {'chat_id': 233194361, 'chat_type': 'dialog', 'user_id': 23645861}, 'timestamp': 1772732491612, 'body': {'mid': 'mid.000000000de64379019cbf17275c0ec4', 'seq': 116177796570287812, 'text': 'Введите код доступа: * * * *', 'attachments': [{'callback_id': 'f9LHodD0cOJcBAcBuLvs9DhzyB3M_veKIkChxxCG81H0MfHtXsLNT-oPwh_PeuMljPk0ESYo390bUpWt_DQ9MVoSOn2CKyYC1TvOwJ3czJfI1f1YqrR2', 'payload': {'buttons': [[{'payload': 'KBRD.7', 'text': '7', 'intent': 'default', 'type': 'callback'}, {'payload': 'KBRD.8', 'text': '8', 'intent': 'default', 'type': 'callback'}, {'payload': 'KBRD.9', 'text': '9', 'intent': 'default', 'type': 'callback'}], [{'payload': 'KBRD.4', 'text': '4', 'intent': 'default', 'type': 'callback'}, {'payload': 'KBRD.5', 'text': '5', 'intent': 'default', 'type': 'callback'}, {'payload': 'KBRD.6', 'text': '6', 'intent': 'default', 'type': 'callback'}], [{'payload': 'KBRD.3', 'text': '3', 'intent': 'default', 'type': 'callback'}, {'payload': 'KBRD.2', 'text': '2', 'intent': 'default', 'type': 'callback'}, {'payload': 'KBRD.1', 'text': '1', 'intent': 'default', 'type': 'callback'}], [{'payload': 'KBRD.0', 'text': '0', 'intent': 'default', 'type': 'callback'}, {'payload': 'KBRD.Cancel', 'text': 'Сброс', 'intent': 'default', 'type': 'callback'}], [{'payload': 'RecoveryAuthorization', 'text': 'Восстановление доступа', 'intent': 'default', 'type': 'callback'}]]}, 'type': 'inline_keyboard'}], 'markup': [{'from': 20, 'length': 8, 'type': 'strong'}]}, 'sender': {'user_id': 210669020, 'first_name': 'DASHA_TOKEN_BOT', 'username': 'id575104156000_bot', 'is_bot': True, 'last_activity_time': 1773055129207, 'name': 'DASHA_TOKEN_BOT'}}, 'timestamp': 1772732520685, 'user_locale': 'ru', 'update_type': 'message_callback'}
clb

2026-03-09 14:18:55
23645861
edt

2026-03-09 14:18:55
{'callback': {'timestamp': 1772732522573, 'callback_id': 'f9LHodD0cOIl4G7KjsXJwIkF9vnmihh4Vzvmi30-P0IIT19nnE_dfHN1w2aF1dWyaUu2-Ie8JdN6eGIUZiWc87dkk2izNH_Lz_UCmjyl3vVrrISxUDbD', 'user': {'user_id': 23645861, 'first_name': 'Дмитрий', 'last_name': 'Марков', 'is_bot': False, 'last_activity_time': 1773055127000, 'name': 'Дмитрий Марков'}, 'payload': 'KBRD.0'}, 'message': {'recipient': {'chat_id': 233194361, 'chat_type': 'dialog', 'user_id': 23645861}, 'timestamp': 1772732491612, 'body': {'mid': 'mid.000000000de64379019cbf17275c0ec4', 'seq': 116177796570287812, 'text': 'Введите код доступа: * * * *', 'attachments': [{'callback_id': 'f9LHodD0cOKi1Yg3Fr_H6f_JAtDf_oEzeh73BIhn2gycEq6YRlfINtV6-wRtpiMX8s0MiLk9JNvNUr3yQH9rJ80Y-b19GRBOzxma3-_h34jD3CcPlhrP', 'payload': {'buttons': [[{'payload': 'KBRD.7', 'text': '7', 'intent': 'default', 'type': 'callback'}, {'payload': 'KBRD.8', 'text': '8', 'intent': 'default', 'type': 'callback'}, {'payload': 'KBRD.9', 'text': '9', 'intent': 'default', 'type': 'callback'}], [{'payload': 'KBRD.4', 'text': '4', 'intent': 'default', 'type': 'callback'}, {'payload': 'KBRD.5', 'text': '5', 'intent': 'default', 'type': 'callback'}, {'payload': 'KBRD.6', 'text': '6', 'intent': 'default', 'type': 'callback'}], [{'payload': 'KBRD.3', 'text': '3', 'intent': 'default', 'type': 'callback'}, {'payload': 'KBRD.2', 'text': '2', 'intent': 'default', 'type': 'callback'}, {'payload': 'KBRD.1', 'text': '1', 'intent': 'default', 'type': 'callback'}], [{'payload': 'KBRD.0', 'text': '0', 'intent': 'default', 'type': 'callback'}, {'payload': 'KBRD.Cancel', 'text': 'Сброс', 'intent': 'default', 'type': 'callback'}], [{'payload': 'RecoveryAuthorization', 'text': 'Восстановление доступа', 'intent': 'default', 'type': 'callback'}]]}, 'type': 'inline_keyboard'}], 'markup': [{'from': 20, 'length': 8, 'type': 'strong'}]}, 'sender': {'user_id': 210669020, 'first_name': 'DASHA_TOKEN_BOT', 'username': 'id575104156000_bot', 'is_bot': True, 'last_activity_time': 1773055129209, 'name': 'DASHA_TOKEN_BOT'}}, 'timestamp': 1772732522573, 'user_locale': 'ru', 'update_type': 'message_callback'}
clb

2026-03-09 14:18:56
23645861
edt

2026-03-09 14:18:56
{'callback': {'timestamp': 1772732524434, 'callback_id': 'f9LHodD0cOLKNThdVRinAl4Rcfr-RFPLE1BN1urSUKxn-SDTXkBn_RwXUDsmtKDZuuVoQMadnnBnab_ngLMO0s21Qhx_TmWkkEshealWCMFBM1M-I537', 'user': {'user_id': 23645861, 'first_name': 'Дмитрий', 'last_name': 'Марков', 'is_bot': False, 'last_activity_time': 1773055127000, 'name': 'Дмитрий Марков'}, 'payload': 'KBRD.6'}, 'message': {'recipient': {'chat_id': 233194361, 'chat_type': 'dialog', 'user_id': 23645861}, 'timestamp': 1772732491612, 'body': {'mid': 'mid.000000000de64379019cbf17275c0ec4', 'seq': 116177796570287812, 'text': 'Введите код доступа: * * * *', 'attachments': [{'callback_id': 'f9LHodD0cOLauzubPpBSTNpN43nyHBTiiJhYi9aqoZnr7Pl9Xht4e0s1Xxv0aAGcG7Ma9rspRH37aOkiVmVsnOu9fhah5twSYOftu9SswHUhpDJjfJGw', 'payload': {'buttons': [[{'payload': 'KBRD.7', 'text': '7', 'intent': 'default', 'type': 'callback'}, {'payload': 'KBRD.8', 'text': '8', 'intent': 'default', 'type': 'callback'}, {'payload': 'KBRD.9', 'text': '9', 'intent': 'default', 'type': 'callback'}], [{'payload': 'KBRD.4', 'text': '4', 'intent': 'default', 'type': 'callback'}, {'payload': 'KBRD.5', 'text': '5', 'intent': 'default', 'type': 'callback'}, {'payload': 'KBRD.6', 'text': '6', 'intent': 'default', 'type': 'callback'}], [{'payload': 'KBRD.3', 'text': '3', 'intent': 'default', 'type': 'callback'}, {'payload': 'KBRD.2', 'text': '2', 'intent': 'default', 'type': 'callback'}, {'payload': 'KBRD.1', 'text': '1', 'intent': 'default', 'type': 'callback'}], [{'payload': 'KBRD.0', 'text': '0', 'intent': 'default', 'type': 'callback'}, {'payload': 'KBRD.Cancel', 'text': 'Сброс', 'intent': 'default', 'type': 'callback'}], [{'payload': 'RecoveryAuthorization', 'text': 'Восстановление доступа', 'intent': 'default', 'type': 'callback'}]]}, 'type': 'inline_keyboard'}], 'markup': [{'from': 20, 'length': 8, 'type': 'strong'}]}, 'sender': {'user_id': 210669020, 'first_name': 'DASHA_TOKEN_BOT', 'username': 'id575104156000_bot', 'is_bot': True, 'last_activity_time': 1773055129211, 'name': 'DASHA_TOKEN_BOT'}}, 'timestamp': 1772732524434, 'user_locale': 'ru', 'update_type': 'message_callback'}
clb

2026-03-09 14:18:56
23645861
edt

2026-03-09 14:18:57
string indices must be integers, not 'str'
snd-err

2026-03-09 14:18:58
None
del

2026-03-09 14:18:59
string indices must be integers, not 'str'
snd-err

2026-03-09 14:19:00
string indices must be integers, not 'str'
snd-err

2026-03-09 14:19:01
{'callback': {'timestamp': 1772732705626, 'callback_id': 'f9LHodD0cOJ20QudQVAtkv8iy4VT_N_-3R7VGhJw8VJN8VcFtP-O7QwRIr4yF8ylC4xKsEaSK8yBPsNgqi9qvtYfyobe0WNRTA6kzD0KstQAMGJeTKSz', 'user': {'user_id': 23645861, 'first_name': 'Дмитрий', 'last_name': 'Марков', 'is_bot': False, 'last_activity_time': 1773055127000, 'name': 'Дмитрий Марков'}, 'payload': 'KBRD.4'}, 'message': {'recipient': {'chat_id': 233194361, 'chat_type': 'dialog', 'user_id': 23645861}, 'timestamp': 1772732527995, 'body': {'mid': 'mid.000000000de64379019cbf17b57b003c', 'seq': 116177798954680380, 'text': 'Введите код доступа: _ _ _ _', 'attachments': [{'callback_id': 'f9LHodD0cOIUVRmkVnQl9Q7Md0a6ji7SGPiSDjwfGHU-TAmXO0-TWB6bCcrD4Scp2HwJZ-kzgB974A1yAvniUZemriKWEJBn7fsbKXvOHwpxOH73ZVhr', 'payload': {'buttons': [[{'payload': 'KBRD.7', 'text': '7', 'intent': 'default', 'type': 'callback'}, {'payload': 'KBRD.8', 'text': '8', 'intent': 'default', 'type': 'callback'}, {'payload': 'KBRD.9', 'text': '9', 'intent': 'default', 'type': 'callback'}], [{'payload': 'KBRD.4', 'text': '4', 'intent': 'default', 'type': 'callback'}, {'payload': 'KBRD.5', 'text': '5', 'intent': 'default', 'type': 'callback'}, {'payload': 'KBRD.6', 'text': '6', 'intent': 'default', 'type': 'callback'}], [{'payload': 'KBRD.3', 'text': '3', 'intent': 'default', 'type': 'callback'}, {'payload': 'KBRD.2', 'text': '2', 'intent': 'default', 'type': 'callback'}, {'payload': 'KBRD.1', 'text': '1', 'intent': 'default', 'type': 'callback'}], [{'payload': 'KBRD.0', 'text': '0', 'intent': 'default', 'type': 'callback'}, {'payload': 'KBRD.Cancel', 'text': 'Сброс', 'intent': 'default', 'type': 'callback'}], [{'payload': 'RecoveryAuthorization', 'text': 'Восстановление доступа', 'intent': 'default', 'type': 'callback'}]]}, 'type': 'inline_keyboard'}], 'markup': [{'from': 20, 'length': 8, 'type': 'strong'}]}, 'sender': {'user_id': 210669020, 'first_name': 'DASHA_TOKEN_BOT', 'username': 'id575104156000_bot', 'is_bot': True, 'last_activity_time': 1773055141998, 'name': 'DASHA_TOKEN_BOT'}}, 'timestamp': 1772732705626, 'user_locale': 'ru', 'update_type': 'message_callback'}
clb

2026-03-09 14:19:02
23645861
edt

2026-03-09 14:19:02
{'callback': {'timestamp': 1772732712483, 'callback_id': 'f9LHodD0cOJpRVmY4SGRNYUbdgTN6Y9NEzEMUC9G0hlYiHTfzMG8F4G45O6SSAoeEFyObMAlYsADRmyApjfdhLf_-znolH917xF6Oli_PS71nxh4kPiq', 'user': {'user_id': 23645861, 'first_name': 'Дмитрий', 'last_name': 'Марков', 'is_bot': False, 'last_activity_time': 1773055127000, 'name': 'Дмитрий Марков'}, 'payload': 'Authorization'}, 'message': {'recipient': {'chat_id': 233194361, 'chat_type': 'dialog', 'user_id': 23645861}, 'timestamp': 1772732708384, 'body': {'mid': 'mid.000000000de64379019cbf1a762044f9', 'seq': 116177810776671481, 'text': 'Текст для RequiredAuthorization не найден', 'attachments': [{'callback_id': 'f9LHodD0cOIox0JCL4Xfil2Ihv-K76neJtb-MV0RY8MQIQb1-2wlnfiwODpTEPDJQCUUuxEXy1B9yM-K98KPo6V08_y0Y0j-GUIJLoXLnpoqNuqjDpOz', 'payload': {'buttons': [[{'payload': 'Authorization', 'text': 'Авторизоваться', 'intent': 'default', 'type': 'callback'}]]}, 'type': 'inline_keyboard'}], 'markup': [{'from': 10, 'length': 21, 'type': 'strong'}]}, 'sender': {'user_id': 210669020, 'first_name': 'DASHA_TOKEN_BOT', 'username': 'id575104156000_bot', 'is_bot': True, 'last_activity_time': 1773055141999, 'name': 'DASHA_TOKEN_BOT'}}, 'timestamp': 1772732712483, 'user_locale': 'ru', 'update_type': 'message_callback'}
clb

2026-03-09 14:19:02
string indices must be integers, not 'str'
snd-err

2026-03-09 14:19:03
None
del

2026-03-09 14:19:04
string indices must be integers, not 'str'
snd-err

2026-03-09 14:19:06
string indices must be integers, not 'str'
snd-err

2026-03-09 14:19:06
{'callback': {'timestamp': 1772732720635, 'callback_id': 'f9LHodD0cOLgP9OF1ARiqRhvJ6jVAW5oT5-qwyqezgLbiwvsPd2BwhOan-GUHSCOjbWLh8o3zAe4T5klNbq_C7mXaZcErax4L4foVyLHMn22QDq0eHyN', 'user': {'user_id': 23645861, 'first_name': 'Дмитрий', 'last_name': 'Марков', 'is_bot': False, 'last_activity_time': 1773055127000, 'name': 'Дмитрий Марков'}, 'payload': 'CancelCurrentOperation'}, 'message': {'recipient': {'chat_id': 233194361, 'chat_type': 'dialog', 'user_id': 23645861}, 'timestamp': 1772732715288, 'body': {'mid': 'mid.000000000de64379019cbf1a91183b83', 'seq': 116177811229129603, 'text': 'Введите код доступа: _ _ _ _', 'attachments': [{'callback_id': 'f9LHodD0cOKu520n7q8U_X6SGMyXsCl123rK7dVgxU6PF0JFNNSU5Twmssuvon6KsnbYCgyNIee00fOVfr3DHzcxKm-lTcPPM8q_-y8bqSdEtTWJFJZK', 'payload': {'buttons': [[{'payload': 'KBRD.7', 'text': '7', 'intent': 'default', 'type': 'callback'}, {'payload': 'KBRD.8', 'text': '8', 'intent': 'default', 'type': 'callback'}, {'payload': 'KBRD.9', 'text': '9', 'intent': 'default', 'type': 'callback'}], [{'payload': 'KBRD.4', 'text': '4', 'intent': 'default', 'type': 'callback'}, {'payload': 'KBRD.5', 'text': '5', 'intent': 'default', 'type': 'callback'}, {'payload': 'KBRD.6', 'text': '6', 'intent': 'default', 'type': 'callback'}], [{'payload': 'KBRD.3', 'text': '3', 'intent': 'default', 'type': 'callback'}, {'payload': 'KBRD.2', 'text': '2', 'intent': 'default', 'type': 'callback'}, {'payload': 'KBRD.1', 'text': '1', 'intent': 'default', 'type': 'callback'}], [{'payload': 'KBRD.0', 'text': '0', 'intent': 'default', 'type': 'callback'}, {'payload': 'KBRD.Cancel', 'text': 'Сброс', 'intent': 'default', 'type': 'callback'}], [{'payload': 'RecoveryAuthorization', 'text': 'Восстановление доступа', 'intent': 'default', 'type': 'callback'}], [{'payload': 'CancelCurrentOperation', 'text': 'Прервать операцию', 'intent': 'default', 'type': 'callback'}]]}, 'type': 'inline_keyboard'}], 'markup': [{'from': 20, 'length': 8, 'type': 'strong'}]}, 'sender': {'user_id': 210669020, 'first_name': 'DASHA_TOKEN_BOT', 'username': 'id575104156000_bot', 'is_bot': True, 'last_activity_time': 1773055142000, 'name': 'DASHA_TOKEN_BOT'}}, 'timestamp': 1772732720635, 'user_locale': 'ru', 'update_type': 'message_callback'}
clb

2026-03-09 14:19:07
string indices must be integers, not 'str'
snd-err

2026-03-09 14:19:08
None
del

2026-03-09 14:19:09
string indices must be integers, not 'str'
snd-err

2026-03-09 14:19:09
{'callback': {'timestamp': 1772733346284, 'callback_id': 'f9LHodD0cOIuGk71M_r7lmgdMY562soaUSIqcjd09nvAppMrX9meoAcMn4UgHK0k7W8ugMpnG-mQd-9Xx9C0lydWoqakWoUyeAOVGaX5VHZcLBEN_p2x', 'user': {'user_id': 23645861, 'first_name': 'Дмитрий', 'last_name': 'Марков', 'is_bot': False, 'last_activity_time': 1773055127000, 'name': 'Дмитрий Марков'}, 'payload': 'MainMenu'}, 'message': {'recipient': {'chat_id': 233194361, 'chat_type': 'dialog', 'user_id': 23645861}, 'timestamp': 1772732723036, 'body': {'mid': 'mid.000000000de64379019cbf1aaf5c7dba', 'seq': 116177811736919482, 'text': 'Операция отменена. Для продолжения перейдите в Главное меню Бота или получите Новый токен.', 'attachments': [{'callback_id': 'f9LHodD0cOK49mLY0etnljFJoVKM0zTMzolaEGTdAINzP2CPM2vC7UikZ8vOdJXi7ScJAJGlka7OPgKhmULZTj3C8v0qTqineSrWF1vWZtM4qSeU6Mpg', 'payload': {'buttons': [[{'payload': 'MainMenu', 'text': 'Главное меню', 'intent': 'default', 'type': 'callback'}], [{'payload': 'GetNewToken', 'text': 'Новый токен', 'intent': 'default', 'type': 'callback'}]]}, 'type': 'inline_keyboard'}], 'markup': [{'from': 47, 'length': 12, 'type': 'strong'}, {'from': 78, 'length': 11, 'type': 'strong'}]}, 'sender': {'user_id': 210669020, 'first_name': 'DASHA_TOKEN_BOT', 'username': 'id575104156000_bot', 'is_bot': True, 'last_activity_time': 1773055150650, 'name': 'DASHA_TOKEN_BOT'}}, 'timestamp': 1772733346284, 'user_locale': 'ru', 'update_type': 'message_callback'}
clb

2026-03-09 14:19:10
string indices must be integers, not 'str'
snd-err

2026-03-09 14:19:11
None
del

2026-03-09 14:19:12
string indices must be integers, not 'str'
snd-err

2026-03-09 14:19:13
{'callback': {'timestamp': 1772733351615, 'callback_id': 'f9LHodD0cOKUvpuuFDyyk5YuGWQ7H4Y19wKe3CKyJ7MH_-KJ1Yx6LdauA_CQcU8rU95VnjUKUnTnXJI0qRXqVkJByzeXa5BReqhGKR7m8rTI-BQaZDZb', 'user': {'user_id': 23645861, 'first_name': 'Дмитрий', 'last_name': 'Марков', 'is_bot': False, 'last_activity_time': 1773055127000, 'name': 'Дмитрий Марков'}, 'payload': 'Authorization'}, 'message': {'recipient': {'chat_id': 233194361, 'chat_type': 'dialog', 'user_id': 23645861}, 'timestamp': 1772733347262, 'body': {'mid': 'mid.000000000de64379019cbf2435be2f6f', 'seq': 116177852646174575, 'text': 'Текст для RequiredAuthorization не найден', 'attachments': [{'callback_id': 'f9LHodD0cOJ1jLoH2WVsT8BJcCsPr9s8NkUgAEz_b2ioOxAQAWGAltGRjHjOl2Xw8hPKdg96ZyhDE0ZCNp2Gn11vwJjTGgxfo-9hD_eknNeoVxb1x6vq', 'payload': {'buttons': [[{'payload': 'Authorization', 'text': 'Авторизоваться', 'intent': 'default', 'type': 'callback'}]]}, 'type': 'inline_keyboard'}], 'markup': [{'from': 10, 'length': 21, 'type': 'strong'}]}, 'sender': {'user_id': 210669020, 'first_name': 'DASHA_TOKEN_BOT', 'username': 'id575104156000_bot', 'is_bot': True, 'last_activity_time': 1773055154280, 'name': 'DASHA_TOKEN_BOT'}}, 'timestamp': 1772733351615, 'user_locale': 'ru', 'update_type': 'message_callback'}
clb

2026-03-09 14:19:14
string indices must be integers, not 'str'
snd-err

2026-03-09 14:19:15
None
del

2026-03-09 14:19:15
string indices must be integers, not 'str'
snd-err

2026-03-09 14:19:17
string indices must be integers, not 'str'
snd-err

2026-03-09 14:19:17
{'callback': {'timestamp': 1772733376157, 'callback_id': 'f9LHodD0cOITeN_YPx3eBFkwiLRpDVI_jFrQRCnl8KoQnRzjT2FHt2s14gPb8CXo5FR2MySmh_ASD0QKrJ7ApinxjzIlkMb2lFvmRhJAXZG4pzpRz1Vu', 'user': {'user_id': 23645861, 'first_name': 'Дмитрий', 'last_name': 'Марков', 'is_bot': False, 'last_activity_time': 1773055127000, 'name': 'Дмитрий Марков'}, 'payload': 'CancelCurrentOperation'}, 'message': {'recipient': {'chat_id': 233194361, 'chat_type': 'dialog', 'user_id': 23645861}, 'timestamp': 1772733355561, 'body': {'mid': 'mid.000000000de64379019cbf24562958ee', 'seq': 116177853190068462, 'text': 'Введите код доступа: _ _ _ _', 'attachments': [{'callback_id': 'f9LHodD0cOK1Ra77g9NHKegGtnBFDFNv5scYrzu751AIYGoI3GceSMJ3C-9wRjrjt-hgOmMSO8z_dWkcoeP-PXSDfG8ioU-S1YJ8IzzyfsJTDv1eugL5', 'payload': {'buttons': [[{'payload': 'KBRD.7', 'text': '7', 'intent': 'default', 'type': 'callback'}, {'payload': 'KBRD.8', 'text': '8', 'intent': 'default', 'type': 'callback'}, {'payload': 'KBRD.9', 'text': '9', 'intent': 'default', 'type': 'callback'}], [{'payload': 'KBRD.4', 'text': '4', 'intent': 'default', 'type': 'callback'}, {'payload': 'KBRD.5', 'text': '5', 'intent': 'default', 'type': 'callback'}, {'payload': 'KBRD.6', 'text': '6', 'intent': 'default', 'type': 'callback'}], [{'payload': 'KBRD.3', 'text': '3', 'intent': 'default', 'type': 'callback'}, {'payload': 'KBRD.2', 'text': '2', 'intent': 'default', 'type': 'callback'}, {'payload': 'KBRD.1', 'text': '1', 'intent': 'default', 'type': 'callback'}], [{'payload': 'KBRD.0', 'text': '0', 'intent': 'default', 'type': 'callback'}, {'payload': 'KBRD.Cancel', 'text': 'Сброс', 'intent': 'default', 'type': 'callback'}], [{'payload': 'RecoveryAuthorization', 'text': 'Восстановление доступа', 'intent': 'default', 'type': 'callback'}], [{'payload': 'CancelCurrentOperation', 'text': 'Прервать операцию', 'intent': 'default', 'type': 'callback'}]]}, 'type': 'inline_keyboard'}], 'markup': [{'from': 20, 'length': 8, 'type': 'strong'}]}, 'sender': {'user_id': 210669020, 'first_name': 'DASHA_TOKEN_BOT', 'username': 'id575104156000_bot', 'is_bot': True, 'last_activity_time': 1773055154282, 'name': 'DASHA_TOKEN_BOT'}}, 'timestamp': 1772733376157, 'user_locale': 'ru', 'update_type': 'message_callback'}
clb

2026-03-09 14:19:18
string indices must be integers, not 'str'
snd-err

2026-03-09 14:19:19
None
del

2026-03-09 14:19:20
string indices must be integers, not 'str'
snd-err

2026-03-09 14:19:21
{'callback': {'timestamp': 1772735264265, 'callback_id': 'f9LHodD0cOISvqjHJE7Bpi2rHdTOKzVO26uFwAF87Vm5ZDaZAu30BwsoBcfckBlV2dS9HJ1Ces53sp7fDb4f7YeOhbZRdB8NzWxQ3OsZBdNXFjRyg-cY', 'user': {'user_id': 23645861, 'first_name': 'Дмитрий', 'last_name': 'Марков', 'is_bot': False, 'last_activity_time': 1773055156000, 'name': 'Дмитрий Марков'}, 'payload': 'RecoveryAuthorization'}, 'message': {'recipient': {'chat_id': 233194361, 'chat_type': 'dialog', 'user_id': 23645861}, 'timestamp': 1772733355561, 'body': {'mid': 'mid.000000000de64379019cbf24562958ee', 'seq': 116177853190068462, 'text': 'Введите код доступа: _ _ _ _', 'attachments': [{'callback_id': 'f9LHodD0cOKKay5P4cDNTkZIhk2O9hbWKTbAa4PBRem-lcgqqMmb_EdXBlu3FK1JUd5L5fipfJSfVJ_hb-eiWbVj3CreehYZuft5WROIYBOh9pk1w-zW', 'payload': {'buttons': [[{'payload': 'KBRD.7', 'text': '7', 'intent': 'default', 'type': 'callback'}, {'payload': 'KBRD.8', 'text': '8', 'intent': 'default', 'type': 'callback'}, {'payload': 'KBRD.9', 'text': '9', 'intent': 'default', 'type': 'callback'}], [{'payload': 'KBRD.4', 'text': '4', 'intent': 'default', 'type': 'callback'}, {'payload': 'KBRD.5', 'text': '5', 'intent': 'default', 'type': 'callback'}, {'payload': 'KBRD.6', 'text': '6', 'intent': 'default', 'type': 'callback'}], [{'payload': 'KBRD.3', 'text': '3', 'intent': 'default', 'type': 'callback'}, {'payload': 'KBRD.2', 'text': '2', 'intent': 'default', 'type': 'callback'}, {'payload': 'KBRD.1', 'text': '1', 'intent': 'default', 'type': 'callback'}], [{'payload': 'KBRD.0', 'text': '0', 'intent': 'default', 'type': 'callback'}, {'payload': 'KBRD.Cancel', 'text': 'Сброс', 'intent': 'default', 'type': 'callback'}], [{'payload': 'RecoveryAuthorization', 'text': 'Восстановление доступа', 'intent': 'default', 'type': 'callback'}], [{'payload': 'CancelCurrentOperation', 'text': 'Прервать операцию', 'intent': 'default', 'type': 'callback'}]]}, 'type': 'inline_keyboard'}], 'markup': [{'from': 20, 'length': 8, 'type': 'strong'}]}, 'sender': {'user_id': 210669020, 'first_name': 'DASHA_TOKEN_BOT', 'username': 'id575104156000_bot', 'is_bot': True, 'last_activity_time': 1773055162361, 'name': 'DASHA_TOKEN_BOT'}}, 'timestamp': 1772735264265, 'user_locale': 'ru', 'update_type': 'message_callback'}
clb

2026-03-09 14:19:22
string indices must be integers, not 'str'
snd-err

2026-03-09 14:19:23
None
del

2026-03-09 14:19:24
string indices must be integers, not 'str'
snd-err

2026-03-09 14:19:25
string indices must be integers, not 'str'
snd-err

2026-03-09 14:19:28
string indices must be integers, not 'str'
snd-err

2026-03-09 14:19:28
{'callback': {'timestamp': 1772735273281, 'callback_id': 'f9LHodD0cOLdX2XNjUCw_UrZ6GVCOQtKLAR6iMBwR5bTr7YTVWFJx8drxwGbtgh0Cx2FVe0-Vu1JYktqZmwaWe_UDkBMhlnsawarRpjulUACSmxJqQWX', 'user': {'user_id': 23645861, 'first_name': 'Дмитрий', 'last_name': 'Марков', 'is_bot': False, 'last_activity_time': 1773055156000, 'name': 'Дмитрий Марков'}, 'payload': 'Authorization'}, 'message': {'recipient': {'chat_id': 233194361, 'chat_type': 'dialog', 'user_id': 23645861}, 'timestamp': 1772735266226, 'body': {'mid': 'mid.000000000de64379019cbf417db22ad2', 'seq': 116177978407398098, 'text': 'Текст для RequiredAuthorization не найден', 'attachments': [{'callback_id': 'f9LHodD0cOLMeTNZpmZqHGd9DrNaPSN3EenqKOY87qTGKxsLqel1Z4vM7Zi0TPThklGdq2IvHVp_iZBDv4M6vUpN6cpS8VWbNZvGLZAAUvt8vFoE0x2o', 'payload': {'buttons': [[{'payload': 'Authorization', 'text': 'Авторизоваться', 'intent': 'default', 'type': 'callback'}]]}, 'type': 'inline_keyboard'}], 'markup': [{'from': 10, 'length': 21, 'type': 'strong'}]}, 'sender': {'user_id': 210669020, 'first_name': 'DASHA_TOKEN_BOT', 'username': 'id575104156000_bot', 'is_bot': True, 'last_activity_time': 1773055162364, 'name': 'DASHA_TOKEN_BOT'}}, 'timestamp': 1772735273281, 'user_locale': 'ru', 'update_type': 'message_callback'}
clb

2026-03-09 14:19:29
string indices must be integers, not 'str'
snd-err

2026-03-09 14:19:29
None
del

2026-03-09 14:19:30
string indices must be integers, not 'str'
snd-err

2026-03-09 14:19:32
string indices must be integers, not 'str'
snd-err

2026-03-09 14:19:32
{'callback': {'timestamp': 1772735279518, 'callback_id': 'f9LHodD0cOIVpe_2L5g6n21OkW8UMutpAINftCWCX8nPtLlSGw4l-9AyQWfpWeWE9nHK2Bml3Ro80thIvH0Pi9N9UobBrIPizycZOSkGofSvka4osqov', 'user': {'user_id': 23645861, 'first_name': 'Дмитрий', 'last_name': 'Марков', 'is_bot': False, 'last_activity_time': 1773055156000, 'name': 'Дмитрий Марков'}, 'payload': 'CancelCurrentOperation'}, 'message': {'recipient': {'chat_id': 233194361, 'chat_type': 'dialog', 'user_id': 23645861}, 'timestamp': 1772735277338, 'body': {'mid': 'mid.000000000de64379019cbf41a91a304d', 'seq': 116177979135635533, 'text': 'Введите код доступа: _ _ _ _', 'attachments': [{'callback_id': 'f9LHodD0cOIJzLUfjXUpJhnRurUjhG-ENUSRReOZLxLc4EF3Tsh7ED1UexjvagYxLwER2t-1o04mKXyi7baIG1xpgUZUPWGlEnATAn7pXa7Vo7dr_mBp', 'payload': {'buttons': [[{'payload': 'KBRD.7', 'text': '7', 'intent': 'default', 'type': 'callback'}, {'payload': 'KBRD.8', 'text': '8', 'intent': 'default', 'type': 'callback'}, {'payload': 'KBRD.9', 'text': '9', 'intent': 'default', 'type': 'callback'}], [{'payload': 'KBRD.4', 'text': '4', 'intent': 'default', 'type': 'callback'}, {'payload': 'KBRD.5', 'text': '5', 'intent': 'default', 'type': 'callback'}, {'payload': 'KBRD.6', 'text': '6', 'intent': 'default', 'type': 'callback'}], [{'payload': 'KBRD.3', 'text': '3', 'intent': 'default', 'type': 'callback'}, {'payload': 'KBRD.2', 'text': '2', 'intent': 'default', 'type': 'callback'}, {'payload': 'KBRD.1', 'text': '1', 'intent': 'default', 'type': 'callback'}], [{'payload': 'KBRD.0', 'text': '0', 'intent': 'default', 'type': 'callback'}, {'payload': 'KBRD.Cancel', 'text': 'Сброс', 'intent': 'default', 'type': 'callback'}], [{'payload': 'RecoveryAuthorization', 'text': 'Восстановление доступа', 'intent': 'default', 'type': 'callback'}], [{'payload': 'CancelCurrentOperation', 'text': 'Прервать операцию', 'intent': 'default', 'type': 'callback'}]]}, 'type': 'inline_keyboard'}], 'markup': [{'from': 20, 'length': 8, 'type': 'strong'}]}, 'sender': {'user_id': 210669020, 'first_name': 'DASHA_TOKEN_BOT', 'username': 'id575104156000_bot', 'is_bot': True, 'last_activity_time': 1773055162366, 'name': 'DASHA_TOKEN_BOT'}}, 'timestamp': 1772735279518, 'user_locale': 'ru', 'update_type': 'message_callback'}
clb

2026-03-09 14:19:33
string indices must be integers, not 'str'
snd-err

2026-03-09 14:19:34
None
del

2026-03-09 14:19:35
string indices must be integers, not 'str'
snd-err

2026-03-09 14:19:35
{'callback': {'timestamp': 1772735313804, 'callback_id': 'f9LHodD0cOIiB9L4xiuKVoWTvuVnUp0RJJG4jzfo_txszqW611WeXNqkDh03TVuBBFzPyR7cz0JuxGMA9TXJL6f--XXWTF1TlNWm9fXwDeZdpdgj8kWI', 'user': {'user_id': 23645861, 'first_name': 'Дмитрий', 'last_name': 'Марков', 'is_bot': False, 'last_activity_time': 1773055156000, 'name': 'Дмитрий Марков'}, 'payload': 'Authorization'}, 'message': {'recipient': {'chat_id': 233194361, 'chat_type': 'dialog', 'user_id': 23645861}, 'timestamp': 1772735287165, 'body': {'mid': 'mid.000000000de64379019cbf41cf7d2aca', 'seq': 116177979779656394, 'text': 'Текст для RequiredAuthorization не найден', 'attachments': [{'callback_id': 'f9LHodD0cOLirFg0pIGNGdYLUM5eNnrIhAPcsBSOjs0nzdCACh6EAvQTiTzhENzUTeyYfw0H11FFuLEDNephFRS9TLMbsK6kpw14y4DDIaKIALzEctWI', 'payload': {'buttons': [[{'payload': 'Authorization', 'text': 'Авторизоваться', 'intent': 'default', 'type': 'callback'}]]}, 'type': 'inline_keyboard'}], 'markup': [{'from': 10, 'length': 21, 'type': 'strong'}]}, 'sender': {'user_id': 210669020, 'first_name': 'DASHA_TOKEN_BOT', 'username': 'id575104156000_bot', 'is_bot': True, 'last_activity_time': 1773055162369, 'name': 'DASHA_TOKEN_BOT'}}, 'timestamp': 1772735313804, 'user_locale': 'ru', 'update_type': 'message_callback'}
clb

2026-03-09 14:19:36
string indices must be integers, not 'str'
snd-err

2026-03-09 14:19:36
None
del

2026-03-09 14:19:37
string indices must be integers, not 'str'
snd-err

2026-03-09 14:19:39
string indices must be integers, not 'str'
snd-err

2026-03-09 14:19:39
{'callback': {'timestamp': 1772735320770, 'callback_id': 'f9LHodD0cOLtTigoik1zmMMWFwcVz96cXqIl6VTg1AlZxABIfzBjvoNmgwPMMRwghA_Zpp4_YJbKI1HEohbFKo-UF_fzh8jwUaQsro5RggRjU_DOPlB2', 'user': {'user_id': 23645861, 'first_name': 'Дмитрий', 'last_name': 'Марков', 'is_bot': False, 'last_activity_time': 1773055156000, 'name': 'Дмитрий Марков'}, 'payload': 'KBRD.0'}, 'message': {'recipient': {'chat_id': 233194361, 'chat_type': 'dialog', 'user_id': 23645861}, 'timestamp': 1772735316274, 'body': {'mid': 'mid.000000000de64379019cbf424132547f', 'seq': 116177981687354495, 'text': 'Введите код доступа: * * * *', 'attachments': [{'callback_id': 'f9LHodD0cOI1ngPMn4zpgnr1v7DBwF4FcITiQ3nUJr_vRIW-QHoiehs4kjQTcqK06T0ParqMFNgd2Rufw4ewCu5PWaQLiyKyMCsFwKEkci53beuIYY6I', 'payload': {'buttons': [[{'payload': 'KBRD.7', 'text': '7', 'intent': 'default', 'type': 'callback'}, {'payload': 'KBRD.8', 'text': '8', 'intent': 'default', 'type': 'callback'}, {'payload': 'KBRD.9', 'text': '9', 'intent': 'default', 'type': 'callback'}], [{'payload': 'KBRD.4', 'text': '4', 'intent': 'default', 'type': 'callback'}, {'payload': 'KBRD.5', 'text': '5', 'intent': 'default', 'type': 'callback'}, {'payload': 'KBRD.6', 'text': '6', 'intent': 'default', 'type': 'callback'}], [{'payload': 'KBRD.3', 'text': '3', 'intent': 'default', 'type': 'callback'}, {'payload': 'KBRD.2', 'text': '2', 'intent': 'default', 'type': 'callback'}, {'payload': 'KBRD.1', 'text': '1', 'intent': 'default', 'type': 'callback'}], [{'payload': 'KBRD.0', 'text': '0', 'intent': 'default', 'type': 'callback'}, {'payload': 'KBRD.Cancel', 'text': 'Сброс', 'intent': 'default', 'type': 'callback'}], [{'payload': 'RecoveryAuthorization', 'text': 'Восстановление доступа', 'intent': 'default', 'type': 'callback'}], [{'payload': 'CancelCurrentOperation', 'text': 'Прервать операцию', 'intent': 'default', 'type': 'callback'}]]}, 'type': 'inline_keyboard'}], 'markup': [{'from': 20, 'length': 8, 'type': 'strong'}]}, 'sender': {'user_id': 210669020, 'first_name': 'DASHA_TOKEN_BOT', 'username': 'id575104156000_bot', 'is_bot': True, 'last_activity_time': 1773055162371, 'name': 'DASHA_TOKEN_BOT'}}, 'timestamp': 1772735320770, 'user_locale': 'ru', 'update_type': 'message_callback'}
clb

2026-03-09 14:19:39
23645861
edt

2026-03-09 14:19:39
{'callback': {'timestamp': 1772735322577, 'callback_id': 'f9LHodD0cOLnu-ptxtGq_ps9634sFOmvHsGJaoQJAL_JwV2xPbWaJc5B3AQrhXhDD_L7muW7Pxy5AciMdTMlATuFOqqIujJMlD5ggDLQasNydqArZD_f', 'user': {'user_id': 23645861, 'first_name': 'Дмитрий', 'last_name': 'Марков', 'is_bot': False, 'last_activity_time': 1773055156000, 'name': 'Дмитрий Марков'}, 'payload': 'KBRD.0'}, 'message': {'recipient': {'chat_id': 233194361, 'chat_type': 'dialog', 'user_id': 23645861}, 'timestamp': 1772735316274, 'body': {'mid': 'mid.000000000de64379019cbf424132547f', 'seq': 116177981687354495, 'text': 'Введите код доступа: * * * *', 'attachments': [{'callback_id': 'f9LHodD0cOKHZm01qb-_ezFYFts1dkfyxCh6ZwhdXWOpjtNtw8f3FZZqt908yRgMpCfoj9h8kWGsEputUL13UW_4cmbvURbGgxEyCP-hm3U2gvu4Jufo', 'payload': {'buttons': [[{'payload': 'KBRD.7', 'text': '7', 'intent': 'default', 'type': 'callback'}, {'payload': 'KBRD.8', 'text': '8', 'intent': 'default', 'type': 'callback'}, {'payload': 'KBRD.9', 'text': '9', 'intent': 'default', 'type': 'callback'}], [{'payload': 'KBRD.4', 'text': '4', 'intent': 'default', 'type': 'callback'}, {'payload': 'KBRD.5', 'text': '5', 'intent': 'default', 'type': 'callback'}, {'payload': 'KBRD.6', 'text': '6', 'intent': 'default', 'type': 'callback'}], [{'payload': 'KBRD.3', 'text': '3', 'intent': 'default', 'type': 'callback'}, {'payload': 'KBRD.2', 'text': '2', 'intent': 'default', 'type': 'callback'}, {'payload': 'KBRD.1', 'text': '1', 'intent': 'default', 'type': 'callback'}], [{'payload': 'KBRD.0', 'text': '0', 'intent': 'default', 'type': 'callback'}, {'payload': 'KBRD.Cancel', 'text': 'Сброс', 'intent': 'default', 'type': 'callback'}], [{'payload': 'RecoveryAuthorization', 'text': 'Восстановление доступа', 'intent': 'default', 'type': 'callback'}], [{'payload': 'CancelCurrentOperation', 'text': 'Прервать операцию', 'intent': 'default', 'type': 'callback'}]]}, 'type': 'inline_keyboard'}], 'markup': [{'from': 20, 'length': 8, 'type': 'strong'}]}, 'sender': {'user_id': 210669020, 'first_name': 'DASHA_TOKEN_BOT', 'username': 'id575104156000_bot', 'is_bot': True, 'last_activity_time': 1773055162373, 'name': 'DASHA_TOKEN_BOT'}}, 'timestamp': 1772735322577, 'user_locale': 'ru', 'update_type': 'message_callback'}
clb

2026-03-09 14:19:40
23645861
edt

2026-03-09 14:19:40
{'callback': {'timestamp': 1772735324165, 'callback_id': 'f9LHodD0cOLbM50SS1QOICd9eMDHNWlS-AoTrzShokPeTIFioE8JIjwDNeU1xKYrmv9Y-GlwOv5WE225V86J9xnMU49E2wrT9mK5Ev_0fKsKlKe0rJ4Z', 'user': {'user_id': 23645861, 'first_name': 'Дмитрий', 'last_name': 'Марков', 'is_bot': False, 'last_activity_time': 1773055156000, 'name': 'Дмитрий Марков'}, 'payload': 'KBRD.0'}, 'message': {'recipient': {'chat_id': 233194361, 'chat_type': 'dialog', 'user_id': 23645861}, 'timestamp': 1772735316274, 'body': {'mid': 'mid.000000000de64379019cbf424132547f', 'seq': 116177981687354495, 'text': 'Введите код доступа: * * * *', 'attachments': [{'callback_id': 'f9LHodD0cOKlOtPsyCfERulgHPN5LEN5uoXykGltivoz-frNo8QhY_YJZf6GgvAMdHPmpwh4Xw4BZzu1HsTRezieYmydHx83Fkq49EE45vhkXucosLIl', 'payload': {'buttons': [[{'payload': 'KBRD.7', 'text': '7', 'intent': 'default', 'type': 'callback'}, {'payload': 'KBRD.8', 'text': '8', 'intent': 'default', 'type': 'callback'}, {'payload': 'KBRD.9', 'text': '9', 'intent': 'default', 'type': 'callback'}], [{'payload': 'KBRD.4', 'text': '4', 'intent': 'default', 'type': 'callback'}, {'payload': 'KBRD.5', 'text': '5', 'intent': 'default', 'type': 'callback'}, {'payload': 'KBRD.6', 'text': '6', 'intent': 'default', 'type': 'callback'}], [{'payload': 'KBRD.3', 'text': '3', 'intent': 'default', 'type': 'callback'}, {'payload': 'KBRD.2', 'text': '2', 'intent': 'default', 'type': 'callback'}, {'payload': 'KBRD.1', 'text': '1', 'intent': 'default', 'type': 'callback'}], [{'payload': 'KBRD.0', 'text': '0', 'intent': 'default', 'type': 'callback'}, {'payload': 'KBRD.Cancel', 'text': 'Сброс', 'intent': 'default', 'type': 'callback'}], [{'payload': 'RecoveryAuthorization', 'text': 'Восстановление доступа', 'intent': 'default', 'type': 'callback'}], [{'payload': 'CancelCurrentOperation', 'text': 'Прервать операцию', 'intent': 'default', 'type': 'callback'}]]}, 'type': 'inline_keyboard'}], 'markup': [{'from': 20, 'length': 8, 'type': 'strong'}]}, 'sender': {'user_id': 210669020, 'first_name': 'DASHA_TOKEN_BOT', 'username': 'id575104156000_bot', 'is_bot': True, 'last_activity_time': 1773055162375, 'name': 'DASHA_TOKEN_BOT'}}, 'timestamp': 1772735324165, 'user_locale': 'ru', 'update_type': 'message_callback'}
clb

2026-03-09 14:19:41
23645861
edt

2026-03-09 14:19:42
{'callback': {'timestamp': 1772735326193, 'callback_id': 'f9LHodD0cOLohBXqQUnb-SPIWPDkG4nmdCUMGTpCuKv2IO2Gkel8EZo7O2azlKv4-FeX2l-murd_-9n73YioxzFjcM8G9pQz0EMXU0Zxt8HH8ZKWEEZ1', 'user': {'user_id': 23645861, 'first_name': 'Дмитрий', 'last_name': 'Марков', 'is_bot': False, 'last_activity_time': 1773055181000, 'name': 'Дмитрий Марков'}, 'payload': 'KBRD.0'}, 'message': {'recipient': {'chat_id': 233194361, 'chat_type': 'dialog', 'user_id': 23645861}, 'timestamp': 1772735316274, 'body': {'mid': 'mid.000000000de64379019cbf424132547f', 'seq': 116177981687354495, 'text': 'Введите код доступа: * * * *', 'attachments': [{'callback_id': 'f9LHodD0cOKrVYy1lB7BgO-_qtsdMu9GgAEfCo7Pvxtj_t7g0ThPvzZthjJH2HoUWgRsrjEr-GUsdaNXBOn-tjgmwR2F1tD10n-OXhJUY0YOt4ZVYpN8', 'payload': {'buttons': [[{'payload': 'KBRD.7', 'text': '7', 'intent': 'default', 'type': 'callback'}, {'payload': 'KBRD.8', 'text': '8', 'intent': 'default', 'type': 'callback'}, {'payload': 'KBRD.9', 'text': '9', 'intent': 'default', 'type': 'callback'}], [{'payload': 'KBRD.4', 'text': '4', 'intent': 'default', 'type': 'callback'}, {'payload': 'KBRD.5', 'text': '5', 'intent': 'default', 'type': 'callback'}, {'payload': 'KBRD.6', 'text': '6', 'intent': 'default', 'type': 'callback'}], [{'payload': 'KBRD.3', 'text': '3', 'intent': 'default', 'type': 'callback'}, {'payload': 'KBRD.2', 'text': '2', 'intent': 'default', 'type': 'callback'}, {'payload': 'KBRD.1', 'text': '1', 'intent': 'default', 'type': 'callback'}], [{'payload': 'KBRD.0', 'text': '0', 'intent': 'default', 'type': 'callback'}, {'payload': 'KBRD.Cancel', 'text': 'Сброс', 'intent': 'default', 'type': 'callback'}], [{'payload': 'RecoveryAuthorization', 'text': 'Восстановление доступа', 'intent': 'default', 'type': 'callback'}], [{'payload': 'CancelCurrentOperation', 'text': 'Прервать операцию', 'intent': 'default', 'type': 'callback'}]]}, 'type': 'inline_keyboard'}], 'markup': [{'from': 20, 'length': 8, 'type': 'strong'}]}, 'sender': {'user_id': 210669020, 'first_name': 'DASHA_TOKEN_BOT', 'username': 'id575104156000_bot', 'is_bot': True, 'last_activity_time': 1773055183049, 'name': 'DASHA_TOKEN_BOT'}}, 'timestamp': 1772735326193, 'user_locale': 'ru', 'update_type': 'message_callback'}
clb

2026-03-09 14:19:43
23645861
edt

2026-03-09 14:19:44
string indices must be integers, not 'str'
snd-err

2026-03-09 14:19:44
None
del

2026-03-09 14:19:45
string indices must be integers, not 'str'
snd-err

2026-03-09 14:19:46
string indices must be integers, not 'str'
snd-err

2026-03-09 14:19:46
{'callback': {'timestamp': 1772735343968, 'callback_id': 'f9LHodD0cOI0WJ0M1G_jYfAngho8lv99hlKkI03nbHob9Vo_m46Pgnhy9NgVAnSLa36Broe9w8tuwP_E-YHBaKvwk27pM80Ipyw1v75ZAOx1AiEJI3AG', 'user': {'user_id': 23645861, 'first_name': 'Дмитрий', 'last_name': 'Марков', 'is_bot': False, 'last_activity_time': 1773055181000, 'name': 'Дмитрий Марков'}, 'payload': 'GetNewToken'}, 'message': {'recipient': {'chat_id': 233194361, 'chat_type': 'dialog', 'user_id': 23645861}, 'timestamp': 1772735329768, 'body': {'mid': 'mid.000000000de64379019cbf4275e8469e', 'seq': 116177982571693726, 'text': 'Выберите команду меню Бота или получите Новый токен.', 'attachments': [{'callback_id': 'f9LHodD0cOLLzG6ykyNwKIqLQghl1lFMPAnc_d4dQ7BMu8kjUmilTHrT6WoCpNALwy6JytidxqF09ERn674GI359a7P1D46QKujHysBDVCn6x4NrPhvg', 'payload': {'buttons': [[{'payload': 'MainMenu', 'text': 'Главное меню', 'intent': 'default', 'type': 'callback'}], [{'payload': 'GetNewToken', 'text': 'Новый токен', 'intent': 'default', 'type': 'callback'}]]}, 'type': 'inline_keyboard'}], 'markup': [{'from': 40, 'length': 11, 'type': 'strong'}]}, 'sender': {'user_id': 210669020, 'first_name': 'DASHA_TOKEN_BOT', 'username': 'id575104156000_bot', 'is_bot': True, 'last_activity_time': 1773055183052, 'name': 'DASHA_TOKEN_BOT'}}, 'timestamp': 1772735343968, 'user_locale': 'ru', 'update_type': 'message_callback'}
clb

2026-03-09 14:19:47
string indices must be integers, not 'str'
snd-err

2026-03-09 14:19:48
None
del

2026-03-09 14:19:49
string indices must be integers, not 'str'
snd-err

2026-03-09 14:19:50
string indices must be integers, not 'str'
snd-err

2026-03-09 14:19:51
{'callback': {'timestamp': 1772735473473, 'callback_id': 'f9LHodD0cOKTAdqdh3TTqpIFiXU3oWcvcMjp6ctlGczpJipAkYgQoJSD-AB9MQX2-EWBmqHv5xsjI765pxsJuQGCFwd4_F8CxwSbdaWhboCXM7aBgEG0', 'user': {'user_id': 23645861, 'first_name': 'Дмитрий', 'last_name': 'Марков', 'is_bot': False, 'last_activity_time': 1773055181000, 'name': 'Дмитрий Марков'}, 'payload': 'MainMenu'}, 'message': {'recipient': {'chat_id': 233194361, 'chat_type': 'dialog', 'user_id': 23645861}, 'timestamp': 1772735380167, 'body': {'mid': 'mid.000000000de64379019cbf433ac70ed2', 'seq': 116177985874628306, 'text': 'Истек срок действия токена 181142.', 'markup': [{'from': 27, 'length': 6, 'type': 'strikethrough'}]}, 'sender': {'user_id': 210669020, 'first_name': 'DASHA_TOKEN_BOT', 'username': 'id575104156000_bot', 'is_bot': True, 'last_activity_time': 1773055192536, 'name': 'DASHA_TOKEN_BOT'}}, 'timestamp': 1772735473473, 'user_locale': 'ru', 'update_type': 'message_callback'}
clb

2026-03-09 14:19:52
string indices must be integers, not 'str'
snd-err

2026-03-09 14:19:59
string indices must be integers, not 'str'
snd-err

2026-03-09 14:19:59
{'callback': {'timestamp': 1772735477801, 'callback_id': 'f9LHodD0cOJYuUzmrabcoqCnEJkBq8lc7CgkFiiK_kqvp9TyC1ORr6H8x-Md1mJOy7Qa5ZUDuoLw7cnndlP9DhCKHgLqcUlmmyh7LA3V6w6W3nQN-Hc_', 'user': {'user_id': 23645861, 'first_name': 'Дмитрий', 'last_name': 'Марков', 'is_bot': False, 'last_activity_time': 1773055181000, 'name': 'Дмитрий Марков'}, 'payload': 'MenuDeleteUser'}, 'message': {'recipient': {'chat_id': 233194361, 'chat_type': 'dialog', 'user_id': 23645861}, 'timestamp': 1772735475474, 'body': {'mid': 'mid.000000000de64379019cbf44af127a9b', 'seq': 116177992120695451, 'text': 'Выберите команду меню Бота или получите Новый токен.', 'attachments': [{'callback_id': 'f9LHodD0cOKwklNaBxaPez2ARD65XgqQ-F02SyqhTgol5BeV0oIpEzC7PeF32KOl8NHWHicOixcoIq01KkJTLSk1Wml3YiMARgV6RtbG14w1bzvTLjCe', 'payload': {'buttons': [[{'payload': 'MenuAuth', 'text': 'Изменить доступ', 'intent': 'default', 'type': 'callback'}, {'payload': 'MenuAbout', 'text': 'О сервисе', 'intent': 'default', 'type': 'callback'}], [{'payload': 'MenuDeleteChat', 'text': 'Удалить чат из сервиса', 'intent': 'default', 'type': 'callback'}], [{'payload': 'MenuDeleteUser', 'text': 'Отказаться от использования сервиса', 'intent': 'default', 'type': 'callback'}], [{'payload': 'GetNewToken', 'text': 'Новый токен', 'intent': 'default', 'type': 'callback'}, {'payload': 'MenuExit', 'text': 'Выход из меню', 'intent': 'default', 'type': 'callback'}]]}, 'type': 'inline_keyboard'}], 'markup': [{'from': 40, 'length': 11, 'type': 'strong'}]}, 'sender': {'user_id': 210669020, 'first_name': 'DASHA_TOKEN_BOT', 'username': 'id575104156000_bot', 'is_bot': True, 'last_activity_time': 1773055192538, 'name': 'DASHA_TOKEN_BOT'}}, 'timestamp': 1772735477801, 'user_locale': 'ru', 'update_type': 'message_callback'}
clb

2026-03-09 14:20:00
string indices must be integers, not 'str'
snd-err

2026-03-09 14:20:01
string indices must be integers, not 'str'
snd-err

2026-03-09 14:20:01
{'callback': {'timestamp': 1772735488523, 'callback_id': 'f9LHodD0cOLjJFiKXtCK4u9i-b1t59SGMs--07w5yHmxRc06MM1k30TYYrYD7zk3xTFdnY8NCJOuTMxIoG-xk9OQXiWQgPpFL0Pet7DmKA1_2sMPrNIZ', 'user': {'user_id': 23645861, 'first_name': 'Дмитрий', 'last_name': 'Марков', 'is_bot': False, 'last_activity_time': 1773055181000, 'name': 'Дмитрий Марков'}, 'payload': 'MenuDelUserYes'}, 'message': {'recipient': {'chat_id': 233194361, 'chat_type': 'dialog', 'user_id': 23645861}, 'timestamp': 1772735480836, 'body': {'mid': 'mid.000000000de64379019cbf44c4046c33', 'seq': 116177992472095795, 'text': 'Текст для MenuDelUserQuestion не найден', 'attachments': [{'callback_id': 'f9LHodD0cOILSBvxRH7gk-Iz_8s7ACHzIpaiEX39dwRyxfdX24k6ceigV5dND9Y2PsDC6rqLUR3oIpzDSLDvml1FoCxp5nwkSgqooZc-nSo7EERDYICQ', 'payload': {'buttons': [[{'payload': 'MenuDelUserYes', 'text': 'ДА - отказаться от сервиса', 'intent': 'default', 'type': 'callback'}], [{'payload': 'MenuDelUserNo', 'text': 'НЕТ - остаться в сервисе', 'intent': 'default', 'type': 'callback'}]]}, 'type': 'inline_keyboard'}], 'markup': [{'from': 10, 'length': 19, 'type': 'strong'}]}, 'sender': {'user_id': 210669020, 'first_name': 'DASHA_TOKEN_BOT', 'username': 'id575104156000_bot', 'is_bot': True, 'last_activity_time': 1773055192540, 'name': 'DASHA_TOKEN_BOT'}}, 'timestamp': 1772735488523, 'user_locale': 'ru', 'update_type': 'message_callback'}
clb

2026-03-09 14:20:02
string indices must be integers, not 'str'
snd-err

2026-03-09 14:20:03
None
del

2026-03-09 14:20:04
None
del

2026-03-09 14:20:05
None
del

2026-03-09 14:20:05
None
del

2026-03-09 14:20:08
{'message': {'recipient': {'chat_id': 233194361, 'chat_type': 'dialog', 'user_id': 210669020}, 'timestamp': 1772736552230, 'body': {'mid': 'mid.000000000de64379019cbf551d26000f', 'seq': 116178062686945295, 'text': 'Привет'}, 'sender': {'user_id': 23645861, 'first_name': 'Дмитрий', 'last_name': 'Марков', 'is_bot': False, 'last_activity_time': 1773055181000, 'name': 'Дмитрий Марков'}}, 'timestamp': 1772736552230, 'user_locale': 'ru', 'update_type': 'message_created'}
txt

2026-03-09 14:20:09
string indices must be integers, not 'str'
snd-err

2026-03-09 14:20:10
mid.000000000de64379019cbf551d26000f
del

2026-03-09 14:20:11
string indices must be integers, not 'str'
snd-err

2026-03-09 14:20:12
{'callback': {'timestamp': 1772736714893, 'callback_id': 'f9LHodD0cOKRBCxs7sm_5jxhGLHBiO0pNLgKLAqFsAgr_TBSXjtXYHYeZiDz5nmBcZN90KHGEZUFevXkKOhPDZcNi_h6iqovaQpDrW4ve6oywj9n0haV', 'user': {'user_id': 23645861, 'first_name': 'Дмитрий', 'last_name': 'Марков', 'is_bot': False, 'last_activity_time': 1773055181000, 'name': 'Дмитрий Марков'}, 'payload': 'Registration'}, 'message': {'recipient': {'chat_id': 233194361, 'chat_type': 'dialog', 'user_id': 23645861}, 'timestamp': 1772736564729, 'body': {'mid': 'mid.000000000de64379019cbf554df96876', 'seq': 116178063506106486, 'text': 'Текст для RequiredRegistration не найден', 'attachments': [{'callback_id': 'f9LHodD0cOJev6Q1Xy1n01Cnt-Ss2ZFvXbTGazgPsLG2HqTwO3YJUGPjlTUEUqWKyR-b4pXUKsXPwZiqi4SAQSQVbIr7cq62VlXES_IfG_F9iOwviKU-', 'payload': {'buttons': [[{'payload': 'Registration', 'text': 'Регистрация', 'intent': 'default', 'type': 'callback'}]]}, 'type': 'inline_keyboard'}], 'markup': [{'from': 10, 'length': 20, 'type': 'strong'}]}, 'sender': {'user_id': 210669020, 'first_name': 'DASHA_TOKEN_BOT', 'username': 'id575104156000_bot', 'is_bot': True, 'last_activity_time': 1773055212908, 'name': 'DASHA_TOKEN_BOT'}}, 'timestamp': 1772736714893, 'user_locale': 'ru', 'update_type': 'message_callback'}
clb

2026-03-09 14:20:12
string indices must be integers, not 'str'
snd-err

2026-03-09 14:20:13
None
del

2026-03-09 14:20:14
string indices must be integers, not 'str'
snd-err

2026-03-09 14:20:16
string indices must be integers, not 'str'
snd-err

2026-03-09 14:20:17
{'callback': {'timestamp': 1772738391146, 'callback_id': 'f9LHodD0cOIRFxdCo4pXlNAIRv8gVXdP8a_Jr5mdjywAxMgHYKKWs74wsfhRlHVpXM9guLYxnBKCi-WxxgJ6zpu_ey0ZO7IzE18kjqkT0Aybg-25udpf', 'user': {'user_id': 23645861, 'first_name': 'Дмитрий', 'last_name': 'Марков', 'is_bot': False, 'last_activity_time': 1773055181000, 'name': 'Дмитрий Марков'}, 'payload': 'CancelRegistration'}, 'message': {'recipient': {'chat_id': 233194361, 'chat_type': 'dialog', 'user_id': 23645861}, 'timestamp': 1772736718841, 'body': {'mid': 'mid.000000000de64379019cbf57a7f97093', 'seq': 116178073605992595, 'text': 'Для регистрации необходимо передать боту Ваш контакт. В дальнейшем Вы сможете авторизоваться с помощью номера телефона. Бот не будет пользоваться Вашим номером телефона кроме как для авторизации запросов внешних респондентов', 'attachments': [{'callback_id': 'f9LHodD0cOL1k2TH5yKYbww6a5twNLbuJdmh2U0O9l58-Y28ZbV_5xWC95TzmZVLeJvFl_D6XiBnShBAnxXAiajyhG5pjfEOrIGtR5m0whJf1YLSWxK5', 'payload': {'buttons': [[{'text': 'Отправить контакт', 'type': 'request_contact'}], [{'payload': 'CancelRegistration', 'text': 'Отменить регистрацию', 'intent': 'default', 'type': 'callback'}]]}, 'type': 'inline_keyboard'}]}, 'sender': {'user_id': 210669020, 'first_name': 'DASHA_TOKEN_BOT', 'username': 'id575104156000_bot', 'is_bot': True, 'last_activity_time': 1773055218179, 'name': 'DASHA_TOKEN_BOT'}}, 'timestamp': 1772738391146, 'user_locale': 'ru', 'update_type': 'message_callback'}
clb

2026-03-09 14:20:18
string indices must be integers, not 'str'
snd-err

2026-03-09 14:20:19
None
del

2026-03-09 14:20:20
string indices must be integers, not 'str'
snd-err

2026-03-09 14:20:21
{'callback': {'timestamp': 1772738430971, 'callback_id': 'f9LHodD0cOJWfeLcU4SmaRJ1_BuUpJZJ7Pkwza9wnMtFVoMidN8aw1LkrXONSvk3NILXiBh7nwNtMII9x_KWnEvCSnYD0PJUudWBDQ2cLd4wcd95w7aw', 'user': {'user_id': 23645861, 'first_name': 'Дмитрий', 'last_name': 'Марков', 'is_bot': False, 'last_activity_time': 1773055181000, 'name': 'Дмитрий Марков'}, 'payload': 'Registration'}, 'message': {'recipient': {'chat_id': 233194361, 'chat_type': 'dialog', 'user_id': 23645861}, 'timestamp': 1772738393567, 'body': {'mid': 'mid.000000000de64379019cbf7135df4d79', 'seq': 116178183360826745, 'text': 'Текст для RequiredRegistration не найден', 'attachments': [{'callback_id': 'f9LHodD0cOI6MlTqZ44SXWhmQwOUTo_-WL5ti2giCmL1Y4NlzXtnM1HGsQNO8VorBAXqUzpua-arFYiNf5ALEgQNOgcZS_XHLTmpyg_HL4W-tZN5q5xt', 'payload': {'buttons': [[{'payload': 'Registration', 'text': 'Регистрация', 'intent': 'default', 'type': 'callback'}]]}, 'type': 'inline_keyboard'}], 'markup': [{'from': 10, 'length': 20, 'type': 'strong'}]}, 'sender': {'user_id': 210669020, 'first_name': 'DASHA_TOKEN_BOT', 'username': 'id575104156000_bot', 'is_bot': True, 'last_activity_time': 1773055222355, 'name': 'DASHA_TOKEN_BOT'}}, 'timestamp': 1772738430971, 'user_locale': 'ru', 'update_type': 'message_callback'}
clb

2026-03-09 14:20:21
None
del

2026-03-09 14:20:22
string indices must be integers, not 'str'
snd-err

2026-03-09 14:20:22
string indices must be integers, not 'str'
snd-err

2026-03-09 14:20:23
None
del

2026-03-09 14:20:24
string indices must be integers, not 'str'
snd-err

2026-03-09 14:20:25
string indices must be integers, not 'str'
snd-err

2026-03-09 14:20:25
{'message': {'recipient': {'chat_id': 233194361, 'chat_type': 'dialog', 'user_id': 210669020}, 'timestamp': 1772738437450, 'body': {'mid': 'mid.000000000de64379019cbf71e14a2a73', 'seq': 116178186236734067, 'text': '', 'attachments': [{'payload': {'vcf_info': 'BEGIN:VCARD\r\nVERSION:3.0\r\nPRODID:ez-vcard 0.10.3\r\nTEL;TYPE=cell:79175560062\r\nFN:Дмитрий Марков\r\nEND:VCARD\r\n', 'max_info': {'user_id': 23645861, 'first_name': 'Дмитрий', 'last_name': 'Марков', 'is_bot': False, 'last_activity_time': 1773055181000, 'name': 'Дмитрий Марков'}}, 'type': 'contact'}]}, 'sender': {'user_id': 23645861, 'first_name': 'Дмитрий', 'last_name': 'Марков', 'is_bot': False, 'last_activity_time': 1773055181000, 'name': 'Дмитрий Марков'}}, 'timestamp': 1772738437450, 'user_locale': 'ru', 'update_type': 'message_created'}
txt

2026-03-09 14:20:26
string indices must be integers, not 'str'
snd-err

2026-03-09 14:20:27
mid.000000000de64379019cbf71e14a2a73
del

2026-03-09 14:20:29
string indices must be integers, not 'str'
snd-err

2026-03-09 14:20:29
{'callback': {'timestamp': 1772738477200, 'callback_id': 'f9LHodD0cOLACmwQ6UFtOVCKJ2i4Pub6iYGM11T8LzgcAFFILgjgMRyQkAyI-1i4eUlQxw0ORynBSGZ2z0PNarCFMd75zb02MuuUziZHjH8FlHrSZjn6', 'user': {'user_id': 23645861, 'first_name': 'Дмитрий', 'last_name': 'Марков', 'is_bot': False, 'last_activity_time': 1773055181000, 'name': 'Дмитрий Марков'}, 'payload': 'CancelCurrentOperation'}, 'message': {'recipient': {'chat_id': 233194361, 'chat_type': 'dialog', 'user_id': 23645861}, 'timestamp': 1772738441401, 'body': {'mid': 'mid.000000000de64379019cbf71f0b95a04', 'seq': 116178186495678980, 'text': 'Текст для Recovery.Bot не найден', 'attachments': [{'callback_id': 'f9LHodD0cOJM7r4CvkTSdiOoNm4yN_g-0GF82S5T9So-Vlb_z5s1Jiy4taDGYkjdVtvxfffGCFkluhy6_NfLsgY4rAnlzT2XLR0eydRqU8kXXu9MyV4-', 'payload': {'buttons': [[{'payload': 'CancelCurrentOperation', 'text': 'Прервать операцию', 'intent': 'default', 'type': 'callback'}]]}, 'type': 'inline_keyboard'}], 'markup': [{'from': 10, 'length': 12, 'type': 'strong'}]}, 'sender': {'user_id': 210669020, 'first_name': 'DASHA_TOKEN_BOT', 'username': 'id575104156000_bot', 'is_bot': True, 'last_activity_time': 1773055222356, 'name': 'DASHA_TOKEN_BOT'}}, 'timestamp': 1772738477200, 'user_locale': 'ru', 'update_type': 'message_callback'}
clb

2026-03-09 14:20:29
string indices must be integers, not 'str'
snd-err

2026-03-09 14:20:30
None
del

2026-03-09 14:20:31
string indices must be integers, not 'str'
snd-err

2026-03-09 14:20:32
{'callback': {'timestamp': 1772739085140, 'callback_id': 'f9LHodD0cOLjwex54ZCeOTs34I-MKucsQEQwMiezhDUsmON5Zl1xs3o3PE7v6GFSJ4QsbJNhtvRvG-QSOHiDcwt-Yad87nSZOTgf1OWhKn861w_eR0yJ', 'user': {'user_id': 23645861, 'first_name': 'Дмитрий', 'last_name': 'Марков', 'is_bot': False, 'last_activity_time': 1773055181000, 'name': 'Дмитрий Марков'}, 'payload': 'Registration'}, 'message': {'recipient': {'chat_id': 233194361, 'chat_type': 'dialog', 'user_id': 23645861}, 'timestamp': 1772738669363, 'body': {'mid': 'mid.000000000de64379019cbf756b33208b', 'seq': 116178201435381899, 'text': 'Превышено разрешенное время бездействия Бота.', 'attachments': [{'callback_id': 'f9LHodD0cOIJpee4vWW7a9efP6HZl39ZbkZgLnbNzb2RaxbNtwGbSe7kGOT1YpPg7yBxBQmm7szHftYCwQ3Hp5aatME0XWyw3TktPDjiF429o53ig8qm', 'payload': {'buttons': [[{'payload': 'Registration', 'text': 'Регистрация', 'intent': 'default', 'type': 'callback'}]]}, 'type': 'inline_keyboard'}], 'markup': [{'from': 40, 'length': 4, 'type': 'strong'}]}, 'sender': {'user_id': 210669020, 'first_name': 'DASHA_TOKEN_BOT', 'username': 'id575104156000_bot', 'is_bot': True, 'last_activity_time': 1773055233343, 'name': 'DASHA_TOKEN_BOT'}}, 'timestamp': 1772739085140, 'user_locale': 'ru', 'update_type': 'message_callback'}
clb

2026-03-09 14:20:33
string indices must be integers, not 'str'
snd-err

2026-03-09 14:20:34
None
del

2026-03-09 14:20:34
string indices must be integers, not 'str'
snd-err

2026-03-09 14:20:36
string indices must be integers, not 'str'
snd-err

2026-03-09 14:20:36
{'callback': {'timestamp': 1772739092348, 'callback_id': 'f9LHodD0cOKK2bWcVoC3-E_tWjAJj3O-xN9tP1mut2rmN5J30UvOWXDVLUPdpSKp_CXBZB4u5kuSYogHxwivQ_cqOa0ogYlaH-nwnTDk7EoJ6LiwGjMd', 'user': {'user_id': 23645861, 'first_name': 'Дмитрий', 'last_name': 'Марков', 'is_bot': False, 'last_activity_time': 1773055181000, 'name': 'Дмитрий Марков'}, 'payload': 'Registration'}, 'message': {'recipient': {'chat_id': 233194361, 'chat_type': 'dialog', 'user_id': 23645861}, 'timestamp': 1772739086275, 'body': {'mid': 'mid.000000000de64379019cbf7bc7c34557', 'seq': 116178228758136151, 'text': 'Текст для RequiredRegistration не найден', 'attachments': [{'callback_id': 'f9LHodD0cOI73sPPajg-O3GZhwZtCpExKT808OVFhBy5P2fGHCLks9P4yOjseXNIyEyuC_8qNAbWT46FIqE4shfMUdGocLCsuKRfNfdzywgnNMZdcZjS', 'payload': {'buttons': [[{'payload': 'Registration', 'text': 'Регистрация', 'intent': 'default', 'type': 'callback'}]]}, 'type': 'inline_keyboard'}], 'markup': [{'from': 10, 'length': 20, 'type': 'strong'}]}, 'sender': {'user_id': 210669020, 'first_name': 'DASHA_TOKEN_BOT', 'username': 'id575104156000_bot', 'is_bot': True, 'last_activity_time': 1773055233345, 'name': 'DASHA_TOKEN_BOT'}}, 'timestamp': 1772739092348, 'user_locale': 'ru', 'update_type': 'message_callback'}
clb

2026-03-09 14:20:37
string indices must be integers, not 'str'
snd-err

2026-03-09 14:20:38
None
del

2026-03-09 14:20:39
string indices must be integers, not 'str'
snd-err

2026-03-09 14:20:40
string indices must be integers, not 'str'
snd-err

2026-03-09 14:20:41
string indices must be integers, not 'str'
snd-err

2026-03-09 14:20:41
{'message': {'recipient': {'chat_id': 233194361, 'chat_type': 'dialog', 'user_id': 210669020}, 'timestamp': 1772739138746, 'body': {'mid': 'mid.000000000de64379019cbf7c94ba2a73', 'seq': 116178232196868723, 'text': '', 'attachments': [{'payload': {'vcf_info': 'BEGIN:VCARD\r\nVERSION:3.0\r\nPRODID:ez-vcard 0.10.3\r\nTEL;TYPE=cell:79175560062\r\nFN:Дмитрий Марков\r\nEND:VCARD\r\n', 'max_info': {'user_id': 23645861, 'first_name': 'Дмитрий', 'last_name': 'Марков', 'is_bot': False, 'last_activity_time': 1773055181000, 'name': 'Дмитрий Марков'}}, 'type': 'contact'}]}, 'sender': {'user_id': 23645861, 'first_name': 'Дмитрий', 'last_name': 'Марков', 'is_bot': False, 'last_activity_time': 1773055181000, 'name': 'Дмитрий Марков'}}, 'timestamp': 1772739138746, 'user_locale': 'ru', 'update_type': 'message_created'}
txt

2026-03-09 14:20:42
string indices must be integers, not 'str'
snd-err

2026-03-09 14:20:43
mid.000000000de64379019cbf7c94ba2a73
del

2026-03-09 14:20:44
string indices must be integers, not 'str'
snd-err

2026-03-09 14:20:45
{'callback': {'timestamp': 1772739295367, 'callback_id': 'f9LHodD0cOI2Ycowm4Yzmzo5YcmFeZ1CBjSs76OHp8WqPd4-xJPPLTMvdnJ_nDS56OpcGxQYUBgM0aRUL1NpnN4LMNIsH-aZEY3vCrZykLCm3V_UBhnI', 'user': {'user_id': 23645861, 'first_name': 'Дмитрий', 'last_name': 'Марков', 'is_bot': False, 'last_activity_time': 1773055181000, 'name': 'Дмитрий Марков'}, 'payload': 'CancelCurrentOperation'}, 'message': {'recipient': {'chat_id': 233194361, 'chat_type': 'dialog', 'user_id': 23645861}, 'timestamp': 1772739206689, 'body': {'mid': 'mid.000000000de64379019cbf7d9e213312', 'seq': 116178236649583378, 'text': 'Текст для Recovery.Bot не найден', 'attachments': [{'callback_id': 'f9LHodD0cOJ9TPLTYjM9EKlfCKH9p7n1lHdTsLs_J2hMVqC6ophiF8elBb5DSJh2VPkbvPxfDXPbS1Ig1tvX98kCOl1yoD-JELlBrr0FX_yEE9uQFmmP', 'payload': {'buttons': [[{'payload': 'CancelCurrentOperation', 'text': 'Прервать операцию', 'intent': 'default', 'type': 'callback'}]]}, 'type': 'inline_keyboard'}], 'markup': [{'from': 10, 'length': 12, 'type': 'strong'}]}, 'sender': {'user_id': 210669020, 'first_name': 'DASHA_TOKEN_BOT', 'username': 'id575104156000_bot', 'is_bot': True, 'last_activity_time': 1773055246304, 'name': 'DASHA_TOKEN_BOT'}}, 'timestamp': 1772739295367, 'user_locale': 'ru', 'update_type': 'message_callback'}
clb

2026-03-09 14:20:46
string indices must be integers, not 'str'
snd-err

2026-03-09 14:20:47
None
del

2026-03-09 14:20:48
string indices must be integers, not 'str'
snd-err

2026-03-09 14:20:48
{'callback': {'timestamp': 1772739329032, 'callback_id': 'f9LHodD0cOKzH7tTBjeOJeCvOXfa1Z5CG3AemTu0UGCZlOd3E9yMfH3E6r-BcdzF5VqjEHBYi_deGYl-w5AYdaiFoteDEua4Hu0Oo09uriWtnZHgOkNH', 'user': {'user_id': 23645861, 'first_name': 'Дмитрий', 'last_name': 'Марков', 'is_bot': False, 'last_activity_time': 1773055181000, 'name': 'Дмитрий Марков'}, 'payload': 'Registration'}, 'message': {'recipient': {'chat_id': 233194361, 'chat_type': 'dialog', 'user_id': 23645861}, 'timestamp': 1772739298009, 'body': {'mid': 'mid.000000000de64379019cbf7f02d9694e', 'seq': 116178242634344782, 'text': 'Текст для RequiredRegistration не найден', 'attachments': [{'callback_id': 'f9LHodD0cOIxT1iB-gojLp1oGgVSPFd5u3181xbW0ewXpQIbrG1-Gdbg-fbmjrun8eL2UPFYHMjhndn4B7Fg8o0kDK6HqHA_kwihXVLnfwHw6ioGdTxZ', 'payload': {'buttons': [[{'payload': 'Registration', 'text': 'Регистрация', 'intent': 'default', 'type': 'callback'}]]}, 'type': 'inline_keyboard'}], 'markup': [{'from': 10, 'length': 20, 'type': 'strong'}]}, 'sender': {'user_id': 210669020, 'first_name': 'DASHA_TOKEN_BOT', 'username': 'id575104156000_bot', 'is_bot': True, 'last_activity_time': 1773055246306, 'name': 'DASHA_TOKEN_BOT'}}, 'timestamp': 1772739329032, 'user_locale': 'ru', 'update_type': 'message_callback'}
clb

2026-03-09 14:20:49
string indices must be integers, not 'str'
snd-err

2026-03-09 14:20:50
None
del

2026-03-09 14:20:51
string indices must be integers, not 'str'
snd-err

2026-03-09 14:20:52
string indices must be integers, not 'str'
snd-err

2026-03-09 14:20:52
{'message': {'recipient': {'chat_id': 233194361, 'chat_type': 'dialog', 'user_id': 210669020}, 'timestamp': 1772739346192, 'body': {'mid': 'mid.000000000de64379019cbf7fbf102a73', 'seq': 116178245792049779, 'text': '', 'attachments': [{'payload': {'vcf_info': 'BEGIN:VCARD\r\nVERSION:3.0\r\nPRODID:ez-vcard 0.10.3\r\nTEL;TYPE=cell:79175560062\r\nFN:Дмитрий Марков\r\nEND:VCARD\r\n', 'max_info': {'user_id': 23645861, 'first_name': 'Дмитрий', 'last_name': 'Марков', 'is_bot': False, 'last_activity_time': 1773055181000, 'name': 'Дмитрий Марков'}}, 'type': 'contact'}]}, 'sender': {'user_id': 23645861, 'first_name': 'Дмитрий', 'last_name': 'Марков', 'is_bot': False, 'last_activity_time': 1773055181000, 'name': 'Дмитрий Марков'}}, 'timestamp': 1772739346192, 'user_locale': 'ru', 'update_type': 'message_created'}
txt

2026-03-09 14:20:54
string indices must be integers, not 'str'
snd-err

2026-03-09 14:20:55
mid.000000000de64379019cbf7fbf102a73
del

2026-03-09 14:20:56
string indices must be integers, not 'str'
snd-err

2026-03-09 14:20:57
{'message': {'recipient': {'chat_id': 233194361, 'chat_type': 'dialog', 'user_id': 210669020}, 'timestamp': 1772739455700, 'body': {'mid': 'mid.000000000de64379019cbf816ad429ae', 'seq': 116178252968765870, 'text': '991033097'}, 'sender': {'user_id': 23645861, 'first_name': 'Дмитрий', 'last_name': 'Марков', 'is_bot': False, 'last_activity_time': 1773055181000, 'name': 'Дмитрий Марков'}}, 'timestamp': 1772739455700, 'user_locale': 'ru', 'update_type': 'message_created'}
txt

2026-03-09 14:20:58
string indices must be integers, not 'str'
snd-err

2026-03-09 14:20:59
mid.000000000de64379019cbf816ad429ae
del

2026-03-09 14:21:01
string indices must be integers, not 'str'
snd-err

2026-03-09 14:21:01
{'message': {'recipient': {'chat_id': 233194361, 'chat_type': 'dialog', 'user_id': 210669020}, 'timestamp': 1772739501170, 'body': {'mid': 'mid.000000000de64379019cbf821c727e86', 'seq': 116178255948709510, 'text': '915292'}, 'sender': {'user_id': 23645861, 'first_name': 'Дмитрий', 'last_name': 'Марков', 'is_bot': False, 'last_activity_time': 1773055181000, 'name': 'Дмитрий Марков'}}, 'timestamp': 1772739501170, 'user_locale': 'ru', 'update_type': 'message_created'}
txt

2026-03-09 14:21:02
string indices must be integers, not 'str'
snd-err

2026-03-09 14:21:03
mid.000000000de64379019cbf821c727e86
del

2026-03-09 14:21:04
string indices must be integers, not 'str'
snd-err

2026-03-09 14:21:04
{'callback': {'timestamp': 1772739515773, 'callback_id': 'f9LHodD0cOJko4om6u821AaZ2c6jzH4MFIhOBD0O_uAFB916SJmNcT4uvTPF3J4zsT4-vxZVH4dAKI_JZ9MBxqO2L6SEJhQFBI8jH9W1ceRpZz2_53Ai', 'user': {'user_id': 23645861, 'first_name': 'Дмитрий', 'last_name': 'Марков', 'is_bot': False, 'last_activity_time': 1773055181000, 'name': 'Дмитрий Марков'}, 'payload': 'KBRD.7'}, 'message': {'recipient': {'chat_id': 233194361, 'chat_type': 'dialog', 'user_id': 23645861}, 'timestamp': 1772739506909, 'body': {'mid': 'mid.000000000de64379019cbf8232dd3b4e', 'seq': 116178256324803406, 'text': 'Введите код доступа: * * * *', 'attachments': [{'callback_id': 'f9LHodD0cOJC8oC8M49E-3L8SyxQLjNoC9B7j086HKrl_OwtQgd6kzCczZxIKILoMhYvYyktDGj11v5dL9i2LfPQoHMIttu9jShv-HF3-BEKb8hhW4ll', 'payload': {'buttons': [[{'payload': 'KBRD.7', 'text': '7', 'intent': 'default', 'type': 'callback'}, {'payload': 'KBRD.8', 'text': '8', 'intent': 'default', 'type': 'callback'}, {'payload': 'KBRD.9', 'text': '9', 'intent': 'default', 'type': 'callback'}], [{'payload': 'KBRD.4', 'text': '4', 'intent': 'default', 'type': 'callback'}, {'payload': 'KBRD.5', 'text': '5', 'intent': 'default', 'type': 'callback'}, {'payload': 'KBRD.6', 'text': '6', 'intent': 'default', 'type': 'callback'}], [{'payload': 'KBRD.3', 'text': '3', 'intent': 'default', 'type': 'callback'}, {'payload': 'KBRD.2', 'text': '2', 'intent': 'default', 'type': 'callback'}, {'payload': 'KBRD.1', 'text': '1', 'intent': 'default', 'type': 'callback'}], [{'payload': 'KBRD.0', 'text': '0', 'intent': 'default', 'type': 'callback'}, {'payload': 'KBRD.Cancel', 'text': 'Сброс', 'intent': 'default', 'type': 'callback'}], [{'payload': 'RecoveryAuthorization', 'text': 'Восстановление доступа', 'intent': 'default', 'type': 'callback'}], [{'payload': 'CancelCurrentOperation', 'text': 'Прервать операцию', 'intent': 'default', 'type': 'callback'}]]}, 'type': 'inline_keyboard'}], 'markup': [{'from': 20, 'length': 8, 'type': 'strong'}]}, 'sender': {'user_id': 210669020, 'first_name': 'DASHA_TOKEN_BOT', 'username': 'id575104156000_bot', 'is_bot': True, 'last_activity_time': 1773055258051, 'name': 'DASHA_TOKEN_BOT'}}, 'timestamp': 1772739515773, 'user_locale': 'ru', 'update_type': 'message_callback'}
clb

2026-03-09 14:21:05
23645861
edt

2026-03-09 14:21:05
{'callback': {'timestamp': 1772739516980, 'callback_id': 'f9LHodD0cOLzpIAjEAOxVGfERLBL986asX2YrgL47THk7tJuSB22MfpHJ3HJ5oWK_PRsJ6MkuAwotuiwufLOH_9qsfYEL7Bao4nx1ntOsTIxunYDUAV0', 'user': {'user_id': 23645861, 'first_name': 'Дмитрий', 'last_name': 'Марков', 'is_bot': False, 'last_activity_time': 1773055181000, 'name': 'Дмитрий Марков'}, 'payload': 'KBRD.8'}, 'message': {'recipient': {'chat_id': 233194361, 'chat_type': 'dialog', 'user_id': 23645861}, 'timestamp': 1772739506909, 'body': {'mid': 'mid.000000000de64379019cbf8232dd3b4e', 'seq': 116178256324803406, 'text': 'Введите код доступа: * * * *', 'attachments': [{'callback_id': 'f9LHodD0cOLOF7t29yVvEx5JEKXqLzL5WG3qfrnbYQKPBPhmLDVYahbwbBG2ocG-vDj4uEZ4MjijdukSHgjbT89YQGkQm3Wm_axe9rF0igT0FwHwwsPG', 'payload': {'buttons': [[{'payload': 'KBRD.7', 'text': '7', 'intent': 'default', 'type': 'callback'}, {'payload': 'KBRD.8', 'text': '8', 'intent': 'default', 'type': 'callback'}, {'payload': 'KBRD.9', 'text': '9', 'intent': 'default', 'type': 'callback'}], [{'payload': 'KBRD.4', 'text': '4', 'intent': 'default', 'type': 'callback'}, {'payload': 'KBRD.5', 'text': '5', 'intent': 'default', 'type': 'callback'}, {'payload': 'KBRD.6', 'text': '6', 'intent': 'default', 'type': 'callback'}], [{'payload': 'KBRD.3', 'text': '3', 'intent': 'default', 'type': 'callback'}, {'payload': 'KBRD.2', 'text': '2', 'intent': 'default', 'type': 'callback'}, {'payload': 'KBRD.1', 'text': '1', 'intent': 'default', 'type': 'callback'}], [{'payload': 'KBRD.0', 'text': '0', 'intent': 'default', 'type': 'callback'}, {'payload': 'KBRD.Cancel', 'text': 'Сброс', 'intent': 'default', 'type': 'callback'}], [{'payload': 'RecoveryAuthorization', 'text': 'Восстановление доступа', 'intent': 'default', 'type': 'callback'}], [{'payload': 'CancelCurrentOperation', 'text': 'Прервать операцию', 'intent': 'default', 'type': 'callback'}]]}, 'type': 'inline_keyboard'}], 'markup': [{'from': 20, 'length': 8, 'type': 'strong'}]}, 'sender': {'user_id': 210669020, 'first_name': 'DASHA_TOKEN_BOT', 'username': 'id575104156000_bot', 'is_bot': True, 'last_activity_time': 1773055258057, 'name': 'DASHA_TOKEN_BOT'}}, 'timestamp': 1772739516980, 'user_locale': 'ru', 'update_type': 'message_callback'}
clb

2026-03-09 14:21:05
23645861
edt

2026-03-09 14:21:05
{'callback': {'timestamp': 1772739518248, 'callback_id': 'f9LHodD0cOIKOK_YCqkMR5leXL-69DL9OVBe143qNLO58fL_PEjmAQXzoOwLC-UHKq5K_sN4IZQP1Hl3wJo0afbL07A_yV_QlTdXDSZdAlJuZ8lm-sAV', 'user': {'user_id': 23645861, 'first_name': 'Дмитрий', 'last_name': 'Марков', 'is_bot': False, 'last_activity_time': 1773055181000, 'name': 'Дмитрий Марков'}, 'payload': 'KBRD.9'}, 'message': {'recipient': {'chat_id': 233194361, 'chat_type': 'dialog', 'user_id': 23645861}, 'timestamp': 1772739506909, 'body': {'mid': 'mid.000000000de64379019cbf8232dd3b4e', 'seq': 116178256324803406, 'text': 'Введите код доступа: * * * *', 'attachments': [{'callback_id': 'f9LHodD0cOL7L4godtf5t56GyZALVTXyuW7vYD2mjVmPq6RezGI9poBGz0lwcApT-mFA10p783cOKVzomoKL54sYIAuj6tGgXHIwr7hB1iCxR7Gj0BW6', 'payload': {'buttons': [[{'payload': 'KBRD.7', 'text': '7', 'intent': 'default', 'type': 'callback'}, {'payload': 'KBRD.8', 'text': '8', 'intent': 'default', 'type': 'callback'}, {'payload': 'KBRD.9', 'text': '9', 'intent': 'default', 'type': 'callback'}], [{'payload': 'KBRD.4', 'text': '4', 'intent': 'default', 'type': 'callback'}, {'payload': 'KBRD.5', 'text': '5', 'intent': 'default', 'type': 'callback'}, {'payload': 'KBRD.6', 'text': '6', 'intent': 'default', 'type': 'callback'}], [{'payload': 'KBRD.3', 'text': '3', 'intent': 'default', 'type': 'callback'}, {'payload': 'KBRD.2', 'text': '2', 'intent': 'default', 'type': 'callback'}, {'payload': 'KBRD.1', 'text': '1', 'intent': 'default', 'type': 'callback'}], [{'payload': 'KBRD.0', 'text': '0', 'intent': 'default', 'type': 'callback'}, {'payload': 'KBRD.Cancel', 'text': 'Сброс', 'intent': 'default', 'type': 'callback'}], [{'payload': 'RecoveryAuthorization', 'text': 'Восстановление доступа', 'intent': 'default', 'type': 'callback'}], [{'payload': 'CancelCurrentOperation', 'text': 'Прервать операцию', 'intent': 'default', 'type': 'callback'}]]}, 'type': 'inline_keyboard'}], 'markup': [{'from': 20, 'length': 8, 'type': 'strong'}]}, 'sender': {'user_id': 210669020, 'first_name': 'DASHA_TOKEN_BOT', 'username': 'id575104156000_bot', 'is_bot': True, 'last_activity_time': 1773055258060, 'name': 'DASHA_TOKEN_BOT'}}, 'timestamp': 1772739518248, 'user_locale': 'ru', 'update_type': 'message_callback'}
clb

2026-03-09 14:21:06
23645861
edt

2026-03-09 14:21:06
{'callback': {'timestamp': 1772739520547, 'callback_id': 'f9LHodD0cOKtiDFGW89tAc4kC2ErItyW-uuTfpnHUtDUdjiSuIxvYINGX3MCg2ufdMzZROfi51F_WLrLF5gYVo6q2nZViNiLC4r5A39wL7rrkrlNLhQH', 'user': {'user_id': 23645861, 'first_name': 'Дмитрий', 'last_name': 'Марков', 'is_bot': False, 'last_activity_time': 1773055181000, 'name': 'Дмитрий Марков'}, 'payload': 'KBRD.5'}, 'message': {'recipient': {'chat_id': 233194361, 'chat_type': 'dialog', 'user_id': 23645861}, 'timestamp': 1772739506909, 'body': {'mid': 'mid.000000000de64379019cbf8232dd3b4e', 'seq': 116178256324803406, 'text': 'Введите код доступа: * * * *', 'attachments': [{'callback_id': 'f9LHodD0cOINgoDyQNHgvcItBS6uChx0ycqIDhSFM9MuYcEaZGAn6PHsMNZX-eMh1R10nJ3UBfgATD_CU9A9MC4am2Gh31QBnpGIVLqsINLNYRHodAPo', 'payload': {'buttons': [[{'payload': 'KBRD.7', 'text': '7', 'intent': 'default', 'type': 'callback'}, {'payload': 'KBRD.8', 'text': '8', 'intent': 'default', 'type': 'callback'}, {'payload': 'KBRD.9', 'text': '9', 'intent': 'default', 'type': 'callback'}], [{'payload': 'KBRD.4', 'text': '4', 'intent': 'default', 'type': 'callback'}, {'payload': 'KBRD.5', 'text': '5', 'intent': 'default', 'type': 'callback'}, {'payload': 'KBRD.6', 'text': '6', 'intent': 'default', 'type': 'callback'}], [{'payload': 'KBRD.3', 'text': '3', 'intent': 'default', 'type': 'callback'}, {'payload': 'KBRD.2', 'text': '2', 'intent': 'default', 'type': 'callback'}, {'payload': 'KBRD.1', 'text': '1', 'intent': 'default', 'type': 'callback'}], [{'payload': 'KBRD.0', 'text': '0', 'intent': 'default', 'type': 'callback'}, {'payload': 'KBRD.Cancel', 'text': 'Сброс', 'intent': 'default', 'type': 'callback'}], [{'payload': 'RecoveryAuthorization', 'text': 'Восстановление доступа', 'intent': 'default', 'type': 'callback'}], [{'payload': 'CancelCurrentOperation', 'text': 'Прервать операцию', 'intent': 'default', 'type': 'callback'}]]}, 'type': 'inline_keyboard'}], 'markup': [{'from': 20, 'length': 8, 'type': 'strong'}]}, 'sender': {'user_id': 210669020, 'first_name': 'DASHA_TOKEN_BOT', 'username': 'id575104156000_bot', 'is_bot': True, 'last_activity_time': 1773055258062, 'name': 'DASHA_TOKEN_BOT'}}, 'timestamp': 1772739520547, 'user_locale': 'ru', 'update_type': 'message_callback'}
clb

2026-03-09 14:21:07
23645861
edt

2026-03-09 14:21:08
string indices must be integers, not 'str'
snd-err

2026-03-09 14:21:09
None
del

2026-03-09 14:21:09
string indices must be integers, not 'str'
snd-err

2026-03-09 14:21:10
{'callback': {'timestamp': 1772739919718, 'callback_id': 'f9LHodD0cOLZOeQ9wtq0Ic1facxYUbIfpJX-EyEBlHQuHCXoL4wFaLADE1qIRXXPXSRT9KmYsYJQkpGpSeMNID8CnYqIPRRc_jPs9J70C63_3bxEOHBv', 'user': {'user_id': 23645861, 'first_name': 'Дмитрий', 'last_name': 'Марков', 'is_bot': False, 'last_activity_time': 1773055181000, 'name': 'Дмитрий Марков'}, 'payload': 'Registration'}, 'message': {'recipient': {'chat_id': 233194361, 'chat_type': 'dialog', 'user_id': 23645861}, 'timestamp': 1772739711322, 'body': {'mid': 'mid.000000000de64379019cbf85515a3130', 'seq': 116178269721211184, 'text': 'Превышено разрешенное время бездействия Бота.', 'attachments': [{'callback_id': 'f9LHodD0cOI1mZqDFBHed_NkiEcalWrBOJUo7rvJX08soqm6uQbZ4L0UEuMmxGkqYZGkVGxFdMYaea9N7elUE0LM_cDmnoFDJVL4UhxNvTYC3xUnLenn', 'payload': {'buttons': [[{'payload': 'Registration', 'text': 'Регистрация', 'intent': 'default', 'type': 'callback'}]]}, 'type': 'inline_keyboard'}], 'markup': [{'from': 40, 'length': 4, 'type': 'strong'}]}, 'sender': {'user_id': 210669020, 'first_name': 'DASHA_TOKEN_BOT', 'username': 'id575104156000_bot', 'is_bot': True, 'last_activity_time': 1773055271379, 'name': 'DASHA_TOKEN_BOT'}}, 'timestamp': 1772739919718, 'user_locale': 'ru', 'update_type': 'message_callback'}
clb

2026-03-09 14:21:11
string indices must be integers, not 'str'
snd-err

2026-03-09 14:21:12
None
del

2026-03-09 14:21:13
string indices must be integers, not 'str'
snd-err

2026-03-09 14:21:15
string indices must be integers, not 'str'
snd-err

2026-03-09 14:21:15
{'callback': {'timestamp': 1772739926130, 'callback_id': 'f9LHodD0cOLfytB--CF9r9GaGntCyxy0P6Zzgq1zHUIeJILcBplGxoDatGZgb2hNNCotHUGl9pNPRM6jMLEJuxK_HiBaA2T_ZK1362-epBTMhdxq_HZS', 'user': {'user_id': 23645861, 'first_name': 'Дмитрий', 'last_name': 'Марков', 'is_bot': False, 'last_activity_time': 1773055181000, 'name': 'Дмитрий Марков'}, 'payload': 'Registration'}, 'message': {'recipient': {'chat_id': 233194361, 'chat_type': 'dialog', 'user_id': 23645861}, 'timestamp': 1772739920921, 'body': {'mid': 'mid.000000000de64379019cbf8884195f55', 'seq': 116178283457503061, 'text': 'Текст для RequiredRegistration не найден', 'attachments': [{'callback_id': 'f9LHodD0cOI6egeDLVIFfe3fqCYRaeEWw65EIzovXN5ZU5xXIQw5aqBxSVUK6pLpdrw8mbsSKRQjy-3MGJyeUP3Tovo9_rfk7f205pogzct1svgHHQEE', 'payload': {'buttons': [[{'payload': 'Registration', 'text': 'Регистрация', 'intent': 'default', 'type': 'callback'}]]}, 'type': 'inline_keyboard'}], 'markup': [{'from': 10, 'length': 20, 'type': 'strong'}]}, 'sender': {'user_id': 210669020, 'first_name': 'DASHA_TOKEN_BOT', 'username': 'id575104156000_bot', 'is_bot': True, 'last_activity_time': 1773055271380, 'name': 'DASHA_TOKEN_BOT'}}, 'timestamp': 1772739926130, 'user_locale': 'ru', 'update_type': 'message_callback'}
clb

2026-03-09 14:21:15
string indices must be integers, not 'str'
snd-err

2026-03-09 14:21:16
None
del

2026-03-09 14:21:17
string indices must be integers, not 'str'
snd-err

2026-03-09 14:21:19
string indices must be integers, not 'str'
snd-err

2026-03-09 14:21:19
{'callback': {'timestamp': 1772739947169, 'callback_id': 'f9LHodD0cOLbQHArmlByaP5bAUN-JuaPm5q6KEWUDZM9g6X49lHed-7puDIIPc7JcSghAmqOIv5ANNm4ZyUj3WJWHA-H9nvxLoB9GcT3jfCx_hvRUzVO', 'user': {'user_id': 23645861, 'first_name': 'Дмитрий', 'last_name': 'Марков', 'is_bot': False, 'last_activity_time': 1773055181000, 'name': 'Дмитрий Марков'}, 'payload': 'CancelRegistration'}, 'message': {'recipient': {'chat_id': 233194361, 'chat_type': 'dialog', 'user_id': 23645861}, 'timestamp': 1772739929913, 'body': {'mid': 'mid.000000000de64379019cbf88a7396c0a', 'seq': 116178284046806026, 'text': 'Для регистрации необходимо передать боту Ваш контакт. В дальнейшем Вы сможете авторизоваться с помощью номера телефона. Бот не будет пользоваться Вашим номером телефона кроме как для авторизации запросов внешних респондентов', 'attachments': [{'callback_id': 'f9LHodD0cOLh6P6T_gs5efPFbOSIzGA1htaNbgRcGASxUPVb515VpdJckk06R7oGjhS_dM2AiT1ENO_aiqh0NFXMyxQEilOHfuIJmVlv6gc1O1oJ4hXG', 'payload': {'buttons': [[{'text': 'Отправить контакт', 'type': 'request_contact'}], [{'payload': 'CancelRegistration', 'text': 'Отменить регистрацию', 'intent': 'default', 'type': 'callback'}]]}, 'type': 'inline_keyboard'}]}, 'sender': {'user_id': 210669020, 'first_name': 'DASHA_TOKEN_BOT', 'username': 'id575104156000_bot', 'is_bot': True, 'last_activity_time': 1773055271380, 'name': 'DASHA_TOKEN_BOT'}}, 'timestamp': 1772739947169, 'user_locale': 'ru', 'update_type': 'message_callback'}
clb

2026-03-09 14:21:20
string indices must be integers, not 'str'
snd-err

2026-03-09 14:21:21
None
del

2026-03-09 14:21:21
string indices must be integers, not 'str'
snd-err

2026-03-09 14:21:21
{'callback': {'timestamp': 1772739953353, 'callback_id': 'f9LHodD0cOJTkKpt-vj_kymPMH4KG8pYy3_sZrGQt1UCqfI9pbl8p1pIPbMWNa5re57PoqcFOU95vGu-km2vDkRQernW95gOsJptTnhpTkwHWTBZ8Lm1', 'user': {'user_id': 23645861, 'first_name': 'Дмитрий', 'last_name': 'Марков', 'is_bot': False, 'last_activity_time': 1773055181000, 'name': 'Дмитрий Марков'}, 'payload': 'Registration'}, 'message': {'recipient': {'chat_id': 233194361, 'chat_type': 'dialog', 'user_id': 23645861}, 'timestamp': 1772739951012, 'body': {'mid': 'mid.000000000de64379019cbf88f9a47bf2', 'seq': 116178285429554162, 'text': 'Текст для RequiredRegistration не найден', 'attachments': [{'callback_id': 'f9LHodD0cOL5jeZJ40vhuu6A0lsoRAzIHQIBUlIXdF8hyzbHg5nLmFaNJCaKbj-nOz7BCjAgtKs3kGophKce83-_TxggWN5uEqc-rHXIBY2uk7X2QoU6', 'payload': {'buttons': [[{'payload': 'Registration', 'text': 'Регистрация', 'intent': 'default', 'type': 'callback'}]]}, 'type': 'inline_keyboard'}], 'markup': [{'from': 10, 'length': 20, 'type': 'strong'}]}, 'sender': {'user_id': 210669020, 'first_name': 'DASHA_TOKEN_BOT', 'username': 'id575104156000_bot', 'is_bot': True, 'last_activity_time': 1773055271381, 'name': 'DASHA_TOKEN_BOT'}}, 'timestamp': 1772739953353, 'user_locale': 'ru', 'update_type': 'message_callback'}
clb

2026-03-09 14:21:22
string indices must be integers, not 'str'
snd-err

2026-03-09 14:21:23
None
del

2026-03-09 14:21:24
string indices must be integers, not 'str'
snd-err

2026-03-09 14:21:25
string indices must be integers, not 'str'
snd-err

2026-03-09 14:21:25
{'message': {'recipient': {'chat_id': 233194361, 'chat_type': 'dialog', 'user_id': 210669020}, 'timestamp': 1772739962280, 'body': {'mid': 'mid.000000000de64379019cbf8925a82a73', 'seq': 116178286167992947, 'text': '', 'attachments': [{'payload': {'vcf_info': 'BEGIN:VCARD\r\nVERSION:3.0\r\nPRODID:ez-vcard 0.10.3\r\nTEL;TYPE=cell:79175560062\r\nFN:Дмитрий Марков\r\nEND:VCARD\r\n', 'max_info': {'user_id': 23645861, 'first_name': 'Дмитрий', 'last_name': 'Марков', 'is_bot': False, 'last_activity_time': 1773055181000, 'name': 'Дмитрий Марков'}}, 'type': 'contact'}]}, 'sender': {'user_id': 23645861, 'first_name': 'Дмитрий', 'last_name': 'Марков', 'is_bot': False, 'last_activity_time': 1773055181000, 'name': 'Дмитрий Марков'}}, 'timestamp': 1772739962280, 'user_locale': 'ru', 'update_type': 'message_created'}
txt

2026-03-09 14:21:26
string indices must be integers, not 'str'
snd-err

2026-03-09 14:21:27
mid.000000000de64379019cbf8925a82a73
del

2026-03-09 14:21:29
string indices must be integers, not 'str'
snd-err

2026-03-09 14:21:29
{'message': {'recipient': {'chat_id': 233194361, 'chat_type': 'dialog', 'user_id': 210669020}, 'timestamp': 1772739978632, 'body': {'mid': 'mid.000000000de64379019cbf89658829ae', 'seq': 116178287239637422, 'text': '991033097'}, 'sender': {'user_id': 23645861, 'first_name': 'Дмитрий', 'last_name': 'Марков', 'is_bot': False, 'last_activity_time': 1773055181000, 'name': 'Дмитрий Марков'}}, 'timestamp': 1772739978632, 'user_locale': 'ru', 'update_type': 'message_created'}
txt

2026-03-09 14:21:30
string indices must be integers, not 'str'
snd-err

2026-03-09 14:21:31
mid.000000000de64379019cbf89658829ae
del

2026-03-09 14:21:34
string indices must be integers, not 'str'
snd-err

2026-03-09 14:21:34
{'message': {'recipient': {'chat_id': 233194361, 'chat_type': 'dialog', 'user_id': 210669020}, 'timestamp': 1772740000460, 'body': {'mid': 'mid.000000000de64379019cbf89bacc3b07', 'seq': 116178288670161671, 'text': '151626'}, 'sender': {'user_id': 23645861, 'first_name': 'Дмитрий', 'last_name': 'Марков', 'is_bot': False, 'last_activity_time': 1773055181000, 'name': 'Дмитрий Марков'}}, 'timestamp': 1772740000460, 'user_locale': 'ru', 'update_type': 'message_created'}
txt

2026-03-09 14:21:34
string indices must be integers, not 'str'
snd-err

2026-03-09 14:21:35
mid.000000000de64379019cbf89bacc3b07
del

2026-03-09 14:21:36
string indices must be integers, not 'str'
snd-err

2026-03-09 14:21:36
{'callback': {'timestamp': 1772740017471, 'callback_id': 'f9LHodD0cOI3Nh0Br_Dq3_j5uso9qfiiwYceEgRvOaWiQptw1XDakbdVfzLSE9T5VRmL32hQAY27TbaiVHGvirtmMwuHWrRWmrby9EP0tbmbZ4YcwGBA', 'user': {'user_id': 23645861, 'first_name': 'Дмитрий', 'last_name': 'Марков', 'is_bot': False, 'last_activity_time': 1773055181000, 'name': 'Дмитрий Марков'}, 'payload': 'KBRD.5'}, 'message': {'recipient': {'chat_id': 233194361, 'chat_type': 'dialog', 'user_id': 23645861}, 'timestamp': 1772740005025, 'body': {'mid': 'mid.000000000de64379019cbf89cca15e0e', 'seq': 116178288969342478, 'text': 'Введите код доступа: * * * *', 'attachments': [{'callback_id': 'f9LHodD0cOK69UMe0uJPTeedb4mB5dLa1Rezb28aIyONqEWMZJjbqYraKOZL0Oy43pdeZoKGP6LvRAEtb4ZyAdg-9hW-m36zmrLlcZTMGkkpbL_-IEQq', 'payload': {'buttons': [[{'payload': 'KBRD.7', 'text': '7', 'intent': 'default', 'type': 'callback'}, {'payload': 'KBRD.8', 'text': '8', 'intent': 'default', 'type': 'callback'}, {'payload': 'KBRD.9', 'text': '9', 'intent': 'default', 'type': 'callback'}], [{'payload': 'KBRD.4', 'text': '4', 'intent': 'default', 'type': 'callback'}, {'payload': 'KBRD.5', 'text': '5', 'intent': 'default', 'type': 'callback'}, {'payload': 'KBRD.6', 'text': '6', 'intent': 'default', 'type': 'callback'}], [{'payload': 'KBRD.3', 'text': '3', 'intent': 'default', 'type': 'callback'}, {'payload': 'KBRD.2', 'text': '2', 'intent': 'default', 'type': 'callback'}, {'payload': 'KBRD.1', 'text': '1', 'intent': 'default', 'type': 'callback'}], [{'payload': 'KBRD.0', 'text': '0', 'intent': 'default', 'type': 'callback'}, {'payload': 'KBRD.Cancel', 'text': 'Сброс', 'intent': 'default', 'type': 'callback'}], [{'payload': 'RecoveryAuthorization', 'text': 'Восстановление доступа', 'intent': 'default', 'type': 'callback'}], [{'payload': 'CancelCurrentOperation', 'text': 'Прервать операцию', 'intent': 'default', 'type': 'callback'}]]}, 'type': 'inline_keyboard'}], 'markup': [{'from': 20, 'length': 8, 'type': 'strong'}]}, 'sender': {'user_id': 210669020, 'first_name': 'DASHA_TOKEN_BOT', 'username': 'id575104156000_bot', 'is_bot': True, 'last_activity_time': 1773055271383, 'name': 'DASHA_TOKEN_BOT'}}, 'timestamp': 1772740017471, 'user_locale': 'ru', 'update_type': 'message_callback'}
clb

2026-03-09 14:21:37
23645861
edt

2026-03-09 14:21:37
{'callback': {'timestamp': 1772740018029, 'callback_id': 'f9LHodD0cOJE4gVUtbfS-u_Ne0JOnh_39R3UordUOxLp3VvKVj-dPTrS3JszlvsuIyM5MpHPUQhr9JSSkS_XBwhtvFNXYxPJvGaSCfO7LzhthHGRutJv', 'user': {'user_id': 23645861, 'first_name': 'Дмитрий', 'last_name': 'Марков', 'is_bot': False, 'last_activity_time': 1773055181000, 'name': 'Дмитрий Марков'}, 'payload': 'KBRD.8'}, 'message': {'recipient': {'chat_id': 233194361, 'chat_type': 'dialog', 'user_id': 23645861}, 'timestamp': 1772740005025, 'body': {'mid': 'mid.000000000de64379019cbf89cca15e0e', 'seq': 116178288969342478, 'text': 'Введите код доступа: * * * *', 'attachments': [{'callback_id': 'f9LHodD0cOJpnKW7_ce-Wk4B_rzWYheYZ5DQgk08oNVBCF6K6rWiBo0vDBbj-0f3RniBr8W-tWeL8gS0sKIGvWeasM_lyFzyyFd0rUZhrUDag39x0knJ', 'payload': {'buttons': [[{'payload': 'KBRD.7', 'text': '7', 'intent': 'default', 'type': 'callback'}, {'payload': 'KBRD.8', 'text': '8', 'intent': 'default', 'type': 'callback'}, {'payload': 'KBRD.9', 'text': '9', 'intent': 'default', 'type': 'callback'}], [{'payload': 'KBRD.4', 'text': '4', 'intent': 'default', 'type': 'callback'}, {'payload': 'KBRD.5', 'text': '5', 'intent': 'default', 'type': 'callback'}, {'payload': 'KBRD.6', 'text': '6', 'intent': 'default', 'type': 'callback'}], [{'payload': 'KBRD.3', 'text': '3', 'intent': 'default', 'type': 'callback'}, {'payload': 'KBRD.2', 'text': '2', 'intent': 'default', 'type': 'callback'}, {'payload': 'KBRD.1', 'text': '1', 'intent': 'default', 'type': 'callback'}], [{'payload': 'KBRD.0', 'text': '0', 'intent': 'default', 'type': 'callback'}, {'payload': 'KBRD.Cancel', 'text': 'Сброс', 'intent': 'default', 'type': 'callback'}], [{'payload': 'RecoveryAuthorization', 'text': 'Восстановление доступа', 'intent': 'default', 'type': 'callback'}], [{'payload': 'CancelCurrentOperation', 'text': 'Прервать операцию', 'intent': 'default', 'type': 'callback'}]]}, 'type': 'inline_keyboard'}], 'markup': [{'from': 20, 'length': 8, 'type': 'strong'}]}, 'sender': {'user_id': 210669020, 'first_name': 'DASHA_TOKEN_BOT', 'username': 'id575104156000_bot', 'is_bot': True, 'last_activity_time': 1773055271384, 'name': 'DASHA_TOKEN_BOT'}}, 'timestamp': 1772740018029, 'user_locale': 'ru', 'update_type': 'message_callback'}
clb

2026-03-09 14:21:38
23645861
edt

2026-03-09 14:21:38
{'callback': {'timestamp': 1772740020530, 'callback_id': 'f9LHodD0cOJzUnaK6dGFyjhfmxuuJoTQjDiP4Y6DY1KzLqcnwIw8XQ5Oi3CEPo62f5qzD3DnM8KJBltltNmnjjnyh8wG4PnWbt_YzShALipl2eV0XQGu', 'user': {'user_id': 23645861, 'first_name': 'Дмитрий', 'last_name': 'Марков', 'is_bot': False, 'last_activity_time': 1773055181000, 'name': 'Дмитрий Марков'}, 'payload': 'KBRD.9'}, 'message': {'recipient': {'chat_id': 233194361, 'chat_type': 'dialog', 'user_id': 23645861}, 'timestamp': 1772740005025, 'body': {'mid': 'mid.000000000de64379019cbf89cca15e0e', 'seq': 116178288969342478, 'text': 'Введите код доступа: * * * *', 'attachments': [{'callback_id': 'f9LHodD0cOL5IL6kmXtGBnIdX7YmYi_8WQHLOxdPFqWf79eEnYnUYpO6vnGGXBoDLUZT6E58NG5t2Xf72XJWzrfMs4Coxy3TWfrvyi77XQ6hWYJEZALN', 'payload': {'buttons': [[{'payload': 'KBRD.7', 'text': '7', 'intent': 'default', 'type': 'callback'}, {'payload': 'KBRD.8', 'text': '8', 'intent': 'default', 'type': 'callback'}, {'payload': 'KBRD.9', 'text': '9', 'intent': 'default', 'type': 'callback'}], [{'payload': 'KBRD.4', 'text': '4', 'intent': 'default', 'type': 'callback'}, {'payload': 'KBRD.5', 'text': '5', 'intent': 'default', 'type': 'callback'}, {'payload': 'KBRD.6', 'text': '6', 'intent': 'default', 'type': 'callback'}], [{'payload': 'KBRD.3', 'text': '3', 'intent': 'default', 'type': 'callback'}, {'payload': 'KBRD.2', 'text': '2', 'intent': 'default', 'type': 'callback'}, {'payload': 'KBRD.1', 'text': '1', 'intent': 'default', 'type': 'callback'}], [{'payload': 'KBRD.0', 'text': '0', 'intent': 'default', 'type': 'callback'}, {'payload': 'KBRD.Cancel', 'text': 'Сброс', 'intent': 'default', 'type': 'callback'}], [{'payload': 'RecoveryAuthorization', 'text': 'Восстановление доступа', 'intent': 'default', 'type': 'callback'}], [{'payload': 'CancelCurrentOperation', 'text': 'Прервать операцию', 'intent': 'default', 'type': 'callback'}]]}, 'type': 'inline_keyboard'}], 'markup': [{'from': 20, 'length': 8, 'type': 'strong'}]}, 'sender': {'user_id': 210669020, 'first_name': 'DASHA_TOKEN_BOT', 'username': 'id575104156000_bot', 'is_bot': True, 'last_activity_time': 1773055271385, 'name': 'DASHA_TOKEN_BOT'}}, 'timestamp': 1772740020530, 'user_locale': 'ru', 'update_type': 'message_callback'}
clb

2026-03-09 14:21:38
23645861
edt

2026-03-09 14:21:38
{'callback': {'timestamp': 1772740023986, 'callback_id': 'f9LHodD0cOIzfXmTo_RtROV4IqozXGR5XNuGSnXhAzWfg2pr8VYXjMAEdfKbtIPmuPrdO1vIqJnfDHqhJeEkmikIc2fQevPBcLO4TPJeu8tYht0ZDi7a', 'user': {'user_id': 23645861, 'first_name': 'Дмитрий', 'last_name': 'Марков', 'is_bot': False, 'last_activity_time': 1773055181000, 'name': 'Дмитрий Марков'}, 'payload': 'KBRD.Cancel'}, 'message': {'recipient': {'chat_id': 233194361, 'chat_type': 'dialog', 'user_id': 23645861}, 'timestamp': 1772740005025, 'body': {'mid': 'mid.000000000de64379019cbf89cca15e0e', 'seq': 116178288969342478, 'text': 'Введите код доступа: * * * *', 'attachments': [{'callback_id': 'f9LHodD0cOJVGrsIaW1NRp_zPsEBdpkcRxDNvf2juEn71xJNiIjhJ04iCsQiBcPRp0CyuxOdwLqI7jCKr30aXalune2aRh_Jj8ZM1r3KkvRirDJI5EEI', 'payload': {'buttons': [[{'payload': 'KBRD.7', 'text': '7', 'intent': 'default', 'type': 'callback'}, {'payload': 'KBRD.8', 'text': '8', 'intent': 'default', 'type': 'callback'}, {'payload': 'KBRD.9', 'text': '9', 'intent': 'default', 'type': 'callback'}], [{'payload': 'KBRD.4', 'text': '4', 'intent': 'default', 'type': 'callback'}, {'payload': 'KBRD.5', 'text': '5', 'intent': 'default', 'type': 'callback'}, {'payload': 'KBRD.6', 'text': '6', 'intent': 'default', 'type': 'callback'}], [{'payload': 'KBRD.3', 'text': '3', 'intent': 'default', 'type': 'callback'}, {'payload': 'KBRD.2', 'text': '2', 'intent': 'default', 'type': 'callback'}, {'payload': 'KBRD.1', 'text': '1', 'intent': 'default', 'type': 'callback'}], [{'payload': 'KBRD.0', 'text': '0', 'intent': 'default', 'type': 'callback'}, {'payload': 'KBRD.Cancel', 'text': 'Сброс', 'intent': 'default', 'type': 'callback'}], [{'payload': 'RecoveryAuthorization', 'text': 'Восстановление доступа', 'intent': 'default', 'type': 'callback'}], [{'payload': 'CancelCurrentOperation', 'text': 'Прервать операцию', 'intent': 'default', 'type': 'callback'}]]}, 'type': 'inline_keyboard'}], 'markup': [{'from': 20, 'length': 8, 'type': 'strong'}]}, 'sender': {'user_id': 210669020, 'first_name': 'DASHA_TOKEN_BOT', 'username': 'id575104156000_bot', 'is_bot': True, 'last_activity_time': 1773055271386, 'name': 'DASHA_TOKEN_BOT'}}, 'timestamp': 1772740023986, 'user_locale': 'ru', 'update_type': 'message_callback'}
clb

2026-03-09 14:21:39
23645861
edt

2026-03-09 14:21:39
{'callback': {'timestamp': 1772740058801, 'callback_id': 'f9LHodD0cOK7JeQhuCoScHEue6-G7vPxihef1rSKFh0EiQHyTizf9-MCGbKCPoDn0u6WF7wZ5sE4uR-Y6_mAle874dVOtzVLy-Upfoqj74DC1vJwleH9', 'user': {'user_id': 23645861, 'first_name': 'Дмитрий', 'last_name': 'Марков', 'is_bot': False, 'last_activity_time': 1773055181000, 'name': 'Дмитрий Марков'}, 'payload': 'KBRD.0'}, 'message': {'recipient': {'chat_id': 233194361, 'chat_type': 'dialog', 'user_id': 23645861}, 'timestamp': 1772740005025, 'body': {'mid': 'mid.000000000de64379019cbf89cca15e0e', 'seq': 116178288969342478, 'text': 'Введите код доступа: * * * *', 'attachments': [{'callback_id': 'f9LHodD0cOIS7Lf-4y3x4Rz6sew78QmE1ICUQwpMB3j6xPL5PjY0ZhOZCK1gZ31YNZReKnfrlO2kbM3JubdHQC1kyzEMZdMP69uTzg1d34nCDmkfB83U', 'payload': {'buttons': [[{'payload': 'KBRD.7', 'text': '7', 'intent': 'default', 'type': 'callback'}, {'payload': 'KBRD.8', 'text': '8', 'intent': 'default', 'type': 'callback'}, {'payload': 'KBRD.9', 'text': '9', 'intent': 'default', 'type': 'callback'}], [{'payload': 'KBRD.4', 'text': '4', 'intent': 'default', 'type': 'callback'}, {'payload': 'KBRD.5', 'text': '5', 'intent': 'default', 'type': 'callback'}, {'payload': 'KBRD.6', 'text': '6', 'intent': 'default', 'type': 'callback'}], [{'payload': 'KBRD.3', 'text': '3', 'intent': 'default', 'type': 'callback'}, {'payload': 'KBRD.2', 'text': '2', 'intent': 'default', 'type': 'callback'}, {'payload': 'KBRD.1', 'text': '1', 'intent': 'default', 'type': 'callback'}], [{'payload': 'KBRD.0', 'text': '0', 'intent': 'default', 'type': 'callback'}, {'payload': 'KBRD.Cancel', 'text': 'Сброс', 'intent': 'default', 'type': 'callback'}], [{'payload': 'RecoveryAuthorization', 'text': 'Восстановление доступа', 'intent': 'default', 'type': 'callback'}], [{'payload': 'CancelCurrentOperation', 'text': 'Прервать операцию', 'intent': 'default', 'type': 'callback'}]]}, 'type': 'inline_keyboard'}], 'markup': [{'from': 20, 'length': 8, 'type': 'strong'}]}, 'sender': {'user_id': 210669020, 'first_name': 'DASHA_TOKEN_BOT', 'username': 'id575104156000_bot', 'is_bot': True, 'last_activity_time': 1773055271387, 'name': 'DASHA_TOKEN_BOT'}}, 'timestamp': 1772740058801, 'user_locale': 'ru', 'update_type': 'message_callback'}
clb

2026-03-09 14:21:40
23645861
edt

2026-03-09 14:21:40
{'callback': {'timestamp': 1772740059643, 'callback_id': 'f9LHodD0cOIJeukL2nZ5YO5M5bbOHz6toH6PB7TtcQ7aNovZwG4diS3Wh-R_tphVQ4o_IT92QNBD5jTadWfx0kvHhDBtWnQybZ9oI6R6DyyeWx-OlxcW', 'user': {'user_id': 23645861, 'first_name': 'Дмитрий', 'last_name': 'Марков', 'is_bot': False, 'last_activity_time': 1773055181000, 'name': 'Дмитрий Марков'}, 'payload': 'KBRD.0'}, 'message': {'recipient': {'chat_id': 233194361, 'chat_type': 'dialog', 'user_id': 23645861}, 'timestamp': 1772740005025, 'body': {'mid': 'mid.000000000de64379019cbf89cca15e0e', 'seq': 116178288969342478, 'text': 'Введите код доступа: * * * *', 'attachments': [{'callback_id': 'f9LHodD0cOLz5kusS1kFUvMqv7E3M7PjkHOHhS4SrGdrYCZTCbHV31c5rK3qQcLt0Bpf3Uof0YLwKM5B9lsNlHO4OB7hxN1_PXOKA9k3tznvBClb1Qg8', 'payload': {'buttons': [[{'payload': 'KBRD.7', 'text': '7', 'intent': 'default', 'type': 'callback'}, {'payload': 'KBRD.8', 'text': '8', 'intent': 'default', 'type': 'callback'}, {'payload': 'KBRD.9', 'text': '9', 'intent': 'default', 'type': 'callback'}], [{'payload': 'KBRD.4', 'text': '4', 'intent': 'default', 'type': 'callback'}, {'payload': 'KBRD.5', 'text': '5', 'intent': 'default', 'type': 'callback'}, {'payload': 'KBRD.6', 'text': '6', 'intent': 'default', 'type': 'callback'}], [{'payload': 'KBRD.3', 'text': '3', 'intent': 'default', 'type': 'callback'}, {'payload': 'KBRD.2', 'text': '2', 'intent': 'default', 'type': 'callback'}, {'payload': 'KBRD.1', 'text': '1', 'intent': 'default', 'type': 'callback'}], [{'payload': 'KBRD.0', 'text': '0', 'intent': 'default', 'type': 'callback'}, {'payload': 'KBRD.Cancel', 'text': 'Сброс', 'intent': 'default', 'type': 'callback'}], [{'payload': 'RecoveryAuthorization', 'text': 'Восстановление доступа', 'intent': 'default', 'type': 'callback'}], [{'payload': 'CancelCurrentOperation', 'text': 'Прервать операцию', 'intent': 'default', 'type': 'callback'}]]}, 'type': 'inline_keyboard'}], 'markup': [{'from': 20, 'length': 8, 'type': 'strong'}]}, 'sender': {'user_id': 210669020, 'first_name': 'DASHA_TOKEN_BOT', 'username': 'id575104156000_bot', 'is_bot': True, 'last_activity_time': 1773055271388, 'name': 'DASHA_TOKEN_BOT'}}, 'timestamp': 1772740059643, 'user_locale': 'ru', 'update_type': 'message_callback'}
clb

2026-03-09 14:21:41
23645861
edt

2026-03-09 14:21:42
{'callback': {'timestamp': 1772740061925, 'callback_id': 'f9LHodD0cOLUvVVNjsFoOMM5X4zfLrFebvAzx2fuBhzancopuazXsQyhcPdbkiUjd5ZBRrNREDDnIrahTAC9lVGXQ4yWb8vjfpi8vRBKNbTNqW1JzrBT', 'user': {'user_id': 23645861, 'first_name': 'Дмитрий', 'last_name': 'Марков', 'is_bot': False, 'last_activity_time': 1773055281000, 'name': 'Дмитрий Марков'}, 'payload': 'KBRD.0'}, 'message': {'recipient': {'chat_id': 233194361, 'chat_type': 'dialog', 'user_id': 23645861}, 'timestamp': 1772740005025, 'body': {'mid': 'mid.000000000de64379019cbf89cca15e0e', 'seq': 116178288969342478, 'text': 'Введите код доступа: * * * *', 'attachments': [{'callback_id': 'f9LHodD0cOJLCF8vMPacuTNdYzcDL5q72WfZCf7KGOSRVShJd41RgbijGAD360ACn3NHLqvgUW93gOmT27zyOkdv5TUA0FF5V8chI8vpoZp54yRDPmkT', 'payload': {'buttons': [[{'payload': 'KBRD.7', 'text': '7', 'intent': 'default', 'type': 'callback'}, {'payload': 'KBRD.8', 'text': '8', 'intent': 'default', 'type': 'callback'}, {'payload': 'KBRD.9', 'text': '9', 'intent': 'default', 'type': 'callback'}], [{'payload': 'KBRD.4', 'text': '4', 'intent': 'default', 'type': 'callback'}, {'payload': 'KBRD.5', 'text': '5', 'intent': 'default', 'type': 'callback'}, {'payload': 'KBRD.6', 'text': '6', 'intent': 'default', 'type': 'callback'}], [{'payload': 'KBRD.3', 'text': '3', 'intent': 'default', 'type': 'callback'}, {'payload': 'KBRD.2', 'text': '2', 'intent': 'default', 'type': 'callback'}, {'payload': 'KBRD.1', 'text': '1', 'intent': 'default', 'type': 'callback'}], [{'payload': 'KBRD.0', 'text': '0', 'intent': 'default', 'type': 'callback'}, {'payload': 'KBRD.Cancel', 'text': 'Сброс', 'intent': 'default', 'type': 'callback'}], [{'payload': 'RecoveryAuthorization', 'text': 'Восстановление доступа', 'intent': 'default', 'type': 'callback'}], [{'payload': 'CancelCurrentOperation', 'text': 'Прервать операцию', 'intent': 'default', 'type': 'callback'}]]}, 'type': 'inline_keyboard'}], 'markup': [{'from': 20, 'length': 8, 'type': 'strong'}]}, 'sender': {'user_id': 210669020, 'first_name': 'DASHA_TOKEN_BOT', 'username': 'id575104156000_bot', 'is_bot': True, 'last_activity_time': 1773055302894, 'name': 'DASHA_TOKEN_BOT'}}, 'timestamp': 1772740061925, 'user_locale': 'ru', 'update_type': 'message_callback'}
clb

2026-03-09 14:21:43
23645861
edt

2026-03-09 14:21:43
{'callback': {'timestamp': 1772740065199, 'callback_id': 'f9LHodD0cOLtR3YYid5u3iTExKUk6jkpEJizkr1SN5JXh0uJnBpxavCXyZ3PKm3vOBEEvn9I5R4Q-HbCj4qJVz7MquPFeOOMZUTVE-PpfdbWm9Z1caqF', 'user': {'user_id': 23645861, 'first_name': 'Дмитрий', 'last_name': 'Марков', 'is_bot': False, 'last_activity_time': 1773055281000, 'name': 'Дмитрий Марков'}, 'payload': 'KBRD.0'}, 'message': {'recipient': {'chat_id': 233194361, 'chat_type': 'dialog', 'user_id': 23645861}, 'timestamp': 1772740005025, 'body': {'mid': 'mid.000000000de64379019cbf89cca15e0e', 'seq': 116178288969342478, 'text': 'Введите код доступа: * * * *', 'attachments': [{'callback_id': 'f9LHodD0cOLbBXYuLROUEakGbpBx7iIyqW96CbdxB34e47Xoj1JkKPHXMWianq3QKg-gcVxjykJDBGhmh4JjLhclPeYgu6UoC6_TMqWElud5z1LmZ9Rb', 'payload': {'buttons': [[{'payload': 'KBRD.7', 'text': '7', 'intent': 'default', 'type': 'callback'}, {'payload': 'KBRD.8', 'text': '8', 'intent': 'default', 'type': 'callback'}, {'payload': 'KBRD.9', 'text': '9', 'intent': 'default', 'type': 'callback'}], [{'payload': 'KBRD.4', 'text': '4', 'intent': 'default', 'type': 'callback'}, {'payload': 'KBRD.5', 'text': '5', 'intent': 'default', 'type': 'callback'}, {'payload': 'KBRD.6', 'text': '6', 'intent': 'default', 'type': 'callback'}], [{'payload': 'KBRD.3', 'text': '3', 'intent': 'default', 'type': 'callback'}, {'payload': 'KBRD.2', 'text': '2', 'intent': 'default', 'type': 'callback'}, {'payload': 'KBRD.1', 'text': '1', 'intent': 'default', 'type': 'callback'}], [{'payload': 'KBRD.0', 'text': '0', 'intent': 'default', 'type': 'callback'}, {'payload': 'KBRD.Cancel', 'text': 'Сброс', 'intent': 'default', 'type': 'callback'}], [{'payload': 'RecoveryAuthorization', 'text': 'Восстановление доступа', 'intent': 'default', 'type': 'callback'}], [{'payload': 'CancelCurrentOperation', 'text': 'Прервать операцию', 'intent': 'default', 'type': 'callback'}]]}, 'type': 'inline_keyboard'}], 'markup': [{'from': 20, 'length': 8, 'type': 'strong'}]}, 'sender': {'user_id': 210669020, 'first_name': 'DASHA_TOKEN_BOT', 'username': 'id575104156000_bot', 'is_bot': True, 'last_activity_time': 1773055302896, 'name': 'DASHA_TOKEN_BOT'}}, 'timestamp': 1772740065199, 'user_locale': 'ru', 'update_type': 'message_callback'}
clb

2026-03-09 14:21:44
23645861
edt

2026-03-09 14:21:45
string indices must be integers, not 'str'
snd-err

2026-03-09 14:21:46
None
del

2026-03-09 14:21:47
string indices must be integers, not 'str'
snd-err

2026-03-09 14:21:48
{'callback': {'timestamp': 1772740374046, 'callback_id': 'f9LHodD0cOKEDkIZl4zHUWXVBA44cegZJtVhc5MtYvMs7RxQaXtVFVy7rMLEKszPfz5ZnqUWVzaCwA3KjFpSesGjt0VrfzgiAiL6sTcKQx-xA1lUHgcg', 'user': {'user_id': 23645861, 'first_name': 'Дмитрий', 'last_name': 'Марков', 'is_bot': False, 'last_activity_time': 1773055281000, 'name': 'Дмитрий Марков'}, 'payload': 'Registration'}, 'message': {'recipient': {'chat_id': 233194361, 'chat_type': 'dialog', 'user_id': 23645861}, 'timestamp': 1772740255007, 'body': {'mid': 'mid.000000000de64379019cbf8d9d1f7324', 'seq': 116178305352168228, 'text': 'Превышено разрешенное время бездействия Бота.', 'attachments': [{'callback_id': 'f9LHodD0cOJT62xWY_thnhOiCBowgSEijZ8pF2ZNec2JgDcZvqkt_3JbFj7lFwbcSOUcvVBbSpKL3nnqzyftovz4W7R4BMRUo2AZ8qar1UAwMkSxGaZ8', 'payload': {'buttons': [[{'payload': 'Registration', 'text': 'Регистрация', 'intent': 'default', 'type': 'callback'}]]}, 'type': 'inline_keyboard'}], 'markup': [{'from': 40, 'length': 4, 'type': 'strong'}]}, 'sender': {'user_id': 210669020, 'first_name': 'DASHA_TOKEN_BOT', 'username': 'id575104156000_bot', 'is_bot': True, 'last_activity_time': 1773055309404, 'name': 'DASHA_TOKEN_BOT'}}, 'timestamp': 1772740374046, 'user_locale': 'ru', 'update_type': 'message_callback'}
clb

2026-03-09 14:21:50
string indices must be integers, not 'str'
snd-err

2026-03-09 14:21:51
None
del

2026-03-09 14:21:52
string indices must be integers, not 'str'
snd-err

2026-03-09 14:21:53
string indices must be integers, not 'str'
snd-err

2026-03-09 14:22:28
{'callback': {'timestamp': 1772740377402, 'callback_id': 'f9LHodD0cOII9yaIXYnBnOsNMke8SfK56AGRNJXsBEULEoMCnv21wWNTs7iVhT8D65UwHdrcLnV8m8NAZVLqXXzzzp-A_j54ZvhhAm7fBIkmrrXglRgq', 'user': {'user_id': 23645861, 'first_name': 'Дмитрий', 'last_name': 'Марков', 'is_bot': False, 'last_activity_time': 1773055281000, 'name': 'Дмитрий Марков'}, 'payload': 'Registration'}, 'message': {'recipient': {'chat_id': 233194361, 'chat_type': 'dialog', 'user_id': 23645861}, 'timestamp': 1772740374796, 'body': {'mid': 'mid.000000000de64379019cbf8f710c62fb', 'seq': 116178313202655995, 'text': 'Текст для RequiredRegistration не найден', 'attachments': [{'callback_id': 'f9LHodD0cOJSkNg8k5f2kgaA4FJw73-qfi9Apz6Gq4SL316NA8p2VY8XjoMO1_PA8GsPsyfHOBj4KPHf1a84M_FZUY-6mo7Z4yYIrxc5D0_xeleokerk', 'payload': {'buttons': [[{'payload': 'Registration', 'text': 'Регистрация', 'intent': 'default', 'type': 'callback'}]]}, 'type': 'inline_keyboard'}], 'markup': [{'from': 10, 'length': 20, 'type': 'strong'}]}, 'sender': {'user_id': 210669020, 'first_name': 'DASHA_TOKEN_BOT', 'username': 'id575104156000_bot', 'is_bot': True, 'last_activity_time': 1773055309406, 'name': 'DASHA_TOKEN_BOT'}}, 'timestamp': 1772740377402, 'user_locale': 'ru', 'update_type': 'message_callback'}
clb

2026-03-09 14:22:29
string indices must be integers, not 'str'
snd-err

2026-03-09 14:22:29
None
del

2026-03-09 14:22:30
string indices must be integers, not 'str'
snd-err

2026-03-09 14:22:32
string indices must be integers, not 'str'
snd-err

2026-03-09 14:22:35
{'message': {'recipient': {'chat_id': 233194361, 'chat_type': 'dialog', 'user_id': 210669020}, 'timestamp': 1772740383629, 'body': {'mid': 'mid.000000000de64379019cbf8f938d2a73', 'seq': 116178313781521011, 'text': '', 'attachments': [{'payload': {'vcf_info': 'BEGIN:VCARD\r\nVERSION:3.0\r\nPRODID:ez-vcard 0.10.3\r\nTEL;TYPE=cell:79175560062\r\nFN:Дмитрий Марков\r\nEND:VCARD\r\n', 'max_info': {'user_id': 23645861, 'first_name': 'Дмитрий', 'last_name': 'Марков', 'is_bot': False, 'last_activity_time': 1773055281000, 'name': 'Дмитрий Марков'}}, 'type': 'contact'}]}, 'sender': {'user_id': 23645861, 'first_name': 'Дмитрий', 'last_name': 'Марков', 'is_bot': False, 'last_activity_time': 1773055281000, 'name': 'Дмитрий Марков'}}, 'timestamp': 1772740383629, 'user_locale': 'ru', 'update_type': 'message_created'}
txt

2026-03-09 14:22:36
string indices must be integers, not 'str'
snd-err

2026-03-09 14:22:37
mid.000000000de64379019cbf8f938d2a73
del

2026-03-09 14:22:39
string indices must be integers, not 'str'
snd-err

2026-03-09 14:22:56
{'message': {'recipient': {'chat_id': 233194361, 'chat_type': 'dialog', 'user_id': 210669020}, 'timestamp': 1772740397063, 'body': {'mid': 'mid.000000000de64379019cbf8fc80729ae', 'seq': 116178314661931438, 'text': '991033097'}, 'sender': {'user_id': 23645861, 'first_name': 'Дмитрий', 'last_name': 'Марков', 'is_bot': False, 'last_activity_time': 1773055281000, 'name': 'Дмитрий Марков'}}, 'timestamp': 1772740397063, 'user_locale': 'ru', 'update_type': 'message_created'}
txt

2026-03-09 14:22:57
string indices must be integers, not 'str'
snd-err

2026-03-09 14:22:58
mid.000000000de64379019cbf8fc80729ae
del

2026-03-09 14:23:01
string indices must be integers, not 'str'
snd-err

2026-03-09 14:23:36
{'message': {'recipient': {'chat_id': 233194361, 'chat_type': 'dialog', 'user_id': 210669020}, 'timestamp': 1772740427209, 'body': {'mid': 'mid.000000000de64379019cbf903dc965e7', 'seq': 116178316637595111, 'text': '369717'}, 'sender': {'user_id': 23645861, 'first_name': 'Дмитрий', 'last_name': 'Марков', 'is_bot': False, 'last_activity_time': 1773055281000, 'name': 'Дмитрий Марков'}}, 'timestamp': 1772740427209, 'user_locale': 'ru', 'update_type': 'message_created'}
txt

2026-03-09 14:23:37
string indices must be integers, not 'str'
snd-err

2026-03-09 14:23:38
mid.000000000de64379019cbf903dc965e7
del

2026-03-09 14:23:39
string indices must be integers, not 'str'
snd-err

2026-03-09 14:33:56
{'callback': {'timestamp': 1772740786049, 'callback_id': 'f9LHodD0cOKYmUjHiw3nItg9WDsjLg7I_cJn2ExnG7nlhB7tkFI3HLxXTFI3-gZ-36-nMJEGxWAPp0tbowgZPKFiJfXWZQpmKaRnEhQX2oSr9Xs6QTdn', 'user': {'user_id': 23645861, 'first_name': 'Дмитрий', 'last_name': 'Марков', 'is_bot': False, 'last_activity_time': 1773055281000, 'name': 'Дмитрий Марков'}, 'payload': 'MenuDelUserYes'}, 'message': {'recipient': {'chat_id': 233194361, 'chat_type': 'dialog', 'user_id': 23645861}, 'timestamp': 1772740568534, 'body': {'mid': 'mid.000000000de64379019cbf9265d672f3', 'seq': 116178325899473651, 'text': 'Текст для MenuDelUserQuestion не найден', 'attachments': [{'callback_id': 'f9LHodD0cOJ3jbHVlCRd9AkphZFFIAOfJ8t8TwlV0G6C6CjJ-HFqvu24e2wti4pMy219lbKoe66AZ5kORYJqXfX8omKmKGBZ0xFGzcTm-96S-lnEzKZ6', 'payload': {'buttons': [[{'payload': 'MenuDelUserYes', 'text': 'ДА - отказаться от сервиса', 'intent': 'default', 'type': 'callback'}], [{'payload': 'MenuDelUserNo', 'text': 'НЕТ - остаться в сервисе', 'intent': 'default', 'type': 'callback'}]]}, 'type': 'inline_keyboard'}], 'markup': [{'from': 10, 'length': 19, 'type': 'strong'}]}, 'sender': {'user_id': 210669020, 'first_name': 'DASHA_TOKEN_BOT', 'username': 'id575104156000_bot', 'is_bot': True, 'last_activity_time': 1773056037424, 'name': 'DASHA_TOKEN_BOT'}}, 'timestamp': 1772740786049, 'user_locale': 'ru', 'update_type': 'message_callback'}
clb

2026-03-09 14:33:57
string indices must be integers, not 'str'
snd-err

2026-03-09 14:33:58
None
del

2026-03-09 14:33:59
string indices must be integers, not 'str'
snd-err

2026-03-09 14:34:00
{'callback': {'timestamp': 1772740903967, 'callback_id': 'f9LHodD0cOKj_CtWM-IJfzpF3WKiDeYNApMCz870VLmS24fPljGOiUng5QuwFVDYCNXWF7NwhFrYl9z6uXz4kdVv0Oizznksbqjft67K50cxkEYwcJwt', 'user': {'user_id': 23645861, 'first_name': 'Дмитрий', 'last_name': 'Марков', 'is_bot': False, 'last_activity_time': 1773055281000, 'name': 'Дмитрий Марков'}, 'payload': 'MenuDelUserNo'}, 'message': {'recipient': {'chat_id': 233194361, 'chat_type': 'dialog', 'user_id': 23645861}, 'timestamp': 1772740568534, 'body': {'mid': 'mid.000000000de64379019cbf9265d672f3', 'seq': 116178325899473651, 'text': 'Текст для MenuDelUserQuestion не найден', 'attachments': [{'callback_id': 'f9LHodD0cOIsbddEJrF6xXn0H4iIOAWgJ-12daB1urJrno29-n_fnLBNXUyehVbGumseB2As3LqNj-DBVXC3NNcWNnFgZnSm_IA5p6U6Sv25i31LVIZ4', 'payload': {'buttons': [[{'payload': 'MenuDelUserYes', 'text': 'ДА - отказаться от сервиса', 'intent': 'default', 'type': 'callback'}], [{'payload': 'MenuDelUserNo', 'text': 'НЕТ - остаться в сервисе', 'intent': 'default', 'type': 'callback'}]]}, 'type': 'inline_keyboard'}], 'markup': [{'from': 10, 'length': 19, 'type': 'strong'}]}, 'sender': {'user_id': 210669020, 'first_name': 'DASHA_TOKEN_BOT', 'username': 'id575104156000_bot', 'is_bot': True, 'last_activity_time': 1773056041373, 'name': 'DASHA_TOKEN_BOT'}}, 'timestamp': 1772740903967, 'user_locale': 'ru', 'update_type': 'message_callback'}
clb

2026-03-09 14:34:01
string indices must be integers, not 'str'
snd-err

2026-03-09 14:34:02
None
del

2026-03-09 14:34:03
string indices must be integers, not 'str'
snd-err

2026-03-09 14:34:03
{'callback': {'timestamp': 1772740937226, 'callback_id': 'f9LHodD0cOLfoZMQ4VH49ijMAqaOj7fDoC6_W4snK8Rsv57aVsMDRwkgR5KdSfldRznUSM6HsaVuzgZmi64hFq8JF6S_2UjKIw2_gb411AyoHWd5TtMf', 'user': {'user_id': 23645861, 'first_name': 'Дмитрий', 'last_name': 'Марков', 'is_bot': False, 'last_activity_time': 1773055281000, 'name': 'Дмитрий Марков'}, 'payload': 'MainMenu'}, 'message': {'recipient': {'chat_id': 233194361, 'chat_type': 'dialog', 'user_id': 23645861}, 'timestamp': 1772740916297, 'body': {'mid': 'mid.000000000de64379019cbf97b4495145', 'seq': 116178348690460997, 'text': 'Для продолжения перейдите в Главное меню Бота или получите Новый токен.', 'attachments': [{'callback_id': 'f9LHodD0cOJnoyWhbWtz0oHHpxu4vn-n3691rn_lcojGhpzONASG2162tELlEZek852IplCsKUrscG_9AcZBuMFGLOklNiXWMGxOEGrDJtJMaVWVADKt', 'payload': {'buttons': [[{'payload': 'MainMenu', 'text': 'Главное меню', 'intent': 'default', 'type': 'callback'}], [{'payload': 'GetNewToken', 'text': 'Новый токен', 'intent': 'default', 'type': 'callback'}]]}, 'type': 'inline_keyboard'}], 'markup': [{'from': 28, 'length': 12, 'type': 'strong'}, {'from': 59, 'length': 11, 'type': 'strong'}]}, 'sender': {'user_id': 210669020, 'first_name': 'DASHA_TOKEN_BOT', 'username': 'id575104156000_bot', 'is_bot': True, 'last_activity_time': 1773056041375, 'name': 'DASHA_TOKEN_BOT'}}, 'timestamp': 1772740937226, 'user_locale': 'ru', 'update_type': 'message_callback'}
clb

2026-03-09 14:34:04
string indices must be integers, not 'str'
snd-err

2026-03-09 14:34:04
None
del

2026-03-09 14:34:05
string indices must be integers, not 'str'
snd-err

2026-03-09 14:34:05
{'callback': {'timestamp': 1772740942916, 'callback_id': 'f9LHodD0cOIGlQLNaoPYb3cJfY0eJbvTDyA3TT5nhhXXSv11Tb_Y-vC8sFPcbNuF-yU6_s46iqs2ACbIfxeeNBGPf_-iCE37sBcZH3QlYQw4vWqoH-Cv', 'user': {'user_id': 23645861, 'first_name': 'Дмитрий', 'last_name': 'Марков', 'is_bot': False, 'last_activity_time': 1773055281000, 'name': 'Дмитрий Марков'}, 'payload': 'Authorization'}, 'message': {'recipient': {'chat_id': 233194361, 'chat_type': 'dialog', 'user_id': 23645861}, 'timestamp': 1772740937930, 'body': {'mid': 'mid.000000000de64379019cbf9808ca1c96', 'seq': 116178350108187798, 'text': 'Текст для RequiredAuthorization не найден', 'attachments': [{'callback_id': 'f9LHodD0cOJVYMIYlUX2IAclotz0l1aKQEW91ph05PWJTxusekDbCZEj1dY8N9gNbFgP9Hd3UxrauHDk0lOZNzMAyeIf_oVBQOz1WNegT_pnaeUx6Ziw', 'payload': {'buttons': [[{'payload': 'Authorization', 'text': 'Авторизоваться', 'intent': 'default', 'type': 'callback'}]]}, 'type': 'inline_keyboard'}], 'markup': [{'from': 10, 'length': 21, 'type': 'strong'}]}, 'sender': {'user_id': 210669020, 'first_name': 'DASHA_TOKEN_BOT', 'username': 'id575104156000_bot', 'is_bot': True, 'last_activity_time': 1773056041377, 'name': 'DASHA_TOKEN_BOT'}}, 'timestamp': 1772740942916, 'user_locale': 'ru', 'update_type': 'message_callback'}
clb

2026-03-09 14:34:06
string indices must be integers, not 'str'
snd-err

2026-03-09 14:34:07
None
del

2026-03-09 14:34:08
string indices must be integers, not 'str'
snd-err

2026-03-09 14:34:10
string indices must be integers, not 'str'
snd-err

2026-03-09 14:34:10
{'callback': {'timestamp': 1772740946969, 'callback_id': 'f9LHodD0cOLThZytnY5u5zSI4i3P8ewfXlkuyZfy-dkvtgifg19ey_Dpyonn1FiLqpc7j_OXSc0yX4SCaNMLyWpzPE7sDB8O3w1xv9KNjtuSdYGiB3G-', 'user': {'user_id': 23645861, 'first_name': 'Дмитрий', 'last_name': 'Марков', 'is_bot': False, 'last_activity_time': 1773055281000, 'name': 'Дмитрий Марков'}, 'payload': 'KBRD.0'}, 'message': {'recipient': {'chat_id': 233194361, 'chat_type': 'dialog', 'user_id': 23645861}, 'timestamp': 1772740944830, 'body': {'mid': 'mid.000000000de64379019cbf9823be5964', 'seq': 116178350560401764, 'text': 'Введите код доступа: * * * *', 'attachments': [{'callback_id': 'f9LHodD0cOJM62k4qoMFZce2o7OLSi6zKy_8weicdoHYk5p-apoNb1H7o2s3sAMuDyihakdsDlPMwuNSfP4SyggeT3b1HKcAQUrqOFSPLdrspcMrPi5d', 'payload': {'buttons': [[{'payload': 'KBRD.7', 'text': '7', 'intent': 'default', 'type': 'callback'}, {'payload': 'KBRD.8', 'text': '8', 'intent': 'default', 'type': 'callback'}, {'payload': 'KBRD.9', 'text': '9', 'intent': 'default', 'type': 'callback'}], [{'payload': 'KBRD.4', 'text': '4', 'intent': 'default', 'type': 'callback'}, {'payload': 'KBRD.5', 'text': '5', 'intent': 'default', 'type': 'callback'}, {'payload': 'KBRD.6', 'text': '6', 'intent': 'default', 'type': 'callback'}], [{'payload': 'KBRD.3', 'text': '3', 'intent': 'default', 'type': 'callback'}, {'payload': 'KBRD.2', 'text': '2', 'intent': 'default', 'type': 'callback'}, {'payload': 'KBRD.1', 'text': '1', 'intent': 'default', 'type': 'callback'}], [{'payload': 'KBRD.0', 'text': '0', 'intent': 'default', 'type': 'callback'}, {'payload': 'KBRD.Cancel', 'text': 'Сброс', 'intent': 'default', 'type': 'callback'}], [{'payload': 'RecoveryAuthorization', 'text': 'Восстановление доступа', 'intent': 'default', 'type': 'callback'}], [{'payload': 'CancelCurrentOperation', 'text': 'Прервать операцию', 'intent': 'default', 'type': 'callback'}]]}, 'type': 'inline_keyboard'}], 'markup': [{'from': 20, 'length': 8, 'type': 'strong'}]}, 'sender': {'user_id': 210669020, 'first_name': 'DASHA_TOKEN_BOT', 'username': 'id575104156000_bot', 'is_bot': True, 'last_activity_time': 1773056041379, 'name': 'DASHA_TOKEN_BOT'}}, 'timestamp': 1772740946969, 'user_locale': 'ru', 'update_type': 'message_callback'}
clb

2026-03-09 14:34:11
23645861
edt

2026-03-09 14:34:11
{'callback': {'timestamp': 1772740947327, 'callback_id': 'f9LHodD0cOIVoh_1RTxWkqF-cFK1MySQlyGrzoEqnkNm7B07Jjum2ktyNvOR2uljryvccaPW03-knkxwG2OCcznVVxOfABS6BJp99SY6tOZUKCdulwgR', 'user': {'user_id': 23645861, 'first_name': 'Дмитрий', 'last_name': 'Марков', 'is_bot': False, 'last_activity_time': 1773055281000, 'name': 'Дмитрий Марков'}, 'payload': 'KBRD.0'}, 'message': {'recipient': {'chat_id': 233194361, 'chat_type': 'dialog', 'user_id': 23645861}, 'timestamp': 1772740944830, 'body': {'mid': 'mid.000000000de64379019cbf9823be5964', 'seq': 116178350560401764, 'text': 'Введите код доступа: * * * *', 'attachments': [{'callback_id': 'f9LHodD0cOJG94BZrG5oGRDPBeOhrGzI2oksGqgyFXg1HTppsMFVTS9XOEARs1VU5sUnABaUwW-LmShGiy1bBRpRtIuX223BtSFTfYZ2K8tCfgMkk1q-', 'payload': {'buttons': [[{'payload': 'KBRD.7', 'text': '7', 'intent': 'default', 'type': 'callback'}, {'payload': 'KBRD.8', 'text': '8', 'intent': 'default', 'type': 'callback'}, {'payload': 'KBRD.9', 'text': '9', 'intent': 'default', 'type': 'callback'}], [{'payload': 'KBRD.4', 'text': '4', 'intent': 'default', 'type': 'callback'}, {'payload': 'KBRD.5', 'text': '5', 'intent': 'default', 'type': 'callback'}, {'payload': 'KBRD.6', 'text': '6', 'intent': 'default', 'type': 'callback'}], [{'payload': 'KBRD.3', 'text': '3', 'intent': 'default', 'type': 'callback'}, {'payload': 'KBRD.2', 'text': '2', 'intent': 'default', 'type': 'callback'}, {'payload': 'KBRD.1', 'text': '1', 'intent': 'default', 'type': 'callback'}], [{'payload': 'KBRD.0', 'text': '0', 'intent': 'default', 'type': 'callback'}, {'payload': 'KBRD.Cancel', 'text': 'Сброс', 'intent': 'default', 'type': 'callback'}], [{'payload': 'RecoveryAuthorization', 'text': 'Восстановление доступа', 'intent': 'default', 'type': 'callback'}], [{'payload': 'CancelCurrentOperation', 'text': 'Прервать операцию', 'intent': 'default', 'type': 'callback'}]]}, 'type': 'inline_keyboard'}], 'markup': [{'from': 20, 'length': 8, 'type': 'strong'}]}, 'sender': {'user_id': 210669020, 'first_name': 'DASHA_TOKEN_BOT', 'username': 'id575104156000_bot', 'is_bot': True, 'last_activity_time': 1773056041381, 'name': 'DASHA_TOKEN_BOT'}}, 'timestamp': 1772740947327, 'user_locale': 'ru', 'update_type': 'message_callback'}
clb

2026-03-09 14:34:12
23645861
edt

2026-03-09 14:34:12
{'callback': {'timestamp': 1772740947717, 'callback_id': 'f9LHodD0cOIn3VfRmwc15KxNMcyoYlyDA5oAtwMknQTFEG_5c1g6OVp_uo3AKd8ongEfFqR0TH3fIp8MPhogmT-Vag97YoxE6t1LnYdqHpDjISK1-dzH', 'user': {'user_id': 23645861, 'first_name': 'Дмитрий', 'last_name': 'Марков', 'is_bot': False, 'last_activity_time': 1773055281000, 'name': 'Дмитрий Марков'}, 'payload': 'KBRD.0'}, 'message': {'recipient': {'chat_id': 233194361, 'chat_type': 'dialog', 'user_id': 23645861}, 'timestamp': 1772740944830, 'body': {'mid': 'mid.000000000de64379019cbf9823be5964', 'seq': 116178350560401764, 'text': 'Введите код доступа: * * * *', 'attachments': [{'callback_id': 'f9LHodD0cOLY1tiQrvgqjX5rnDeCiqLMB4Vg8TQbgcso9ltYkqcQBuR_0siqPfMQu8LhP9cRPJ1G71eXvt7u6jyxKK5ul2rl3jW_bgCFRPFhVbquYOe9', 'payload': {'buttons': [[{'payload': 'KBRD.7', 'text': '7', 'intent': 'default', 'type': 'callback'}, {'payload': 'KBRD.8', 'text': '8', 'intent': 'default', 'type': 'callback'}, {'payload': 'KBRD.9', 'text': '9', 'intent': 'default', 'type': 'callback'}], [{'payload': 'KBRD.4', 'text': '4', 'intent': 'default', 'type': 'callback'}, {'payload': 'KBRD.5', 'text': '5', 'intent': 'default', 'type': 'callback'}, {'payload': 'KBRD.6', 'text': '6', 'intent': 'default', 'type': 'callback'}], [{'payload': 'KBRD.3', 'text': '3', 'intent': 'default', 'type': 'callback'}, {'payload': 'KBRD.2', 'text': '2', 'intent': 'default', 'type': 'callback'}, {'payload': 'KBRD.1', 'text': '1', 'intent': 'default', 'type': 'callback'}], [{'payload': 'KBRD.0', 'text': '0', 'intent': 'default', 'type': 'callback'}, {'payload': 'KBRD.Cancel', 'text': 'Сброс', 'intent': 'default', 'type': 'callback'}], [{'payload': 'RecoveryAuthorization', 'text': 'Восстановление доступа', 'intent': 'default', 'type': 'callback'}], [{'payload': 'CancelCurrentOperation', 'text': 'Прервать операцию', 'intent': 'default', 'type': 'callback'}]]}, 'type': 'inline_keyboard'}], 'markup': [{'from': 20, 'length': 8, 'type': 'strong'}]}, 'sender': {'user_id': 210669020, 'first_name': 'DASHA_TOKEN_BOT', 'username': 'id575104156000_bot', 'is_bot': True, 'last_activity_time': 1773056041383, 'name': 'DASHA_TOKEN_BOT'}}, 'timestamp': 1772740947717, 'user_locale': 'ru', 'update_type': 'message_callback'}
clb

2026-03-09 14:34:12
23645861
edt

2026-03-09 14:34:12
{'callback': {'timestamp': 1772740948171, 'callback_id': 'f9LHodD0cOI29V2mXWIZffyzuilcRCzBGaMMtLIDXGA_PTANRD16AD4dG_ysziNyH9Z3EUjQF7d3f_qrEYVxkZpZOxWiTTuH_jphUJSKACQaQE35yzzT', 'user': {'user_id': 23645861, 'first_name': 'Дмитрий', 'last_name': 'Марков', 'is_bot': False, 'last_activity_time': 1773055281000, 'name': 'Дмитрий Марков'}, 'payload': 'KBRD.0'}, 'message': {'recipient': {'chat_id': 233194361, 'chat_type': 'dialog', 'user_id': 23645861}, 'timestamp': 1772740944830, 'body': {'mid': 'mid.000000000de64379019cbf9823be5964', 'seq': 116178350560401764, 'text': 'Введите код доступа: * * * *', 'attachments': [{'callback_id': 'f9LHodD0cOKXyE3yKcq0EZR7Yxttry3SU_aQe_dQQLpxbsUYnTcItTAUy6eQhVUayPJ5NC_EmM7BivOxfjqqmz4Vqf9E2akVctqmp1hWUP4WHCrEOtKS', 'payload': {'buttons': [[{'payload': 'KBRD.7', 'text': '7', 'intent': 'default', 'type': 'callback'}, {'payload': 'KBRD.8', 'text': '8', 'intent': 'default', 'type': 'callback'}, {'payload': 'KBRD.9', 'text': '9', 'intent': 'default', 'type': 'callback'}], [{'payload': 'KBRD.4', 'text': '4', 'intent': 'default', 'type': 'callback'}, {'payload': 'KBRD.5', 'text': '5', 'intent': 'default', 'type': 'callback'}, {'payload': 'KBRD.6', 'text': '6', 'intent': 'default', 'type': 'callback'}], [{'payload': 'KBRD.3', 'text': '3', 'intent': 'default', 'type': 'callback'}, {'payload': 'KBRD.2', 'text': '2', 'intent': 'default', 'type': 'callback'}, {'payload': 'KBRD.1', 'text': '1', 'intent': 'default', 'type': 'callback'}], [{'payload': 'KBRD.0', 'text': '0', 'intent': 'default', 'type': 'callback'}, {'payload': 'KBRD.Cancel', 'text': 'Сброс', 'intent': 'default', 'type': 'callback'}], [{'payload': 'RecoveryAuthorization', 'text': 'Восстановление доступа', 'intent': 'default', 'type': 'callback'}], [{'payload': 'CancelCurrentOperation', 'text': 'Прервать операцию', 'intent': 'default', 'type': 'callback'}]]}, 'type': 'inline_keyboard'}], 'markup': [{'from': 20, 'length': 8, 'type': 'strong'}]}, 'sender': {'user_id': 210669020, 'first_name': 'DASHA_TOKEN_BOT', 'username': 'id575104156000_bot', 'is_bot': True, 'last_activity_time': 1773056041385, 'name': 'DASHA_TOKEN_BOT'}}, 'timestamp': 1772740948171, 'user_locale': 'ru', 'update_type': 'message_callback'}
clb

2026-03-09 14:34:13
23645861
edt

2026-03-09 14:34:14
string indices must be integers, not 'str'
snd-err

2026-03-09 14:34:15
None
del

2026-03-09 14:34:41
{'callback': {'timestamp': 1772741081477, 'callback_id': 'f9LHodD0cOL4g9dAdseUVxLIKrgUmr5MiZ563za3HngQP6aPGbi5sBSSPZi54pFmqT09NsijcW_7q6fgk_xskAvIMs-5fUg89iogggH4RRremoqJgbyM', 'user': {'user_id': 23645861, 'first_name': 'Дмитрий', 'last_name': 'Марков', 'is_bot': False, 'last_activity_time': 1773055281000, 'name': 'Дмитрий Марков'}, 'payload': 'Registration'}, 'message': {'recipient': {'chat_id': 233194361, 'chat_type': 'dialog', 'user_id': 23645861}, 'timestamp': 1772741047251, 'body': {'mid': 'mid.000000000de64379019cbf99b3d34db7', 'seq': 116178357272661431, 'text': 'Текст для RequiredRegistration не найден', 'attachments': [{'callback_id': 'f9LHodD0cOLKErWjh0w-pqs_ImkJamMCWU5Samssp9bz3OhNRAA1I0-vhMcShmJmDIXeFu-v8CASr45EOVx196cCMVmCLx2SxtzfX71k8FfH3Z4uO5Am', 'payload': {'buttons': [[{'payload': 'Registration', 'text': 'Регистрация', 'intent': 'default', 'type': 'callback'}]]}, 'type': 'inline_keyboard'}], 'markup': [{'from': 10, 'length': 20, 'type': 'strong'}]}, 'sender': {'user_id': 210669020, 'first_name': 'DASHA_TOKEN_BOT', 'username': 'id575104156000_bot', 'is_bot': True, 'last_activity_time': 1773056067600, 'name': 'DASHA_TOKEN_BOT'}}, 'timestamp': 1772741081477, 'user_locale': 'ru', 'update_type': 'message_callback'}
clb

2026-03-09 14:34:41
string indices must be integers, not 'str'
snd-err

2026-03-09 14:34:42
string indices must be integers, not 'str'
snd-err

2026-03-09 14:34:44
string indices must be integers, not 'str'
snd-err

2026-03-09 14:34:44
{'message': {'recipient': {'chat_id': 233194361, 'chat_type': 'dialog', 'user_id': 210669020}, 'timestamp': 1772741086855, 'body': {'mid': 'mid.000000000de64379019cbf9a4e872a73', 'seq': 116178359868140147, 'text': '', 'attachments': [{'payload': {'vcf_info': 'BEGIN:VCARD\r\nVERSION:3.0\r\nPRODID:ez-vcard 0.10.3\r\nTEL;TYPE=cell:79175560062\r\nFN:Дмитрий Марков\r\nEND:VCARD\r\n', 'max_info': {'user_id': 23645861, 'first_name': 'Дмитрий', 'last_name': 'Марков', 'is_bot': False, 'last_activity_time': 1773055281000, 'name': 'Дмитрий Марков'}}, 'type': 'contact'}]}, 'sender': {'user_id': 23645861, 'first_name': 'Дмитрий', 'last_name': 'Марков', 'is_bot': False, 'last_activity_time': 1773055281000, 'name': 'Дмитрий Марков'}}, 'timestamp': 1772741086855, 'user_locale': 'ru', 'update_type': 'message_created'}
txt

2026-03-09 14:34:45
string indices must be integers, not 'str'
snd-err

2026-03-09 14:34:45
mid.000000000de64379019cbf9a4e872a73
del

2026-03-09 14:34:47
string indices must be integers, not 'str'
snd-err

2026-03-09 14:34:47
{'message': {'recipient': {'chat_id': 233194361, 'chat_type': 'dialog', 'user_id': 210669020}, 'timestamp': 1772741099862, 'body': {'mid': 'mid.000000000de64379019cbf9a815629ae', 'seq': 116178360720566702, 'text': '991033097'}, 'sender': {'user_id': 23645861, 'first_name': 'Дмитрий', 'last_name': 'Марков', 'is_bot': False, 'last_activity_time': 1773055281000, 'name': 'Дмитрий Марков'}}, 'timestamp': 1772741099862, 'user_locale': 'ru', 'update_type': 'message_created'}
txt

2026-03-09 14:34:48
string indices must be integers, not 'str'
snd-err

2026-03-09 14:34:49
mid.000000000de64379019cbf9a815629ae
del

2026-03-09 14:34:51
string indices must be integers, not 'str'
snd-err

2026-03-09 14:34:51
{'message': {'recipient': {'chat_id': 233194361, 'chat_type': 'dialog', 'user_id': 210669020}, 'timestamp': 1772741119991, 'body': {'mid': 'mid.000000000de64379019cbf9acff73d31', 'seq': 116178362039745841, 'text': '926516'}, 'sender': {'user_id': 23645861, 'first_name': 'Дмитрий', 'last_name': 'Марков', 'is_bot': False, 'last_activity_time': 1773055281000, 'name': 'Дмитрий Марков'}}, 'timestamp': 1772741119991, 'user_locale': 'ru', 'update_type': 'message_created'}
txt

2026-03-09 14:34:52
string indices must be integers, not 'str'
snd-err

2026-03-09 14:34:53
mid.000000000de64379019cbf9acff73d31
del

2026-03-09 14:34:53
string indices must be integers, not 'str'
snd-err

2026-03-09 14:34:53
{'callback': {'timestamp': 1772741169967, 'callback_id': 'f9LHodD0cOI8_3HYLxmEt4l5dmjaw9YJlKdOKKJ7sDB5JWd9HXDNbuYARcChnlTRgBUvjgGVMHL9Bu_t1JVqg9Nv4obmgRbQe_XagfjxeMx5oVjypulh', 'user': {'user_id': 23645861, 'first_name': 'Дмитрий', 'last_name': 'Марков', 'is_bot': False, 'last_activity_time': 1773055281000, 'name': 'Дмитрий Марков'}, 'payload': 'KBRD.0'}, 'message': {'recipient': {'chat_id': 233194361, 'chat_type': 'dialog', 'user_id': 23645861}, 'timestamp': 1772741123103, 'body': {'mid': 'mid.000000000de64379019cbf9adc1f28a0', 'seq': 116178362243688608, 'text': 'Введите код доступа: * * * *', 'attachments': [{'callback_id': 'f9LHodD0cOJbQa6DZD8iuI2lckhGSwJKUCj0_7VCEQ5hf4XqS7X0Sn7huIrH_tKUmvO-__L5XzsaF5UnQxVwzkNI0DzdCW9ti7LeFZh-CR6VAZsfOUjc', 'payload': {'buttons': [[{'payload': 'KBRD.7', 'text': '7', 'intent': 'default', 'type': 'callback'}, {'payload': 'KBRD.8', 'text': '8', 'intent': 'default', 'type': 'callback'}, {'payload': 'KBRD.9', 'text': '9', 'intent': 'default', 'type': 'callback'}], [{'payload': 'KBRD.4', 'text': '4', 'intent': 'default', 'type': 'callback'}, {'payload': 'KBRD.5', 'text': '5', 'intent': 'default', 'type': 'callback'}, {'payload': 'KBRD.6', 'text': '6', 'intent': 'default', 'type': 'callback'}], [{'payload': 'KBRD.3', 'text': '3', 'intent': 'default', 'type': 'callback'}, {'payload': 'KBRD.2', 'text': '2', 'intent': 'default', 'type': 'callback'}, {'payload': 'KBRD.1', 'text': '1', 'intent': 'default', 'type': 'callback'}], [{'payload': 'KBRD.0', 'text': '0', 'intent': 'default', 'type': 'callback'}, {'payload': 'KBRD.Cancel', 'text': 'Сброс', 'intent': 'default', 'type': 'callback'}], [{'payload': 'RecoveryAuthorization', 'text': 'Восстановление доступа', 'intent': 'default', 'type': 'callback'}], [{'payload': 'CancelCurrentOperation', 'text': 'Прервать операцию', 'intent': 'default', 'type': 'callback'}]]}, 'type': 'inline_keyboard'}], 'markup': [{'from': 20, 'length': 8, 'type': 'strong'}]}, 'sender': {'user_id': 210669020, 'first_name': 'DASHA_TOKEN_BOT', 'username': 'id575104156000_bot', 'is_bot': True, 'last_activity_time': 1773056067602, 'name': 'DASHA_TOKEN_BOT'}}, 'timestamp': 1772741169967, 'user_locale': 'ru', 'update_type': 'message_callback'}
clb

2026-03-09 14:34:54
23645861
edt

2026-03-09 14:34:54
{'callback': {'timestamp': 1772741171885, 'callback_id': 'f9LHodD0cOLFC-Hc-939pJwq4P_7BsuarKST2quvaTW1Y5opps6IxiW7kFVa2CBXASIhFwdrOKXeAuN3dIn6emsJ7y9f_awthy8UqxxRDkK8CqHqu4vN', 'user': {'user_id': 23645861, 'first_name': 'Дмитрий', 'last_name': 'Марков', 'is_bot': False, 'last_activity_time': 1773055281000, 'name': 'Дмитрий Марков'}, 'payload': 'KBRD.0'}, 'message': {'recipient': {'chat_id': 233194361, 'chat_type': 'dialog', 'user_id': 23645861}, 'timestamp': 1772741123103, 'body': {'mid': 'mid.000000000de64379019cbf9adc1f28a0', 'seq': 116178362243688608, 'text': 'Введите код доступа: * * * *', 'attachments': [{'callback_id': 'f9LHodD0cOIq11ibIKAVNSw_74v87Hhrlj9XBEy53IjG1KibY2TygQ3PROpAaEa8xN9TCC6mwz80umNjx-kydnPyik3KNRk6Qb6FxBOqAtj3YnkYqnjO', 'payload': {'buttons': [[{'payload': 'KBRD.7', 'text': '7', 'intent': 'default', 'type': 'callback'}, {'payload': 'KBRD.8', 'text': '8', 'intent': 'default', 'type': 'callback'}, {'payload': 'KBRD.9', 'text': '9', 'intent': 'default', 'type': 'callback'}], [{'payload': 'KBRD.4', 'text': '4', 'intent': 'default', 'type': 'callback'}, {'payload': 'KBRD.5', 'text': '5', 'intent': 'default', 'type': 'callback'}, {'payload': 'KBRD.6', 'text': '6', 'intent': 'default', 'type': 'callback'}], [{'payload': 'KBRD.3', 'text': '3', 'intent': 'default', 'type': 'callback'}, {'payload': 'KBRD.2', 'text': '2', 'intent': 'default', 'type': 'callback'}, {'payload': 'KBRD.1', 'text': '1', 'intent': 'default', 'type': 'callback'}], [{'payload': 'KBRD.0', 'text': '0', 'intent': 'default', 'type': 'callback'}, {'payload': 'KBRD.Cancel', 'text': 'Сброс', 'intent': 'default', 'type': 'callback'}], [{'payload': 'RecoveryAuthorization', 'text': 'Восстановление доступа', 'intent': 'default', 'type': 'callback'}], [{'payload': 'CancelCurrentOperation', 'text': 'Прервать операцию', 'intent': 'default', 'type': 'callback'}]]}, 'type': 'inline_keyboard'}], 'markup': [{'from': 20, 'length': 8, 'type': 'strong'}]}, 'sender': {'user_id': 210669020, 'first_name': 'DASHA_TOKEN_BOT', 'username': 'id575104156000_bot', 'is_bot': True, 'last_activity_time': 1773056067604, 'name': 'DASHA_TOKEN_BOT'}}, 'timestamp': 1772741171885, 'user_locale': 'ru', 'update_type': 'message_callback'}
clb

2026-03-09 14:34:55
23645861
edt

2026-03-09 14:34:55
{'callback': {'timestamp': 1772741173331, 'callback_id': 'f9LHodD0cOKGr_mTKH0ZaJb-Z1k9GAlAZQ0Ck62th84K-18AVlw3maLyP7VdO_-OAp_Vp7Ph_2QB8g4OkWRA4KGx1xg88BGtHnFLHlGiiGGYeY0yP4x4', 'user': {'user_id': 23645861, 'first_name': 'Дмитрий', 'last_name': 'Марков', 'is_bot': False, 'last_activity_time': 1773055281000, 'name': 'Дмитрий Марков'}, 'payload': 'KBRD.0'}, 'message': {'recipient': {'chat_id': 233194361, 'chat_type': 'dialog', 'user_id': 23645861}, 'timestamp': 1772741123103, 'body': {'mid': 'mid.000000000de64379019cbf9adc1f28a0', 'seq': 116178362243688608, 'text': 'Введите код доступа: * * * *', 'attachments': [{'callback_id': 'f9LHodD0cOLWvBREcptrXG4ZpgjqkTKAcqaqPjIHl_EBhr_q_GVNPQLkZz5aRP6t-8BElJUvUbmqFMfBgxTfxQTJKiTQo-DM4aXIWobm-jufsL0rn2G2', 'payload': {'buttons': [[{'payload': 'KBRD.7', 'text': '7', 'intent': 'default', 'type': 'callback'}, {'payload': 'KBRD.8', 'text': '8', 'intent': 'default', 'type': 'callback'}, {'payload': 'KBRD.9', 'text': '9', 'intent': 'default', 'type': 'callback'}], [{'payload': 'KBRD.4', 'text': '4', 'intent': 'default', 'type': 'callback'}, {'payload': 'KBRD.5', 'text': '5', 'intent': 'default', 'type': 'callback'}, {'payload': 'KBRD.6', 'text': '6', 'intent': 'default', 'type': 'callback'}], [{'payload': 'KBRD.3', 'text': '3', 'intent': 'default', 'type': 'callback'}, {'payload': 'KBRD.2', 'text': '2', 'intent': 'default', 'type': 'callback'}, {'payload': 'KBRD.1', 'text': '1', 'intent': 'default', 'type': 'callback'}], [{'payload': 'KBRD.0', 'text': '0', 'intent': 'default', 'type': 'callback'}, {'payload': 'KBRD.Cancel', 'text': 'Сброс', 'intent': 'default', 'type': 'callback'}], [{'payload': 'RecoveryAuthorization', 'text': 'Восстановление доступа', 'intent': 'default', 'type': 'callback'}], [{'payload': 'CancelCurrentOperation', 'text': 'Прервать операцию', 'intent': 'default', 'type': 'callback'}]]}, 'type': 'inline_keyboard'}], 'markup': [{'from': 20, 'length': 8, 'type': 'strong'}]}, 'sender': {'user_id': 210669020, 'first_name': 'DASHA_TOKEN_BOT', 'username': 'id575104156000_bot', 'is_bot': True, 'last_activity_time': 1773056067606, 'name': 'DASHA_TOKEN_BOT'}}, 'timestamp': 1772741173331, 'user_locale': 'ru', 'update_type': 'message_callback'}
clb

2026-03-09 14:34:55
23645861
edt

2026-03-09 14:34:55
{'callback': {'timestamp': 1772741174855, 'callback_id': 'f9LHodD0cOIYerG4-iApg-_DS5KiBaijAsr03__Nujq99kFDkCczhhrsvSsOzB0GDoZYDhRrnCNaQ4H8R6dEZTQsHcc0A3JMjfEq7kp_1rAWS74-VKOw', 'user': {'user_id': 23645861, 'first_name': 'Дмитрий', 'last_name': 'Марков', 'is_bot': False, 'last_activity_time': 1773055281000, 'name': 'Дмитрий Марков'}, 'payload': 'KBRD.0'}, 'message': {'recipient': {'chat_id': 233194361, 'chat_type': 'dialog', 'user_id': 23645861}, 'timestamp': 1772741123103, 'body': {'mid': 'mid.000000000de64379019cbf9adc1f28a0', 'seq': 116178362243688608, 'text': 'Введите код доступа: * * * *', 'attachments': [{'callback_id': 'f9LHodD0cOI-bZ0OadZUP6xCyCNyYBJMZuyAxF_HR4xkd9OTcPj2Ed7B0W590MLbV_INM_fZ7jqHuJL5vXM8YL8HCbccTjs51f-L1rbS7eMoFTZU76XC', 'payload': {'buttons': [[{'payload': 'KBRD.7', 'text': '7', 'intent': 'default', 'type': 'callback'}, {'payload': 'KBRD.8', 'text': '8', 'intent': 'default', 'type': 'callback'}, {'payload': 'KBRD.9', 'text': '9', 'intent': 'default', 'type': 'callback'}], [{'payload': 'KBRD.4', 'text': '4', 'intent': 'default', 'type': 'callback'}, {'payload': 'KBRD.5', 'text': '5', 'intent': 'default', 'type': 'callback'}, {'payload': 'KBRD.6', 'text': '6', 'intent': 'default', 'type': 'callback'}], [{'payload': 'KBRD.3', 'text': '3', 'intent': 'default', 'type': 'callback'}, {'payload': 'KBRD.2', 'text': '2', 'intent': 'default', 'type': 'callback'}, {'payload': 'KBRD.1', 'text': '1', 'intent': 'default', 'type': 'callback'}], [{'payload': 'KBRD.0', 'text': '0', 'intent': 'default', 'type': 'callback'}, {'payload': 'KBRD.Cancel', 'text': 'Сброс', 'intent': 'default', 'type': 'callback'}], [{'payload': 'RecoveryAuthorization', 'text': 'Восстановление доступа', 'intent': 'default', 'type': 'callback'}], [{'payload': 'CancelCurrentOperation', 'text': 'Прервать операцию', 'intent': 'default', 'type': 'callback'}]]}, 'type': 'inline_keyboard'}], 'markup': [{'from': 20, 'length': 8, 'type': 'strong'}]}, 'sender': {'user_id': 210669020, 'first_name': 'DASHA_TOKEN_BOT', 'username': 'id575104156000_bot', 'is_bot': True, 'last_activity_time': 1773056067615, 'name': 'DASHA_TOKEN_BOT'}}, 'timestamp': 1772741174855, 'user_locale': 'ru', 'update_type': 'message_callback'}
clb

2026-03-09 14:34:56
23645861
edt

2026-03-09 14:35:05
{'callback': {'timestamp': 1772741396807, 'callback_id': 'f9LHodD0cOJ_C_CNwti0OXvSB2ylL9zrwFHAYB5eD7l5vLnr1rZKp6jTCKrt5tqSvLquELaqCt7llLhhUPrdGjIts_7RAlb6aNGDugtlGE_CbRQy_erc', 'user': {'user_id': 23645861, 'first_name': 'Дмитрий', 'last_name': 'Марков', 'is_bot': False, 'last_activity_time': 1773055281000, 'name': 'Дмитрий Марков'}, 'payload': 'CancelCurrentOperation'}, 'message': {'recipient': {'chat_id': 233194361, 'chat_type': 'dialog', 'user_id': 23645861}, 'timestamp': 1772741245359, 'body': {'mid': 'mid.000000000de64379019cbf9cb9af442f', 'seq': 116178370255864879, 'text': 'Введите код доступа: _ _ _ _', 'attachments': [{'callback_id': 'f9LHodD0cOLxAill1PjtadSAwNGC25NPl01pvaMQ-PCDI1GQENoPanHEf4kuzPBkEJf-iHnyMqO2XcakdeJq6XQc59f_FZonJZXouOpZNWeSbGKBzH1A', 'payload': {'buttons': [[{'payload': 'KBRD.7', 'text': '7', 'intent': 'default', 'type': 'callback'}, {'payload': 'KBRD.8', 'text': '8', 'intent': 'default', 'type': 'callback'}, {'payload': 'KBRD.9', 'text': '9', 'intent': 'default', 'type': 'callback'}], [{'payload': 'KBRD.4', 'text': '4', 'intent': 'default', 'type': 'callback'}, {'payload': 'KBRD.5', 'text': '5', 'intent': 'default', 'type': 'callback'}, {'payload': 'KBRD.6', 'text': '6', 'intent': 'default', 'type': 'callback'}], [{'payload': 'KBRD.3', 'text': '3', 'intent': 'default', 'type': 'callback'}, {'payload': 'KBRD.2', 'text': '2', 'intent': 'default', 'type': 'callback'}, {'payload': 'KBRD.1', 'text': '1', 'intent': 'default', 'type': 'callback'}], [{'payload': 'KBRD.0', 'text': '0', 'intent': 'default', 'type': 'callback'}, {'payload': 'KBRD.Cancel', 'text': 'Сброс', 'intent': 'default', 'type': 'callback'}], [{'payload': 'RecoveryAuthorization', 'text': 'Восстановление доступа', 'intent': 'default', 'type': 'callback'}], [{'payload': 'CancelCurrentOperation', 'text': 'Прервать операцию', 'intent': 'default', 'type': 'callback'}]]}, 'type': 'inline_keyboard'}], 'markup': [{'from': 20, 'length': 8, 'type': 'strong'}]}, 'sender': {'user_id': 210669020, 'first_name': 'DASHA_TOKEN_BOT', 'username': 'id575104156000_bot', 'is_bot': True, 'last_activity_time': 1773056097979, 'name': 'DASHA_TOKEN_BOT'}}, 'timestamp': 1772741396807, 'user_locale': 'ru', 'update_type': 'message_callback'}
clb

2026-03-09 14:35:05
string indices must be integers, not 'str'
snd-err

2026-03-09 14:35:06
None
del

2026-03-09 14:35:06
string indices must be integers, not 'str'
snd-err

2026-03-09 14:35:06
{'callback': {'timestamp': 1772741405699, 'callback_id': 'f9LHodD0cOJTQ63PkjGAGhGY0IwZz9-VnwBvFJ471bd845uV3AKG9CKCbv7SdjvNX7_Ix3LdARC4OM0JY1pCLwU9ntQKmzdLp6Qc4DROdl2yoXITLDbU', 'user': {'user_id': 23645861, 'first_name': 'Дмитрий', 'last_name': 'Марков', 'is_bot': False, 'last_activity_time': 1773055281000, 'name': 'Дмитрий Марков'}, 'payload': 'Registration'}, 'message': {'recipient': {'chat_id': 233194361, 'chat_type': 'dialog', 'user_id': 23645861}, 'timestamp': 1772741399032, 'body': {'mid': 'mid.000000000de64379019cbf9f11f82b31', 'seq': 116178380326972209, 'text': 'Текст для RequiredRegistration не найден', 'attachments': [{'callback_id': 'f9LHodD0cOI6_D1APmLa5QbgXgr3BEAwKlAvitBj295mBE8nXHZQs_2hqrAA8jVdwyOauMCApMD9cFOStEWinKNp3ZfdjI2yPdHB3pPB2zG1JZohhVkU', 'payload': {'buttons': [[{'payload': 'Registration', 'text': 'Регистрация', 'intent': 'default', 'type': 'callback'}]]}, 'type': 'inline_keyboard'}], 'markup': [{'from': 10, 'length': 20, 'type': 'strong'}]}, 'sender': {'user_id': 210669020, 'first_name': 'DASHA_TOKEN_BOT', 'username': 'id575104156000_bot', 'is_bot': True, 'last_activity_time': 1773056097981, 'name': 'DASHA_TOKEN_BOT'}}, 'timestamp': 1772741405699, 'user_locale': 'ru', 'update_type': 'message_callback'}
clb

2026-03-09 14:35:07
string indices must be integers, not 'str'
snd-err

2026-03-09 14:35:07
None
del

2026-03-09 14:35:08
string indices must be integers, not 'str'
snd-err

2026-03-09 14:35:09
string indices must be integers, not 'str'
snd-err

2026-03-09 14:35:09
{'message': {'recipient': {'chat_id': 233194361, 'chat_type': 'dialog', 'user_id': 210669020}, 'timestamp': 1772741415483, 'body': {'mid': 'mid.000000000de64379019cbf9f523b2a73', 'seq': 116178381405104755, 'text': '', 'attachments': [{'payload': {'vcf_info': 'BEGIN:VCARD\r\nVERSION:3.0\r\nPRODID:ez-vcard 0.10.3\r\nTEL;TYPE=cell:79175560062\r\nFN:Дмитрий Марков\r\nEND:VCARD\r\n', 'max_info': {'user_id': 23645861, 'first_name': 'Дмитрий', 'last_name': 'Марков', 'is_bot': False, 'last_activity_time': 1773055281000, 'name': 'Дмитрий Марков'}}, 'type': 'contact'}]}, 'sender': {'user_id': 23645861, 'first_name': 'Дмитрий', 'last_name': 'Марков', 'is_bot': False, 'last_activity_time': 1773055281000, 'name': 'Дмитрий Марков'}}, 'timestamp': 1772741415483, 'user_locale': 'ru', 'update_type': 'message_created'}
txt

2026-03-09 14:35:10
string indices must be integers, not 'str'
snd-err

2026-03-09 14:35:11
mid.000000000de64379019cbf9f523b2a73
del

2026-03-09 14:35:13
string indices must be integers, not 'str'
snd-err

2026-03-09 14:35:13
{'message': {'recipient': {'chat_id': 233194361, 'chat_type': 'dialog', 'user_id': 210669020}, 'timestamp': 1772741465045, 'body': {'mid': 'mid.000000000de64379019cbfa013d529ae', 'seq': 116178384653199790, 'text': '991033097'}, 'sender': {'user_id': 23645861, 'first_name': 'Дмитрий', 'last_name': 'Марков', 'is_bot': False, 'last_activity_time': 1773055281000, 'name': 'Дмитрий Марков'}}, 'timestamp': 1772741465045, 'user_locale': 'ru', 'update_type': 'message_created'}
txt

2026-03-09 14:35:14
string indices must be integers, not 'str'
snd-err

2026-03-09 14:35:15
mid.000000000de64379019cbfa013d529ae
del

2026-03-09 14:35:17
string indices must be integers, not 'str'
snd-err

2026-03-09 14:35:36
{'message': {'recipient': {'chat_id': 233194361, 'chat_type': 'dialog', 'user_id': 210669020}, 'timestamp': 1772741494038, 'body': {'mid': 'mid.000000000de64379019cbfa0851667da', 'seq': 116178386553300954, 'text': '035601'}, 'sender': {'user_id': 23645861, 'first_name': 'Дмитрий', 'last_name': 'Марков', 'is_bot': False, 'last_activity_time': 1773055281000, 'name': 'Дмитрий Марков'}}, 'timestamp': 1772741494038, 'user_locale': 'ru', 'update_type': 'message_created'}
txt

2026-03-09 14:35:36
string indices must be integers, not 'str'
snd-err

2026-03-09 14:35:37
mid.000000000de64379019cbfa0851667da
del

2026-03-09 14:35:38
string indices must be integers, not 'str'
snd-err

2026-03-09 14:35:38
{'callback': {'timestamp': 1772741546795, 'callback_id': 'f9LHodD0cOK1pNfZa7XH490prjM6h4mMltmL2RA2jMU8Ggfuqh26pH9S0PaTn--4GNdn6jzfuyfm5K3tfUuNxTWuhIsaCjKkmyjI06Se8PSXy3KmVgyx', 'user': {'user_id': 23645861, 'first_name': 'Дмитрий', 'last_name': 'Марков', 'is_bot': False, 'last_activity_time': 1773055281000, 'name': 'Дмитрий Марков'}, 'payload': 'KBRD.0'}, 'message': {'recipient': {'chat_id': 233194361, 'chat_type': 'dialog', 'user_id': 23645861}, 'timestamp': 1772741497806, 'body': {'mid': 'mid.000000000de64379019cbfa093ce167f', 'seq': 116178386800219775, 'text': 'Введите код доступа: * * * *', 'attachments': [{'callback_id': 'f9LHodD0cOIWAwj8Pe-nPsSDHUpLJC71DAjZgHnSk8rBUXifWQr75UjmMt1ohMoCE1UYNlmZNeCywv5069zh8PW-oBm7MLDIcHLA9jT-U7xgZtiQhM7_', 'payload': {'buttons': [[{'payload': 'KBRD.7', 'text': '7', 'intent': 'default', 'type': 'callback'}, {'payload': 'KBRD.8', 'text': '8', 'intent': 'default', 'type': 'callback'}, {'payload': 'KBRD.9', 'text': '9', 'intent': 'default', 'type': 'callback'}], [{'payload': 'KBRD.4', 'text': '4', 'intent': 'default', 'type': 'callback'}, {'payload': 'KBRD.5', 'text': '5', 'intent': 'default', 'type': 'callback'}, {'payload': 'KBRD.6', 'text': '6', 'intent': 'default', 'type': 'callback'}], [{'payload': 'KBRD.3', 'text': '3', 'intent': 'default', 'type': 'callback'}, {'payload': 'KBRD.2', 'text': '2', 'intent': 'default', 'type': 'callback'}, {'payload': 'KBRD.1', 'text': '1', 'intent': 'default', 'type': 'callback'}], [{'payload': 'KBRD.0', 'text': '0', 'intent': 'default', 'type': 'callback'}, {'payload': 'KBRD.Cancel', 'text': 'Сброс', 'intent': 'default', 'type': 'callback'}], [{'payload': 'RecoveryAuthorization', 'text': 'Восстановление доступа', 'intent': 'default', 'type': 'callback'}], [{'payload': 'CancelCurrentOperation', 'text': 'Прервать операцию', 'intent': 'default', 'type': 'callback'}]]}, 'type': 'inline_keyboard'}], 'markup': [{'from': 20, 'length': 8, 'type': 'strong'}]}, 'sender': {'user_id': 210669020, 'first_name': 'DASHA_TOKEN_BOT', 'username': 'id575104156000_bot', 'is_bot': True, 'last_activity_time': 1773056119493, 'name': 'DASHA_TOKEN_BOT'}}, 'timestamp': 1772741546795, 'user_locale': 'ru', 'update_type': 'message_callback'}
clb

2026-03-09 14:35:39
23645861
edt

2026-03-09 14:35:39
{'callback': {'timestamp': 1772741547146, 'callback_id': 'f9LHodD0cOJS8_l_S-dSDOXzvDAVCHgKUsD8LRbvcZEKOqIzKN7qQ0Q28VviukRIRRopC_gZSjHrID8SBVyve6ze4fpBoV9-cJNb4CEoWZ5bL6sLzV8i', 'user': {'user_id': 23645861, 'first_name': 'Дмитрий', 'last_name': 'Марков', 'is_bot': False, 'last_activity_time': 1773055281000, 'name': 'Дмитрий Марков'}, 'payload': 'KBRD.0'}, 'message': {'recipient': {'chat_id': 233194361, 'chat_type': 'dialog', 'user_id': 23645861}, 'timestamp': 1772741497806, 'body': {'mid': 'mid.000000000de64379019cbfa093ce167f', 'seq': 116178386800219775, 'text': 'Введите код доступа: * * * *', 'attachments': [{'callback_id': 'f9LHodD0cOJBjyFRMrogdavpFzHtTmDG0BHXcT8_2Fllhv5tICgQNPqcprVtpJXKz2SLWOaUdAfWeHekrS0usOMFM_CPDSk2atj6Qyo8aXx6wNyk7zAs', 'payload': {'buttons': [[{'payload': 'KBRD.7', 'text': '7', 'intent': 'default', 'type': 'callback'}, {'payload': 'KBRD.8', 'text': '8', 'intent': 'default', 'type': 'callback'}, {'payload': 'KBRD.9', 'text': '9', 'intent': 'default', 'type': 'callback'}], [{'payload': 'KBRD.4', 'text': '4', 'intent': 'default', 'type': 'callback'}, {'payload': 'KBRD.5', 'text': '5', 'intent': 'default', 'type': 'callback'}, {'payload': 'KBRD.6', 'text': '6', 'intent': 'default', 'type': 'callback'}], [{'payload': 'KBRD.3', 'text': '3', 'intent': 'default', 'type': 'callback'}, {'payload': 'KBRD.2', 'text': '2', 'intent': 'default', 'type': 'callback'}, {'payload': 'KBRD.1', 'text': '1', 'intent': 'default', 'type': 'callback'}], [{'payload': 'KBRD.0', 'text': '0', 'intent': 'default', 'type': 'callback'}, {'payload': 'KBRD.Cancel', 'text': 'Сброс', 'intent': 'default', 'type': 'callback'}], [{'payload': 'RecoveryAuthorization', 'text': 'Восстановление доступа', 'intent': 'default', 'type': 'callback'}], [{'payload': 'CancelCurrentOperation', 'text': 'Прервать операцию', 'intent': 'default', 'type': 'callback'}]]}, 'type': 'inline_keyboard'}], 'markup': [{'from': 20, 'length': 8, 'type': 'strong'}]}, 'sender': {'user_id': 210669020, 'first_name': 'DASHA_TOKEN_BOT', 'username': 'id575104156000_bot', 'is_bot': True, 'last_activity_time': 1773056119495, 'name': 'DASHA_TOKEN_BOT'}}, 'timestamp': 1772741547146, 'user_locale': 'ru', 'update_type': 'message_callback'}
clb

2026-03-09 14:35:40
23645861
edt

2026-03-09 14:35:40
{'callback': {'timestamp': 1772741547529, 'callback_id': 'f9LHodD0cOLueRqbyreN79VFGwObGgVpz1b12bOeupAMhItZiMTX16U1C88CnoknqmyM37U_ZyRs0fY6kxpzGgYIXGuJBrZ7doWdRELBuVLf5-fQ25cB', 'user': {'user_id': 23645861, 'first_name': 'Дмитрий', 'last_name': 'Марков', 'is_bot': False, 'last_activity_time': 1773055281000, 'name': 'Дмитрий Марков'}, 'payload': 'KBRD.0'}, 'message': {'recipient': {'chat_id': 233194361, 'chat_type': 'dialog', 'user_id': 23645861}, 'timestamp': 1772741497806, 'body': {'mid': 'mid.000000000de64379019cbfa093ce167f', 'seq': 116178386800219775, 'text': 'Введите код доступа: * * * *', 'attachments': [{'callback_id': 'f9LHodD0cOLG2-rgvxnU6_DC0Q-w-E_k_lII6koyk8RhixqFjJ0eTXOw_aEvG14BF8ssWODvIByo3PczzB0oITUyVZpWnR1TM85nH9T45Jha0Gkyiu_M', 'payload': {'buttons': [[{'payload': 'KBRD.7', 'text': '7', 'intent': 'default', 'type': 'callback'}, {'payload': 'KBRD.8', 'text': '8', 'intent': 'default', 'type': 'callback'}, {'payload': 'KBRD.9', 'text': '9', 'intent': 'default', 'type': 'callback'}], [{'payload': 'KBRD.4', 'text': '4', 'intent': 'default', 'type': 'callback'}, {'payload': 'KBRD.5', 'text': '5', 'intent': 'default', 'type': 'callback'}, {'payload': 'KBRD.6', 'text': '6', 'intent': 'default', 'type': 'callback'}], [{'payload': 'KBRD.3', 'text': '3', 'intent': 'default', 'type': 'callback'}, {'payload': 'KBRD.2', 'text': '2', 'intent': 'default', 'type': 'callback'}, {'payload': 'KBRD.1', 'text': '1', 'intent': 'default', 'type': 'callback'}], [{'payload': 'KBRD.0', 'text': '0', 'intent': 'default', 'type': 'callback'}, {'payload': 'KBRD.Cancel', 'text': 'Сброс', 'intent': 'default', 'type': 'callback'}], [{'payload': 'RecoveryAuthorization', 'text': 'Восстановление доступа', 'intent': 'default', 'type': 'callback'}], [{'payload': 'CancelCurrentOperation', 'text': 'Прервать операцию', 'intent': 'default', 'type': 'callback'}]]}, 'type': 'inline_keyboard'}], 'markup': [{'from': 20, 'length': 8, 'type': 'strong'}]}, 'sender': {'user_id': 210669020, 'first_name': 'DASHA_TOKEN_BOT', 'username': 'id575104156000_bot', 'is_bot': True, 'last_activity_time': 1773056119495, 'name': 'DASHA_TOKEN_BOT'}}, 'timestamp': 1772741547529, 'user_locale': 'ru', 'update_type': 'message_callback'}
clb

2026-03-09 14:35:40
23645861
edt

2026-03-09 14:35:40
{'callback': {'timestamp': 1772741547988, 'callback_id': 'f9LHodD0cOJ1xWcaCI6f-ztUX1KTedH3D7x8zNFzxyzEgd-M0SerLij04O8t6EEQeE9wBDfjhUz9q4HzAFBmaBKg9nRtbXsD6g5IWHkkvUbZj2ojyR2O', 'user': {'user_id': 23645861, 'first_name': 'Дмитрий', 'last_name': 'Марков', 'is_bot': False, 'last_activity_time': 1773055281000, 'name': 'Дмитрий Марков'}, 'payload': 'KBRD.0'}, 'message': {'recipient': {'chat_id': 233194361, 'chat_type': 'dialog', 'user_id': 23645861}, 'timestamp': 1772741497806, 'body': {'mid': 'mid.000000000de64379019cbfa093ce167f', 'seq': 116178386800219775, 'text': 'Введите код доступа: * * * *', 'attachments': [{'callback_id': 'f9LHodD0cOLbuaQnvOmX7sHlJiKmjyX1ihl10e3SdB2JT5g9He1eiRc6tXpm2gbZ0Y0dUYgWOghrtf9wzW_kwEY94jcg7rCw_ecMGoJPOTHmkzqVJQEM', 'payload': {'buttons': [[{'payload': 'KBRD.7', 'text': '7', 'intent': 'default', 'type': 'callback'}, {'payload': 'KBRD.8', 'text': '8', 'intent': 'default', 'type': 'callback'}, {'payload': 'KBRD.9', 'text': '9', 'intent': 'default', 'type': 'callback'}], [{'payload': 'KBRD.4', 'text': '4', 'intent': 'default', 'type': 'callback'}, {'payload': 'KBRD.5', 'text': '5', 'intent': 'default', 'type': 'callback'}, {'payload': 'KBRD.6', 'text': '6', 'intent': 'default', 'type': 'callback'}], [{'payload': 'KBRD.3', 'text': '3', 'intent': 'default', 'type': 'callback'}, {'payload': 'KBRD.2', 'text': '2', 'intent': 'default', 'type': 'callback'}, {'payload': 'KBRD.1', 'text': '1', 'intent': 'default', 'type': 'callback'}], [{'payload': 'KBRD.0', 'text': '0', 'intent': 'default', 'type': 'callback'}, {'payload': 'KBRD.Cancel', 'text': 'Сброс', 'intent': 'default', 'type': 'callback'}], [{'payload': 'RecoveryAuthorization', 'text': 'Восстановление доступа', 'intent': 'default', 'type': 'callback'}], [{'payload': 'CancelCurrentOperation', 'text': 'Прервать операцию', 'intent': 'default', 'type': 'callback'}]]}, 'type': 'inline_keyboard'}], 'markup': [{'from': 20, 'length': 8, 'type': 'strong'}]}, 'sender': {'user_id': 210669020, 'first_name': 'DASHA_TOKEN_BOT', 'username': 'id575104156000_bot', 'is_bot': True, 'last_activity_time': 1773056119497, 'name': 'DASHA_TOKEN_BOT'}}, 'timestamp': 1772741547988, 'user_locale': 'ru', 'update_type': 'message_callback'}
clb

2026-03-09 14:35:41
23645861
edt

2026-03-09 14:35:41
{'callback': {'timestamp': 1772741564982, 'callback_id': 'f9LHodD0cOJKTBxg3poZbYqmL7vHaRy-6SrPWoCTg7frtJ-NvUiDrxVtO47iraJaVDZk69DQJrEmP7HBNA2ngCX-mORDjvWfFYWsOyd4NhtymIXiR2Q1', 'user': {'user_id': 23645861, 'first_name': 'Дмитрий', 'last_name': 'Марков', 'is_bot': False, 'last_activity_time': 1773055281000, 'name': 'Дмитрий Марков'}, 'payload': 'KBRD.0'}, 'message': {'recipient': {'chat_id': 233194361, 'chat_type': 'dialog', 'user_id': 23645861}, 'timestamp': 1772741560186, 'body': {'mid': 'mid.000000000de64379019cbfa1877a151b', 'seq': 116178390888355099, 'text': 'Введите код доступа: * * * *', 'attachments': [{'callback_id': 'f9LHodD0cOL9wBhVGUjeLPgk24acCGpB6RyQ7hZkcFRYc0u1bjzYkKdCWV3E6hloYfAm2JDoixJ7DL9oanlDQ0KVirgPamUlNqPTRmNJkvLXt-FlD9ub', 'payload': {'buttons': [[{'payload': 'KBRD.7', 'text': '7', 'intent': 'default', 'type': 'callback'}, {'payload': 'KBRD.8', 'text': '8', 'intent': 'default', 'type': 'callback'}, {'payload': 'KBRD.9', 'text': '9', 'intent': 'default', 'type': 'callback'}], [{'payload': 'KBRD.4', 'text': '4', 'intent': 'default', 'type': 'callback'}, {'payload': 'KBRD.5', 'text': '5', 'intent': 'default', 'type': 'callback'}, {'payload': 'KBRD.6', 'text': '6', 'intent': 'default', 'type': 'callback'}], [{'payload': 'KBRD.3', 'text': '3', 'intent': 'default', 'type': 'callback'}, {'payload': 'KBRD.2', 'text': '2', 'intent': 'default', 'type': 'callback'}, {'payload': 'KBRD.1', 'text': '1', 'intent': 'default', 'type': 'callback'}], [{'payload': 'KBRD.0', 'text': '0', 'intent': 'default', 'type': 'callback'}, {'payload': 'KBRD.Cancel', 'text': 'Сброс', 'intent': 'default', 'type': 'callback'}], [{'payload': 'RecoveryAuthorization', 'text': 'Восстановление доступа', 'intent': 'default', 'type': 'callback'}], [{'payload': 'CancelCurrentOperation', 'text': 'Прервать операцию', 'intent': 'default', 'type': 'callback'}]]}, 'type': 'inline_keyboard'}], 'markup': [{'from': 20, 'length': 8, 'type': 'strong'}]}, 'sender': {'user_id': 210669020, 'first_name': 'DASHA_TOKEN_BOT', 'username': 'id575104156000_bot', 'is_bot': True, 'last_activity_time': 1773056119498, 'name': 'DASHA_TOKEN_BOT'}}, 'timestamp': 1772741564982, 'user_locale': 'ru', 'update_type': 'message_callback'}
clb

2026-03-09 14:35:42
23645861
edt

2026-03-09 14:35:42
{'callback': {'timestamp': 1772741565566, 'callback_id': 'f9LHodD0cOKa-N4ffUxb4MXnNtc5j1l6P69qxE4lg29ICLlzPPSVHnC4vNok0F_sfrvaPdXYmMpw--ZkmU0U_IcoJ9_AkR560n7VYs3StwT4NnOhuW5d', 'user': {'user_id': 23645861, 'first_name': 'Дмитрий', 'last_name': 'Марков', 'is_bot': False, 'last_activity_time': 1773055281000, 'name': 'Дмитрий Марков'}, 'payload': 'KBRD.0'}, 'message': {'recipient': {'chat_id': 233194361, 'chat_type': 'dialog', 'user_id': 23645861}, 'timestamp': 1772741560186, 'body': {'mid': 'mid.000000000de64379019cbfa1877a151b', 'seq': 116178390888355099, 'text': 'Введите код доступа: * * * *', 'attachments': [{'callback_id': 'f9LHodD0cOJ6rjbnGEtmEgnT4Y-D548oDSoqR7MdWRaeICwW0fu0N6le0GRkVKim7g4NqOQCJ1V-anY4Dgq5veK7reMpNAd9s4CXwvx-ipOlS3qP_fCL', 'payload': {'buttons': [[{'payload': 'KBRD.7', 'text': '7', 'intent': 'default', 'type': 'callback'}, {'payload': 'KBRD.8', 'text': '8', 'intent': 'default', 'type': 'callback'}, {'payload': 'KBRD.9', 'text': '9', 'intent': 'default', 'type': 'callback'}], [{'payload': 'KBRD.4', 'text': '4', 'intent': 'default', 'type': 'callback'}, {'payload': 'KBRD.5', 'text': '5', 'intent': 'default', 'type': 'callback'}, {'payload': 'KBRD.6', 'text': '6', 'intent': 'default', 'type': 'callback'}], [{'payload': 'KBRD.3', 'text': '3', 'intent': 'default', 'type': 'callback'}, {'payload': 'KBRD.2', 'text': '2', 'intent': 'default', 'type': 'callback'}, {'payload': 'KBRD.1', 'text': '1', 'intent': 'default', 'type': 'callback'}], [{'payload': 'KBRD.0', 'text': '0', 'intent': 'default', 'type': 'callback'}, {'payload': 'KBRD.Cancel', 'text': 'Сброс', 'intent': 'default', 'type': 'callback'}], [{'payload': 'RecoveryAuthorization', 'text': 'Восстановление доступа', 'intent': 'default', 'type': 'callback'}], [{'payload': 'CancelCurrentOperation', 'text': 'Прервать операцию', 'intent': 'default', 'type': 'callback'}]]}, 'type': 'inline_keyboard'}], 'markup': [{'from': 20, 'length': 8, 'type': 'strong'}]}, 'sender': {'user_id': 210669020, 'first_name': 'DASHA_TOKEN_BOT', 'username': 'id575104156000_bot', 'is_bot': True, 'last_activity_time': 1773056119498, 'name': 'DASHA_TOKEN_BOT'}}, 'timestamp': 1772741565566, 'user_locale': 'ru', 'update_type': 'message_callback'}
clb

2026-03-09 14:35:43
23645861
edt

2026-03-09 14:35:43
{'callback': {'timestamp': 1772741566777, 'callback_id': 'f9LHodD0cOLDAhb9Q1qth5DI2AWzsLzSo_eL8ESaUYa3WWszkaI8PezhCRxZVGBzU38eA_iziU8eQ_FnMcnIQJtV3iOE2uHG5hiQbzmBz6etftG2vnSw', 'user': {'user_id': 23645861, 'first_name': 'Дмитрий', 'last_name': 'Марков', 'is_bot': False, 'last_activity_time': 1773055281000, 'name': 'Дмитрий Марков'}, 'payload': 'KBRD.0'}, 'message': {'recipient': {'chat_id': 233194361, 'chat_type': 'dialog', 'user_id': 23645861}, 'timestamp': 1772741560186, 'body': {'mid': 'mid.000000000de64379019cbfa1877a151b', 'seq': 116178390888355099, 'text': 'Введите код доступа: * * * *', 'attachments': [{'callback_id': 'f9LHodD0cOKBmtpdwjh08_n8MhOzpcPUpNpEqJ7ULsmjoTfEpV3ytI_GuZW0GcOYVJgc_utWp368oUXHbHtIxbWI1TCFmnO8aSakZoOtralREvndfpin', 'payload': {'buttons': [[{'payload': 'KBRD.7', 'text': '7', 'intent': 'default', 'type': 'callback'}, {'payload': 'KBRD.8', 'text': '8', 'intent': 'default', 'type': 'callback'}, {'payload': 'KBRD.9', 'text': '9', 'intent': 'default', 'type': 'callback'}], [{'payload': 'KBRD.4', 'text': '4', 'intent': 'default', 'type': 'callback'}, {'payload': 'KBRD.5', 'text': '5', 'intent': 'default', 'type': 'callback'}, {'payload': 'KBRD.6', 'text': '6', 'intent': 'default', 'type': 'callback'}], [{'payload': 'KBRD.3', 'text': '3', 'intent': 'default', 'type': 'callback'}, {'payload': 'KBRD.2', 'text': '2', 'intent': 'default', 'type': 'callback'}, {'payload': 'KBRD.1', 'text': '1', 'intent': 'default', 'type': 'callback'}], [{'payload': 'KBRD.0', 'text': '0', 'intent': 'default', 'type': 'callback'}, {'payload': 'KBRD.Cancel', 'text': 'Сброс', 'intent': 'default', 'type': 'callback'}], [{'payload': 'RecoveryAuthorization', 'text': 'Восстановление доступа', 'intent': 'default', 'type': 'callback'}], [{'payload': 'CancelCurrentOperation', 'text': 'Прервать операцию', 'intent': 'default', 'type': 'callback'}]]}, 'type': 'inline_keyboard'}], 'markup': [{'from': 20, 'length': 8, 'type': 'strong'}]}, 'sender': {'user_id': 210669020, 'first_name': 'DASHA_TOKEN_BOT', 'username': 'id575104156000_bot', 'is_bot': True, 'last_activity_time': 1773056119499, 'name': 'DASHA_TOKEN_BOT'}}, 'timestamp': 1772741566777, 'user_locale': 'ru', 'update_type': 'message_callback'}
clb

2026-03-09 14:35:44
23645861
edt

2026-03-09 14:35:44
{'callback': {'timestamp': 1772741568089, 'callback_id': 'f9LHodD0cOICDYhKz5_cOegJbWxLDxjHDOUfxagzxgFhVP0ZdIL5Vvi8xlY8Uu_qsxxuSPH7wIzErL0VXGB-qXN75uYB7HdUH-OcSgfHO97isKiZo98Q', 'user': {'user_id': 23645861, 'first_name': 'Дмитрий', 'last_name': 'Марков', 'is_bot': False, 'last_activity_time': 1773055281000, 'name': 'Дмитрий Марков'}, 'payload': 'KBRD.0'}, 'message': {'recipient': {'chat_id': 233194361, 'chat_type': 'dialog', 'user_id': 23645861}, 'timestamp': 1772741560186, 'body': {'mid': 'mid.000000000de64379019cbfa1877a151b', 'seq': 116178390888355099, 'text': 'Введите код доступа: * * * *', 'attachments': [{'callback_id': 'f9LHodD0cOJHndoifyQZcpV0RtGe-6EhoW3xwcdoH2VGpGZEA_9uFZCpZ0crE4oSlU9TQXeXOQR2705MCrjL0yVQcuNIlqdDbhsLV67b8mOExGir8chU', 'payload': {'buttons': [[{'payload': 'KBRD.7', 'text': '7', 'intent': 'default', 'type': 'callback'}, {'payload': 'KBRD.8', 'text': '8', 'intent': 'default', 'type': 'callback'}, {'payload': 'KBRD.9', 'text': '9', 'intent': 'default', 'type': 'callback'}], [{'payload': 'KBRD.4', 'text': '4', 'intent': 'default', 'type': 'callback'}, {'payload': 'KBRD.5', 'text': '5', 'intent': 'default', 'type': 'callback'}, {'payload': 'KBRD.6', 'text': '6', 'intent': 'default', 'type': 'callback'}], [{'payload': 'KBRD.3', 'text': '3', 'intent': 'default', 'type': 'callback'}, {'payload': 'KBRD.2', 'text': '2', 'intent': 'default', 'type': 'callback'}, {'payload': 'KBRD.1', 'text': '1', 'intent': 'default', 'type': 'callback'}], [{'payload': 'KBRD.0', 'text': '0', 'intent': 'default', 'type': 'callback'}, {'payload': 'KBRD.Cancel', 'text': 'Сброс', 'intent': 'default', 'type': 'callback'}], [{'payload': 'RecoveryAuthorization', 'text': 'Восстановление доступа', 'intent': 'default', 'type': 'callback'}], [{'payload': 'CancelCurrentOperation', 'text': 'Прервать операцию', 'intent': 'default', 'type': 'callback'}]]}, 'type': 'inline_keyboard'}], 'markup': [{'from': 20, 'length': 8, 'type': 'strong'}]}, 'sender': {'user_id': 210669020, 'first_name': 'DASHA_TOKEN_BOT', 'username': 'id575104156000_bot', 'is_bot': True, 'last_activity_time': 1773056119500, 'name': 'DASHA_TOKEN_BOT'}}, 'timestamp': 1772741568089, 'user_locale': 'ru', 'update_type': 'message_callback'}
clb

2026-03-09 14:35:44
23645861
edt

2026-03-09 14:36:01
{'callback': {'timestamp': 1772742084010, 'callback_id': 'f9LHodD0cOKJmvapz9nm0DUtpFBhI6xWKQJnUcTjc7jMFka-KJiBn3RZ8JMpgoYTgHjZR61f-7W3HULBwku4asPW0NpL7OVQWwUCeraASaUlvYAnA0WL', 'user': {'user_id': 23645861, 'first_name': 'Дмитрий', 'last_name': 'Марков', 'is_bot': False, 'last_activity_time': 1773055281000, 'name': 'Дмитрий Марков'}, 'payload': 'Authorization'}, 'message': {'recipient': {'chat_id': 233194361, 'chat_type': 'dialog', 'user_id': 23645861}, 'timestamp': 1772741755164, 'body': {'mid': 'mid.000000000de64379019cbfa4811c58f2', 'seq': 116178403666450674, 'text': 'Превышено разрешенное время бездействия Бота.', 'attachments': [{'callback_id': 'f9LHodD0cOKjOJ4fn8-nwZvqqlheVzXPjfR-hFH1J46FgutXK1a-7BN5p7aiWnZpRa-6dIV6Pw1lyyvPLI9mScxTcbjZan7AVZjwf-9ZjI6PWv7kMeIu', 'payload': {'buttons': [[{'payload': 'Authorization', 'text': 'Авторизоваться', 'intent': 'default', 'type': 'callback'}]]}, 'type': 'inline_keyboard'}], 'markup': [{'from': 40, 'length': 4, 'type': 'strong'}]}, 'sender': {'user_id': 210669020, 'first_name': 'DASHA_TOKEN_BOT', 'username': 'id575104156000_bot', 'is_bot': True, 'last_activity_time': 1773056146410, 'name': 'DASHA_TOKEN_BOT'}}, 'timestamp': 1772742084010, 'user_locale': 'ru', 'update_type': 'message_callback'}
clb

2026-03-09 14:36:02
string indices must be integers, not 'str'
snd-err

2026-03-09 14:36:03
None
del

2026-03-09 14:36:04
string indices must be integers, not 'str'
snd-err

2026-03-09 14:36:05
string indices must be integers, not 'str'
snd-err

2026-03-09 14:36:05
{'callback': {'timestamp': 1772742088551, 'callback_id': 'f9LHodD0cOIDJFz5tI4_hTzcCayTb936QlJE3C7z4VgrlQk9faB7jiJX9WXYDi0Zv0uFqA5sElacHvPnJITHB6r_uyjbTO1pg6tW10i4oUGtVPzzm_tI', 'user': {'user_id': 23645861, 'first_name': 'Дмитрий', 'last_name': 'Марков', 'is_bot': False, 'last_activity_time': 1773055281000, 'name': 'Дмитрий Марков'}, 'payload': 'KBRD.0'}, 'message': {'recipient': {'chat_id': 233194361, 'chat_type': 'dialog', 'user_id': 23645861}, 'timestamp': 1772742085751, 'body': {'mid': 'mid.000000000de64379019cbfa98c7724b1', 'seq': 116178425331786929, 'text': 'Введите код доступа: * * * *', 'attachments': [{'callback_id': 'f9LHodD0cOIao3p5EAhCjw1mxSCdui30Sk_XzW-myXScFXPiucfigWNwd16U367ztAHk9RK6D3334SXFjvwhNWGSgbDu3jqW8HWyK0UnopJvKB0_SIeh', 'payload': {'buttons': [[{'payload': 'KBRD.7', 'text': '7', 'intent': 'default', 'type': 'callback'}, {'payload': 'KBRD.8', 'text': '8', 'intent': 'default', 'type': 'callback'}, {'payload': 'KBRD.9', 'text': '9', 'intent': 'default', 'type': 'callback'}], [{'payload': 'KBRD.4', 'text': '4', 'intent': 'default', 'type': 'callback'}, {'payload': 'KBRD.5', 'text': '5', 'intent': 'default', 'type': 'callback'}, {'payload': 'KBRD.6', 'text': '6', 'intent': 'default', 'type': 'callback'}], [{'payload': 'KBRD.3', 'text': '3', 'intent': 'default', 'type': 'callback'}, {'payload': 'KBRD.2', 'text': '2', 'intent': 'default', 'type': 'callback'}, {'payload': 'KBRD.1', 'text': '1', 'intent': 'default', 'type': 'callback'}], [{'payload': 'KBRD.0', 'text': '0', 'intent': 'default', 'type': 'callback'}, {'payload': 'KBRD.Cancel', 'text': 'Сброс', 'intent': 'default', 'type': 'callback'}], [{'payload': 'RecoveryAuthorization', 'text': 'Восстановление доступа', 'intent': 'default', 'type': 'callback'}], [{'payload': 'CancelCurrentOperation', 'text': 'Прервать операцию', 'intent': 'default', 'type': 'callback'}]]}, 'type': 'inline_keyboard'}], 'markup': [{'from': 20, 'length': 8, 'type': 'strong'}]}, 'sender': {'user_id': 210669020, 'first_name': 'DASHA_TOKEN_BOT', 'username': 'id575104156000_bot', 'is_bot': True, 'last_activity_time': 1773056146412, 'name': 'DASHA_TOKEN_BOT'}}, 'timestamp': 1772742088551, 'user_locale': 'ru', 'update_type': 'message_callback'}
clb

2026-03-09 14:36:05
23645861
edt

2026-03-09 14:36:05
{'callback': {'timestamp': 1772742089017, 'callback_id': 'f9LHodD0cOK0czXArBuzjE3aZXlDKvHpJnzuzbb-aKFqIf8f64R32HI3cz9laoXPz7pjpDwdVNRwAlDsQXyg35e38UDaR4DKlyY-NBLNNec4YDObuRpO', 'user': {'user_id': 23645861, 'first_name': 'Дмитрий', 'last_name': 'Марков', 'is_bot': False, 'last_activity_time': 1773055281000, 'name': 'Дмитрий Марков'}, 'payload': 'KBRD.0'}, 'message': {'recipient': {'chat_id': 233194361, 'chat_type': 'dialog', 'user_id': 23645861}, 'timestamp': 1772742085751, 'body': {'mid': 'mid.000000000de64379019cbfa98c7724b1', 'seq': 116178425331786929, 'text': 'Введите код доступа: * * * *', 'attachments': [{'callback_id': 'f9LHodD0cOJkNzgL4qPe5wsscO-rw_sA63avvrmLbVg0NQiw_1CWJHZhE37bUwu0VNiaGQXdvPYLIu19L739qVNecJrJkHjHtVL7k7iDn7HLhW7b_8ZL', 'payload': {'buttons': [[{'payload': 'KBRD.7', 'text': '7', 'intent': 'default', 'type': 'callback'}, {'payload': 'KBRD.8', 'text': '8', 'intent': 'default', 'type': 'callback'}, {'payload': 'KBRD.9', 'text': '9', 'intent': 'default', 'type': 'callback'}], [{'payload': 'KBRD.4', 'text': '4', 'intent': 'default', 'type': 'callback'}, {'payload': 'KBRD.5', 'text': '5', 'intent': 'default', 'type': 'callback'}, {'payload': 'KBRD.6', 'text': '6', 'intent': 'default', 'type': 'callback'}], [{'payload': 'KBRD.3', 'text': '3', 'intent': 'default', 'type': 'callback'}, {'payload': 'KBRD.2', 'text': '2', 'intent': 'default', 'type': 'callback'}, {'payload': 'KBRD.1', 'text': '1', 'intent': 'default', 'type': 'callback'}], [{'payload': 'KBRD.0', 'text': '0', 'intent': 'default', 'type': 'callback'}, {'payload': 'KBRD.Cancel', 'text': 'Сброс', 'intent': 'default', 'type': 'callback'}], [{'payload': 'RecoveryAuthorization', 'text': 'Восстановление доступа', 'intent': 'default', 'type': 'callback'}], [{'payload': 'CancelCurrentOperation', 'text': 'Прервать операцию', 'intent': 'default', 'type': 'callback'}]]}, 'type': 'inline_keyboard'}], 'markup': [{'from': 20, 'length': 8, 'type': 'strong'}]}, 'sender': {'user_id': 210669020, 'first_name': 'DASHA_TOKEN_BOT', 'username': 'id575104156000_bot', 'is_bot': True, 'last_activity_time': 1773056146413, 'name': 'DASHA_TOKEN_BOT'}}, 'timestamp': 1772742089017, 'user_locale': 'ru', 'update_type': 'message_callback'}
clb

2026-03-09 14:36:06
23645861
edt

2026-03-09 14:36:06
{'callback': {'timestamp': 1772742089543, 'callback_id': 'f9LHodD0cOJZbs4WhVJcjm4urUpar37SBN_G9xlHjnR6Hp7-OmfRm7dr8DmuU007AA9hqqvnNcTGobIshjL4Si_cPpzCVvKUFA8LTlorjNDaKH0DvJ10', 'user': {'user_id': 23645861, 'first_name': 'Дмитрий', 'last_name': 'Марков', 'is_bot': False, 'last_activity_time': 1773055281000, 'name': 'Дмитрий Марков'}, 'payload': 'KBRD.0'}, 'message': {'recipient': {'chat_id': 233194361, 'chat_type': 'dialog', 'user_id': 23645861}, 'timestamp': 1772742085751, 'body': {'mid': 'mid.000000000de64379019cbfa98c7724b1', 'seq': 116178425331786929, 'text': 'Введите код доступа: * * * *', 'attachments': [{'callback_id': 'f9LHodD0cOJ9pS9m4DcQl1xNgTWCcFG80ymHcZQUYj0Lt_WJHhLwt2LYp55Q5p7zEZEdkDvFho8GbkjBdCoQQC-bNs1-XiD8LpdfLDyO5eqIuENv9jRy', 'payload': {'buttons': [[{'payload': 'KBRD.7', 'text': '7', 'intent': 'default', 'type': 'callback'}, {'payload': 'KBRD.8', 'text': '8', 'intent': 'default', 'type': 'callback'}, {'payload': 'KBRD.9', 'text': '9', 'intent': 'default', 'type': 'callback'}], [{'payload': 'KBRD.4', 'text': '4', 'intent': 'default', 'type': 'callback'}, {'payload': 'KBRD.5', 'text': '5', 'intent': 'default', 'type': 'callback'}, {'payload': 'KBRD.6', 'text': '6', 'intent': 'default', 'type': 'callback'}], [{'payload': 'KBRD.3', 'text': '3', 'intent': 'default', 'type': 'callback'}, {'payload': 'KBRD.2', 'text': '2', 'intent': 'default', 'type': 'callback'}, {'payload': 'KBRD.1', 'text': '1', 'intent': 'default', 'type': 'callback'}], [{'payload': 'KBRD.0', 'text': '0', 'intent': 'default', 'type': 'callback'}, {'payload': 'KBRD.Cancel', 'text': 'Сброс', 'intent': 'default', 'type': 'callback'}], [{'payload': 'RecoveryAuthorization', 'text': 'Восстановление доступа', 'intent': 'default', 'type': 'callback'}], [{'payload': 'CancelCurrentOperation', 'text': 'Прервать операцию', 'intent': 'default', 'type': 'callback'}]]}, 'type': 'inline_keyboard'}], 'markup': [{'from': 20, 'length': 8, 'type': 'strong'}]}, 'sender': {'user_id': 210669020, 'first_name': 'DASHA_TOKEN_BOT', 'username': 'id575104156000_bot', 'is_bot': True, 'last_activity_time': 1773056146414, 'name': 'DASHA_TOKEN_BOT'}}, 'timestamp': 1772742089543, 'user_locale': 'ru', 'update_type': 'message_callback'}
clb

2026-03-09 14:36:06
23645861
edt

2026-03-09 14:36:06
{'callback': {'timestamp': 1772742090077, 'callback_id': 'f9LHodD0cOLpXajrbTcafQ9dCuyV3U92uTwVAmhqhXZfOzbww2XOsW4WUht0OSjwtUd3atH9oOJuyCuOoLzXcMGXisanQLjQa8WelW0kYK24YhKefOeR', 'user': {'user_id': 23645861, 'first_name': 'Дмитрий', 'last_name': 'Марков', 'is_bot': False, 'last_activity_time': 1773055281000, 'name': 'Дмитрий Марков'}, 'payload': 'KBRD.0'}, 'message': {'recipient': {'chat_id': 233194361, 'chat_type': 'dialog', 'user_id': 23645861}, 'timestamp': 1772742085751, 'body': {'mid': 'mid.000000000de64379019cbfa98c7724b1', 'seq': 116178425331786929, 'text': 'Введите код доступа: * * * *', 'attachments': [{'callback_id': 'f9LHodD0cOLKkMg1thKYgoUyuthFPHAQl_D2-scQG8vl0DARiuQWEAHNHhJyaZ9qQEvm5wmoMiQhNi7iTv_o5POQL2bEKk2eLr3QtMNS74leKFk7-HB2', 'payload': {'buttons': [[{'payload': 'KBRD.7', 'text': '7', 'intent': 'default', 'type': 'callback'}, {'payload': 'KBRD.8', 'text': '8', 'intent': 'default', 'type': 'callback'}, {'payload': 'KBRD.9', 'text': '9', 'intent': 'default', 'type': 'callback'}], [{'payload': 'KBRD.4', 'text': '4', 'intent': 'default', 'type': 'callback'}, {'payload': 'KBRD.5', 'text': '5', 'intent': 'default', 'type': 'callback'}, {'payload': 'KBRD.6', 'text': '6', 'intent': 'default', 'type': 'callback'}], [{'payload': 'KBRD.3', 'text': '3', 'intent': 'default', 'type': 'callback'}, {'payload': 'KBRD.2', 'text': '2', 'intent': 'default', 'type': 'callback'}, {'payload': 'KBRD.1', 'text': '1', 'intent': 'default', 'type': 'callback'}], [{'payload': 'KBRD.0', 'text': '0', 'intent': 'default', 'type': 'callback'}, {'payload': 'KBRD.Cancel', 'text': 'Сброс', 'intent': 'default', 'type': 'callback'}], [{'payload': 'RecoveryAuthorization', 'text': 'Восстановление доступа', 'intent': 'default', 'type': 'callback'}], [{'payload': 'CancelCurrentOperation', 'text': 'Прервать операцию', 'intent': 'default', 'type': 'callback'}]]}, 'type': 'inline_keyboard'}], 'markup': [{'from': 20, 'length': 8, 'type': 'strong'}]}, 'sender': {'user_id': 210669020, 'first_name': 'DASHA_TOKEN_BOT', 'username': 'id575104156000_bot', 'is_bot': True, 'last_activity_time': 1773056146416, 'name': 'DASHA_TOKEN_BOT'}}, 'timestamp': 1772742090077, 'user_locale': 'ru', 'update_type': 'message_callback'}
clb

2026-03-09 14:36:07
23645861
edt

2026-03-09 14:36:07
string indices must be integers, not 'str'
snd-err

2026-03-09 14:36:08
None
del

2026-03-09 14:36:43
{'callback': {'timestamp': 1772742418453, 'callback_id': 'f9LHodD0cOKErahEbbxjEDl23I6QqxKkt3Mf9BiYR0H5h9TCo998AIhLQ7XsYdcYBYhSLDKYH0jeALAtCXcqVpO44g3mz4XAwC1NiWIK-SgOkOPyZ3X3', 'user': {'user_id': 23645861, 'first_name': 'Дмитрий', 'last_name': 'Марков', 'is_bot': False, 'last_activity_time': 1773055281000, 'name': 'Дмитрий Марков'}, 'payload': 'Registration'}, 'message': {'recipient': {'chat_id': 233194361, 'chat_type': 'dialog', 'user_id': 23645861}, 'timestamp': 1772742366705, 'body': {'mid': 'mid.000000000de64379019cbfadd5f17f17', 'seq': 116178443744411415, 'text': 'Превышено разрешенное время бездействия Бота.', 'attachments': [{'callback_id': 'f9LHodD0cOJI25D0kA0NMSNnncZnp2bYyCwC3mmPTAzBwsNG37OO-MrsjWXEBXwTbUC82b6vlo2j1A8ZZVdFI-XKM--IYZBZNJzSLo7GLorNWdZyk2Yu', 'payload': {'buttons': [[{'payload': 'Registration', 'text': 'Регистрация', 'intent': 'default', 'type': 'callback'}]]}, 'type': 'inline_keyboard'}], 'markup': [{'from': 40, 'length': 4, 'type': 'strong'}]}, 'sender': {'user_id': 210669020, 'first_name': 'DASHA_TOKEN_BOT', 'username': 'id575104156000_bot', 'is_bot': True, 'last_activity_time': 1773056171065, 'name': 'DASHA_TOKEN_BOT'}}, 'timestamp': 1772742418453, 'user_locale': 'ru', 'update_type': 'message_callback'}
clb

2026-03-09 14:36:44
string indices must be integers, not 'str'
snd-err

2026-03-09 14:36:46
string indices must be integers, not 'str'
snd-err

2026-03-09 14:36:47
string indices must be integers, not 'str'
snd-err

2026-03-09 14:36:47
{'callback': {'timestamp': 1772742423035, 'callback_id': 'f9LHodD0cOI1DIk-rb7We0EikeKlCJLYcX0zCkBkIDldEqgIi_We1Xd1lucCgCNJLZnKHYpxTscPbh3WiGBFbWVor468fIGNS1ZovjlyCjATBIBTJSbm', 'user': {'user_id': 23645861, 'first_name': 'Дмитрий', 'last_name': 'Марков', 'is_bot': False, 'last_activity_time': 1773055281000, 'name': 'Дмитрий Марков'}, 'payload': 'Registration'}, 'message': {'recipient': {'chat_id': 233194361, 'chat_type': 'dialog', 'user_id': 23645861}, 'timestamp': 1772742419101, 'body': {'mid': 'mid.000000000de64379019cbfaea29d08c3', 'seq': 116178447178205379, 'text': 'Текст для RequiredRegistration не найден', 'attachments': [{'callback_id': 'f9LHodD0cOI9Xdkkdl-Op5tDrTvH8K3E8lf66hf-YMw3ZZcO8QO3oR-R5LTsTMertOMu0KOmglO11iXz67IEdXH_erHwOw9EOlDjDWM6v1kHy6Jwvmwz', 'payload': {'buttons': [[{'payload': 'Registration', 'text': 'Регистрация', 'intent': 'default', 'type': 'callback'}]]}, 'type': 'inline_keyboard'}], 'markup': [{'from': 10, 'length': 20, 'type': 'strong'}]}, 'sender': {'user_id': 210669020, 'first_name': 'DASHA_TOKEN_BOT', 'username': 'id575104156000_bot', 'is_bot': True, 'last_activity_time': 1773056171066, 'name': 'DASHA_TOKEN_BOT'}}, 'timestamp': 1772742423035, 'user_locale': 'ru', 'update_type': 'message_callback'}
clb

2026-03-09 14:36:48
string indices must be integers, not 'str'
snd-err

2026-03-09 14:36:49
None
del

2026-03-09 14:36:50
string indices must be integers, not 'str'
snd-err

2026-03-09 14:36:52
string indices must be integers, not 'str'
snd-err

2026-03-09 14:36:52
{'message': {'recipient': {'chat_id': 233194361, 'chat_type': 'dialog', 'user_id': 210669020}, 'timestamp': 1772742433611, 'body': {'mid': 'mid.000000000de64379019cbfaedb4b2a73', 'seq': 116178448129141363, 'text': '', 'attachments': [{'payload': {'vcf_info': 'BEGIN:VCARD\r\nVERSION:3.0\r\nPRODID:ez-vcard 0.10.3\r\nTEL;TYPE=cell:79175560062\r\nFN:Дмитрий Марков\r\nEND:VCARD\r\n', 'max_info': {'user_id': 23645861, 'first_name': 'Дмитрий', 'last_name': 'Марков', 'is_bot': False, 'last_activity_time': 1773055281000, 'name': 'Дмитрий Марков'}}, 'type': 'contact'}]}, 'sender': {'user_id': 23645861, 'first_name': 'Дмитрий', 'last_name': 'Марков', 'is_bot': False, 'last_activity_time': 1773055281000, 'name': 'Дмитрий Марков'}}, 'timestamp': 1772742433611, 'user_locale': 'ru', 'update_type': 'message_created'}
txt

2026-03-09 14:36:53
string indices must be integers, not 'str'
snd-err

2026-03-09 14:36:53
mid.000000000de64379019cbfaedb4b2a73
del

2026-03-09 14:36:55
string indices must be integers, not 'str'
snd-err

2026-03-09 14:36:55
{'message': {'recipient': {'chat_id': 233194361, 'chat_type': 'dialog', 'user_id': 210669020}, 'timestamp': 1772742449448, 'body': {'mid': 'mid.000000000de64379019cbfaf192829ae', 'seq': 116178449167034798, 'text': '991033097'}, 'sender': {'user_id': 23645861, 'first_name': 'Дмитрий', 'last_name': 'Марков', 'is_bot': False, 'last_activity_time': 1773055281000, 'name': 'Дмитрий Марков'}}, 'timestamp': 1772742449448, 'user_locale': 'ru', 'update_type': 'message_created'}
txt

2026-03-09 14:36:56
string indices must be integers, not 'str'
snd-err

2026-03-09 14:36:57
mid.000000000de64379019cbfaf192829ae
del

2026-03-09 14:37:00
string indices must be integers, not 'str'
snd-err

2026-03-09 14:37:01
{'message': {'recipient': {'chat_id': 233194361, 'chat_type': 'dialog', 'user_id': 210669020}, 'timestamp': 1772742474330, 'body': {'mid': 'mid.000000000de64379019cbfaf7a5a3eec', 'seq': 116178450797706988, 'text': '865505'}, 'sender': {'user_id': 23645861, 'first_name': 'Дмитрий', 'last_name': 'Марков', 'is_bot': False, 'last_activity_time': 1773055281000, 'name': 'Дмитрий Марков'}}, 'timestamp': 1772742474330, 'user_locale': 'ru', 'update_type': 'message_created'}
txt

2026-03-09 14:37:02
string indices must be integers, not 'str'
snd-err

2026-03-09 14:37:03
mid.000000000de64379019cbfaf7a5a3eec
del

2026-03-09 14:37:04
string indices must be integers, not 'str'
snd-err

2026-03-09 14:37:04
{'callback': {'timestamp': 1772742483369, 'callback_id': 'f9LHodD0cOKPIDLUY549wktI9nwEVhCxFFiTHBTp2eNa8mJVoKYxi3ngE6Iri13Uo8dEkNnbjwEfCshrS8cwKsRILjOTu-CyBhkzS2j9vnQmZyZWz0hd', 'user': {'user_id': 23645861, 'first_name': 'Дмитрий', 'last_name': 'Марков', 'is_bot': False, 'last_activity_time': 1773055281000, 'name': 'Дмитрий Марков'}, 'payload': 'KBRD.9'}, 'message': {'recipient': {'chat_id': 233194361, 'chat_type': 'dialog', 'user_id': 23645861}, 'timestamp': 1772742477460, 'body': {'mid': 'mid.000000000de64379019cbfaf869401fd', 'seq': 116178451002819069, 'text': 'Введите код доступа: * * * *', 'attachments': [{'callback_id': 'f9LHodD0cOLw4VYwsfTjBm-UKQe3sHpLfOUkydNuYVb_UuSpjiDqucgCkqoCTheDNlFDg6hb7-tgqa8CuvT_0E2djqL69-7nWtlqfvAD50lVU4R4KQdJ', 'payload': {'buttons': [[{'payload': 'KBRD.7', 'text': '7', 'intent': 'default', 'type': 'callback'}, {'payload': 'KBRD.8', 'text': '8', 'intent': 'default', 'type': 'callback'}, {'payload': 'KBRD.9', 'text': '9', 'intent': 'default', 'type': 'callback'}], [{'payload': 'KBRD.4', 'text': '4', 'intent': 'default', 'type': 'callback'}, {'payload': 'KBRD.5', 'text': '5', 'intent': 'default', 'type': 'callback'}, {'payload': 'KBRD.6', 'text': '6', 'intent': 'default', 'type': 'callback'}], [{'payload': 'KBRD.3', 'text': '3', 'intent': 'default', 'type': 'callback'}, {'payload': 'KBRD.2', 'text': '2', 'intent': 'default', 'type': 'callback'}, {'payload': 'KBRD.1', 'text': '1', 'intent': 'default', 'type': 'callback'}], [{'payload': 'KBRD.0', 'text': '0', 'intent': 'default', 'type': 'callback'}, {'payload': 'KBRD.Cancel', 'text': 'Сброс', 'intent': 'default', 'type': 'callback'}], [{'payload': 'RecoveryAuthorization', 'text': 'Восстановление доступа', 'intent': 'default', 'type': 'callback'}], [{'payload': 'CancelCurrentOperation', 'text': 'Прервать операцию', 'intent': 'default', 'type': 'callback'}]]}, 'type': 'inline_keyboard'}], 'markup': [{'from': 20, 'length': 8, 'type': 'strong'}]}, 'sender': {'user_id': 210669020, 'first_name': 'DASHA_TOKEN_BOT', 'username': 'id575104156000_bot', 'is_bot': True, 'last_activity_time': 1773056222400, 'name': 'DASHA_TOKEN_BOT'}}, 'timestamp': 1772742483369, 'user_locale': 'ru', 'update_type': 'message_callback'}
clb

2026-03-09 14:37:05
23645861
edt

2026-03-09 14:37:05
{'callback': {'timestamp': 1772742484028, 'callback_id': 'f9LHodD0cOIO3aeCLw9XH-QzYF06N84ZeLUWdKVNe_EEvjsilkCKNDKxpxXosdHOVgdgzTvNIHS2Tvb7PvFkXQKVQOf6h32YlyiJIdqXtOkr8Slg7sZ2', 'user': {'user_id': 23645861, 'first_name': 'Дмитрий', 'last_name': 'Марков', 'is_bot': False, 'last_activity_time': 1773055281000, 'name': 'Дмитрий Марков'}, 'payload': 'KBRD.9'}, 'message': {'recipient': {'chat_id': 233194361, 'chat_type': 'dialog', 'user_id': 23645861}, 'timestamp': 1772742477460, 'body': {'mid': 'mid.000000000de64379019cbfaf869401fd', 'seq': 116178451002819069, 'text': 'Введите код доступа: * * * *', 'attachments': [{'callback_id': 'f9LHodD0cOKxMxKrCAN7JtiEANN6DLxs7op_5yl0s4hKxDHhsSH76wLdyv8axfxwXWIAW7AuzsoQXmb3v_u3EoUGahBrURnjd7OzsLbagbzzR5Y5TALw', 'payload': {'buttons': [[{'payload': 'KBRD.7', 'text': '7', 'intent': 'default', 'type': 'callback'}, {'payload': 'KBRD.8', 'text': '8', 'intent': 'default', 'type': 'callback'}, {'payload': 'KBRD.9', 'text': '9', 'intent': 'default', 'type': 'callback'}], [{'payload': 'KBRD.4', 'text': '4', 'intent': 'default', 'type': 'callback'}, {'payload': 'KBRD.5', 'text': '5', 'intent': 'default', 'type': 'callback'}, {'payload': 'KBRD.6', 'text': '6', 'intent': 'default', 'type': 'callback'}], [{'payload': 'KBRD.3', 'text': '3', 'intent': 'default', 'type': 'callback'}, {'payload': 'KBRD.2', 'text': '2', 'intent': 'default', 'type': 'callback'}, {'payload': 'KBRD.1', 'text': '1', 'intent': 'default', 'type': 'callback'}], [{'payload': 'KBRD.0', 'text': '0', 'intent': 'default', 'type': 'callback'}, {'payload': 'KBRD.Cancel', 'text': 'Сброс', 'intent': 'default', 'type': 'callback'}], [{'payload': 'RecoveryAuthorization', 'text': 'Восстановление доступа', 'intent': 'default', 'type': 'callback'}], [{'payload': 'CancelCurrentOperation', 'text': 'Прервать операцию', 'intent': 'default', 'type': 'callback'}]]}, 'type': 'inline_keyboard'}], 'markup': [{'from': 20, 'length': 8, 'type': 'strong'}]}, 'sender': {'user_id': 210669020, 'first_name': 'DASHA_TOKEN_BOT', 'username': 'id575104156000_bot', 'is_bot': True, 'last_activity_time': 1773056222402, 'name': 'DASHA_TOKEN_BOT'}}, 'timestamp': 1772742484028, 'user_locale': 'ru', 'update_type': 'message_callback'}
clb

2026-03-09 14:37:06
23645861
edt

2026-03-09 14:37:06
{'callback': {'timestamp': 1772742484970, 'callback_id': 'f9LHodD0cOLoqd1MZk6L0buZbGR8hxuLDd2rUNSgAvPkjshdWUHO3oAqpXSL9icPwLO3GJnQfJDSOZXkY7TylQzc80eW5_HVdoktr7XUJ7u2K4KwqIQy', 'user': {'user_id': 23645861, 'first_name': 'Дмитрий', 'last_name': 'Марков', 'is_bot': False, 'last_activity_time': 1773055281000, 'name': 'Дмитрий Марков'}, 'payload': 'KBRD.9'}, 'message': {'recipient': {'chat_id': 233194361, 'chat_type': 'dialog', 'user_id': 23645861}, 'timestamp': 1772742477460, 'body': {'mid': 'mid.000000000de64379019cbfaf869401fd', 'seq': 116178451002819069, 'text': 'Введите код доступа: * * * *', 'attachments': [{'callback_id': 'f9LHodD0cOJwRX2qMPy4qo_DCFJLwOoI8kfgXeSPyeiCAaRTeB_swKEucWGYefVHjRovirLEWdPN23SzhKPS0AQhECwchGxrSkadsAGx7LUmZ_j-tQ_i', 'payload': {'buttons': [[{'payload': 'KBRD.7', 'text': '7', 'intent': 'default', 'type': 'callback'}, {'payload': 'KBRD.8', 'text': '8', 'intent': 'default', 'type': 'callback'}, {'payload': 'KBRD.9', 'text': '9', 'intent': 'default', 'type': 'callback'}], [{'payload': 'KBRD.4', 'text': '4', 'intent': 'default', 'type': 'callback'}, {'payload': 'KBRD.5', 'text': '5', 'intent': 'default', 'type': 'callback'}, {'payload': 'KBRD.6', 'text': '6', 'intent': 'default', 'type': 'callback'}], [{'payload': 'KBRD.3', 'text': '3', 'intent': 'default', 'type': 'callback'}, {'payload': 'KBRD.2', 'text': '2', 'intent': 'default', 'type': 'callback'}, {'payload': 'KBRD.1', 'text': '1', 'intent': 'default', 'type': 'callback'}], [{'payload': 'KBRD.0', 'text': '0', 'intent': 'default', 'type': 'callback'}, {'payload': 'KBRD.Cancel', 'text': 'Сброс', 'intent': 'default', 'type': 'callback'}], [{'payload': 'RecoveryAuthorization', 'text': 'Восстановление доступа', 'intent': 'default', 'type': 'callback'}], [{'payload': 'CancelCurrentOperation', 'text': 'Прервать операцию', 'intent': 'default', 'type': 'callback'}]]}, 'type': 'inline_keyboard'}], 'markup': [{'from': 20, 'length': 8, 'type': 'strong'}]}, 'sender': {'user_id': 210669020, 'first_name': 'DASHA_TOKEN_BOT', 'username': 'id575104156000_bot', 'is_bot': True, 'last_activity_time': 1773056222405, 'name': 'DASHA_TOKEN_BOT'}}, 'timestamp': 1772742484970, 'user_locale': 'ru', 'update_type': 'message_callback'}
clb

2026-03-09 14:37:07
23645861
edt

2026-03-09 14:37:07
{'callback': {'timestamp': 1772742486021, 'callback_id': 'f9LHodD0cOIExEVH-riZmtLTcW2ZzI2dPvhUNU0LW4MWc7WISZsLeFXrMbVPvt3uiRojOffOUl92i1NqUWPru2xJg5y3lgXsrRMoGu3Ppat7AIXFNhYW', 'user': {'user_id': 23645861, 'first_name': 'Дмитрий', 'last_name': 'Марков', 'is_bot': False, 'last_activity_time': 1773055281000, 'name': 'Дмитрий Марков'}, 'payload': 'KBRD.9'}, 'message': {'recipient': {'chat_id': 233194361, 'chat_type': 'dialog', 'user_id': 23645861}, 'timestamp': 1772742477460, 'body': {'mid': 'mid.000000000de64379019cbfaf869401fd', 'seq': 116178451002819069, 'text': 'Введите код доступа: * * * *', 'attachments': [{'callback_id': 'f9LHodD0cOLhVIkGCCvgwx0JWfwNnvtlhBirGDkcZf6AwCwOpSwZ2-OavCPAnB0Bw_1dBSRAspE1VzjHMOCVUIYgCQn09raptJRGtQ6f70wBecICX-ky', 'payload': {'buttons': [[{'payload': 'KBRD.7', 'text': '7', 'intent': 'default', 'type': 'callback'}, {'payload': 'KBRD.8', 'text': '8', 'intent': 'default', 'type': 'callback'}, {'payload': 'KBRD.9', 'text': '9', 'intent': 'default', 'type': 'callback'}], [{'payload': 'KBRD.4', 'text': '4', 'intent': 'default', 'type': 'callback'}, {'payload': 'KBRD.5', 'text': '5', 'intent': 'default', 'type': 'callback'}, {'payload': 'KBRD.6', 'text': '6', 'intent': 'default', 'type': 'callback'}], [{'payload': 'KBRD.3', 'text': '3', 'intent': 'default', 'type': 'callback'}, {'payload': 'KBRD.2', 'text': '2', 'intent': 'default', 'type': 'callback'}, {'payload': 'KBRD.1', 'text': '1', 'intent': 'default', 'type': 'callback'}], [{'payload': 'KBRD.0', 'text': '0', 'intent': 'default', 'type': 'callback'}, {'payload': 'KBRD.Cancel', 'text': 'Сброс', 'intent': 'default', 'type': 'callback'}], [{'payload': 'RecoveryAuthorization', 'text': 'Восстановление доступа', 'intent': 'default', 'type': 'callback'}], [{'payload': 'CancelCurrentOperation', 'text': 'Прервать операцию', 'intent': 'default', 'type': 'callback'}]]}, 'type': 'inline_keyboard'}], 'markup': [{'from': 20, 'length': 8, 'type': 'strong'}]}, 'sender': {'user_id': 210669020, 'first_name': 'DASHA_TOKEN_BOT', 'username': 'id575104156000_bot', 'is_bot': True, 'last_activity_time': 1773056222406, 'name': 'DASHA_TOKEN_BOT'}}, 'timestamp': 1772742486021, 'user_locale': 'ru', 'update_type': 'message_callback'}
clb

2026-03-09 14:37:07
23645861
edt

2026-03-09 14:37:07
{'callback': {'timestamp': 1772742505370, 'callback_id': 'f9LHodD0cOK2JQEdkfI5kQeV0bDOx8VFRTy81dKrGL1n4ECoEpA7y9JMbVTzrXmCqm3XmxCcJbUsnXAEUovSh-gUaFTIF4Oi_zneuKvjqv54qxhPUN3A', 'user': {'user_id': 23645861, 'first_name': 'Дмитрий', 'last_name': 'Марков', 'is_bot': False, 'last_activity_time': 1773055281000, 'name': 'Дмитрий Марков'}, 'payload': 'KBRD.9'}, 'message': {'recipient': {'chat_id': 233194361, 'chat_type': 'dialog', 'user_id': 23645861}, 'timestamp': 1772742502518, 'body': {'mid': 'mid.000000000de64379019cbfafe8764deb', 'seq': 116178452645039595, 'text': 'Введите код доступа: * * * *', 'attachments': [{'callback_id': 'f9LHodD0cOIcWDpclmlobMRvqv-OwXJkcN5MsaZ4Gx_U9b2pclw7991Nf1MRkJy8trBckpt3vtAVQdFNA7GE1D3WZDrBylineF9IVUKf2oHSDroCTIFK', 'payload': {'buttons': [[{'payload': 'KBRD.7', 'text': '7', 'intent': 'default', 'type': 'callback'}, {'payload': 'KBRD.8', 'text': '8', 'intent': 'default', 'type': 'callback'}, {'payload': 'KBRD.9', 'text': '9', 'intent': 'default', 'type': 'callback'}], [{'payload': 'KBRD.4', 'text': '4', 'intent': 'default', 'type': 'callback'}, {'payload': 'KBRD.5', 'text': '5', 'intent': 'default', 'type': 'callback'}, {'payload': 'KBRD.6', 'text': '6', 'intent': 'default', 'type': 'callback'}], [{'payload': 'KBRD.3', 'text': '3', 'intent': 'default', 'type': 'callback'}, {'payload': 'KBRD.2', 'text': '2', 'intent': 'default', 'type': 'callback'}, {'payload': 'KBRD.1', 'text': '1', 'intent': 'default', 'type': 'callback'}], [{'payload': 'KBRD.0', 'text': '0', 'intent': 'default', 'type': 'callback'}, {'payload': 'KBRD.Cancel', 'text': 'Сброс', 'intent': 'default', 'type': 'callback'}], [{'payload': 'RecoveryAuthorization', 'text': 'Восстановление доступа', 'intent': 'default', 'type': 'callback'}], [{'payload': 'CancelCurrentOperation', 'text': 'Прервать операцию', 'intent': 'default', 'type': 'callback'}]]}, 'type': 'inline_keyboard'}], 'markup': [{'from': 20, 'length': 8, 'type': 'strong'}]}, 'sender': {'user_id': 210669020, 'first_name': 'DASHA_TOKEN_BOT', 'username': 'id575104156000_bot', 'is_bot': True, 'last_activity_time': 1773056222407, 'name': 'DASHA_TOKEN_BOT'}}, 'timestamp': 1772742505370, 'user_locale': 'ru', 'update_type': 'message_callback'}
clb

2026-03-09 14:37:08
23645861
edt

2026-03-09 14:37:08
{'callback': {'timestamp': 1772742505919, 'callback_id': 'f9LHodD0cOKSWzUNxiegbBXxXJLYNAGt07YLfNun00yaIijnNu6ODUoYwpCwE1HJz7nfX0L3NdtRUyH3-e8CWvsyxdPpc9u_cxgRIbvHrnKFY5JbWPh5', 'user': {'user_id': 23645861, 'first_name': 'Дмитрий', 'last_name': 'Марков', 'is_bot': False, 'last_activity_time': 1773055281000, 'name': 'Дмитрий Марков'}, 'payload': 'KBRD.9'}, 'message': {'recipient': {'chat_id': 233194361, 'chat_type': 'dialog', 'user_id': 23645861}, 'timestamp': 1772742502518, 'body': {'mid': 'mid.000000000de64379019cbfafe8764deb', 'seq': 116178452645039595, 'text': 'Введите код доступа: * * * *', 'attachments': [{'callback_id': 'f9LHodD0cOLLepXpeH5kZH7g-Xg7Ucyz1HLI8aDkUi8O9B9GSnJWLSelbxOlpcnZZp38QHoAaddbnYDIgpaa-2SwJg-WToouaBHZkLbGJCydnkl7k_3O', 'payload': {'buttons': [[{'payload': 'KBRD.7', 'text': '7', 'intent': 'default', 'type': 'callback'}, {'payload': 'KBRD.8', 'text': '8', 'intent': 'default', 'type': 'callback'}, {'payload': 'KBRD.9', 'text': '9', 'intent': 'default', 'type': 'callback'}], [{'payload': 'KBRD.4', 'text': '4', 'intent': 'default', 'type': 'callback'}, {'payload': 'KBRD.5', 'text': '5', 'intent': 'default', 'type': 'callback'}, {'payload': 'KBRD.6', 'text': '6', 'intent': 'default', 'type': 'callback'}], [{'payload': 'KBRD.3', 'text': '3', 'intent': 'default', 'type': 'callback'}, {'payload': 'KBRD.2', 'text': '2', 'intent': 'default', 'type': 'callback'}, {'payload': 'KBRD.1', 'text': '1', 'intent': 'default', 'type': 'callback'}], [{'payload': 'KBRD.0', 'text': '0', 'intent': 'default', 'type': 'callback'}, {'payload': 'KBRD.Cancel', 'text': 'Сброс', 'intent': 'default', 'type': 'callback'}], [{'payload': 'RecoveryAuthorization', 'text': 'Восстановление доступа', 'intent': 'default', 'type': 'callback'}], [{'payload': 'CancelCurrentOperation', 'text': 'Прервать операцию', 'intent': 'default', 'type': 'callback'}]]}, 'type': 'inline_keyboard'}], 'markup': [{'from': 20, 'length': 8, 'type': 'strong'}]}, 'sender': {'user_id': 210669020, 'first_name': 'DASHA_TOKEN_BOT', 'username': 'id575104156000_bot', 'is_bot': True, 'last_activity_time': 1773056222408, 'name': 'DASHA_TOKEN_BOT'}}, 'timestamp': 1772742505919, 'user_locale': 'ru', 'update_type': 'message_callback'}
clb

2026-03-09 14:37:10
23645861
edt

2026-03-09 14:37:10
{'callback': {'timestamp': 1772742506721, 'callback_id': 'f9LHodD0cOIeUfPj2TKurOAnVKpVoaZXOJI29nr_025_BCDelQCJhf8w94wuhmH5qVV2YWjRtxDTGzg2sboUTPAARiXgp9ky6cj3Az5xwgwXfQYYQV6p', 'user': {'user_id': 23645861, 'first_name': 'Дмитрий', 'last_name': 'Марков', 'is_bot': False, 'last_activity_time': 1773055281000, 'name': 'Дмитрий Марков'}, 'payload': 'KBRD.9'}, 'message': {'recipient': {'chat_id': 233194361, 'chat_type': 'dialog', 'user_id': 23645861}, 'timestamp': 1772742502518, 'body': {'mid': 'mid.000000000de64379019cbfafe8764deb', 'seq': 116178452645039595, 'text': 'Введите код доступа: * * * *', 'attachments': [{'callback_id': 'f9LHodD0cOLEWK1l-CdaHES0EmqvKlulv7UPr1hUJuW6TTjqm_MkTnY_aFxanMpfIBysqMkni1ojoHA2m7gWDsZe-Xtmt3gAVVVza6Jt0j3PUre2HGk-', 'payload': {'buttons': [[{'payload': 'KBRD.7', 'text': '7', 'intent': 'default', 'type': 'callback'}, {'payload': 'KBRD.8', 'text': '8', 'intent': 'default', 'type': 'callback'}, {'payload': 'KBRD.9', 'text': '9', 'intent': 'default', 'type': 'callback'}], [{'payload': 'KBRD.4', 'text': '4', 'intent': 'default', 'type': 'callback'}, {'payload': 'KBRD.5', 'text': '5', 'intent': 'default', 'type': 'callback'}, {'payload': 'KBRD.6', 'text': '6', 'intent': 'default', 'type': 'callback'}], [{'payload': 'KBRD.3', 'text': '3', 'intent': 'default', 'type': 'callback'}, {'payload': 'KBRD.2', 'text': '2', 'intent': 'default', 'type': 'callback'}, {'payload': 'KBRD.1', 'text': '1', 'intent': 'default', 'type': 'callback'}], [{'payload': 'KBRD.0', 'text': '0', 'intent': 'default', 'type': 'callback'}, {'payload': 'KBRD.Cancel', 'text': 'Сброс', 'intent': 'default', 'type': 'callback'}], [{'payload': 'RecoveryAuthorization', 'text': 'Восстановление доступа', 'intent': 'default', 'type': 'callback'}], [{'payload': 'CancelCurrentOperation', 'text': 'Прервать операцию', 'intent': 'default', 'type': 'callback'}]]}, 'type': 'inline_keyboard'}], 'markup': [{'from': 20, 'length': 8, 'type': 'strong'}]}, 'sender': {'user_id': 210669020, 'first_name': 'DASHA_TOKEN_BOT', 'username': 'id575104156000_bot', 'is_bot': True, 'last_activity_time': 1773056222409, 'name': 'DASHA_TOKEN_BOT'}}, 'timestamp': 1772742506721, 'user_locale': 'ru', 'update_type': 'message_callback'}
clb

2026-03-09 14:37:42
{'callback': {'timestamp': 1772742752623, 'callback_id': 'f9LHodD0cOLDbE3-tC77DR8uZRe2EXdUyNqZ96EldhD8aKUBbfKa2wLMpagIFxBCeKptsSPj_VRNkQyYIAjxMC-I8szKZWzwG2WYhYdftlUTThOUvBta', 'user': {'user_id': 23645861, 'first_name': 'Дмитрий', 'last_name': 'Марков', 'is_bot': False, 'last_activity_time': 1773055281000, 'name': 'Дмитрий Марков'}, 'payload': 'KBRD.9'}, 'message': {'recipient': {'chat_id': 233194361, 'chat_type': 'dialog', 'user_id': 23645861}, 'timestamp': 1772742742294, 'body': {'mid': 'mid.000000000de64379019cbfb39116680f', 'seq': 116178468359006223, 'text': 'Введите код доступа: * * * *', 'attachments': [{'callback_id': 'f9LHodD0cOIZSqdH2RMbC1ttKYcbxIgRQym5KyuD9WV9KmWQ5VZMfEzP5tSoo7PW41k-6KhkUWnwM0cqyDJoOIVKoYu9EpYVOECgq8Yau_rGB0uH_4OZ', 'payload': {'buttons': [[{'payload': 'KBRD.7', 'text': '7', 'intent': 'default', 'type': 'callback'}, {'payload': 'KBRD.8', 'text': '8', 'intent': 'default', 'type': 'callback'}, {'payload': 'KBRD.9', 'text': '9', 'intent': 'default', 'type': 'callback'}], [{'payload': 'KBRD.4', 'text': '4', 'intent': 'default', 'type': 'callback'}, {'payload': 'KBRD.5', 'text': '5', 'intent': 'default', 'type': 'callback'}, {'payload': 'KBRD.6', 'text': '6', 'intent': 'default', 'type': 'callback'}], [{'payload': 'KBRD.3', 'text': '3', 'intent': 'default', 'type': 'callback'}, {'payload': 'KBRD.2', 'text': '2', 'intent': 'default', 'type': 'callback'}, {'payload': 'KBRD.1', 'text': '1', 'intent': 'default', 'type': 'callback'}], [{'payload': 'KBRD.0', 'text': '0', 'intent': 'default', 'type': 'callback'}, {'payload': 'KBRD.Cancel', 'text': 'Сброс', 'intent': 'default', 'type': 'callback'}], [{'payload': 'RecoveryAuthorization', 'text': 'Восстановление доступа', 'intent': 'default', 'type': 'callback'}], [{'payload': 'CancelCurrentOperation', 'text': 'Прервать операцию', 'intent': 'default', 'type': 'callback'}]]}, 'type': 'inline_keyboard'}], 'markup': [{'from': 20, 'length': 8, 'type': 'strong'}]}, 'sender': {'user_id': 210669020, 'first_name': 'DASHA_TOKEN_BOT', 'username': 'id575104156000_bot', 'is_bot': True, 'last_activity_time': 1773056259649, 'name': 'DASHA_TOKEN_BOT'}}, 'timestamp': 1772742752623, 'user_locale': 'ru', 'update_type': 'message_callback'}
clb

2026-03-09 14:37:43
23645861
edt

2026-03-09 14:37:43
{'callback': {'timestamp': 1772742755594, 'callback_id': 'f9LHodD0cOKyHtv6g6qDRJbAaMybV5_Ts0Q21Y2Ugtk_3b-PHRuVdZ3nQb0er85t_Lt5i0RYraNnzSkxd1HpAeeXprzkZpj5M6IACB7iYgfo2WtSNuAE', 'user': {'user_id': 23645861, 'first_name': 'Дмитрий', 'last_name': 'Марков', 'is_bot': False, 'last_activity_time': 1773055281000, 'name': 'Дмитрий Марков'}, 'payload': 'KBRD.9'}, 'message': {'recipient': {'chat_id': 233194361, 'chat_type': 'dialog', 'user_id': 23645861}, 'timestamp': 1772742742294, 'body': {'mid': 'mid.000000000de64379019cbfb39116680f', 'seq': 116178468359006223, 'text': 'Введите код доступа: * * * *', 'attachments': [{'callback_id': 'f9LHodD0cOLcvq_JI3WL7PEZuvXjUKyDl2htqUn_CRW591TuNqLgq8jwPE3wXDa6tIDRUEjpHhjRATJqpmOfhyXQ9QS3pTIZx7hh8dZDGN3TldR4Zqdp', 'payload': {'buttons': [[{'payload': 'KBRD.7', 'text': '7', 'intent': 'default', 'type': 'callback'}, {'payload': 'KBRD.8', 'text': '8', 'intent': 'default', 'type': 'callback'}, {'payload': 'KBRD.9', 'text': '9', 'intent': 'default', 'type': 'callback'}], [{'payload': 'KBRD.4', 'text': '4', 'intent': 'default', 'type': 'callback'}, {'payload': 'KBRD.5', 'text': '5', 'intent': 'default', 'type': 'callback'}, {'payload': 'KBRD.6', 'text': '6', 'intent': 'default', 'type': 'callback'}], [{'payload': 'KBRD.3', 'text': '3', 'intent': 'default', 'type': 'callback'}, {'payload': 'KBRD.2', 'text': '2', 'intent': 'default', 'type': 'callback'}, {'payload': 'KBRD.1', 'text': '1', 'intent': 'default', 'type': 'callback'}], [{'payload': 'KBRD.0', 'text': '0', 'intent': 'default', 'type': 'callback'}, {'payload': 'KBRD.Cancel', 'text': 'Сброс', 'intent': 'default', 'type': 'callback'}], [{'payload': 'RecoveryAuthorization', 'text': 'Восстановление доступа', 'intent': 'default', 'type': 'callback'}], [{'payload': 'CancelCurrentOperation', 'text': 'Прервать операцию', 'intent': 'default', 'type': 'callback'}]]}, 'type': 'inline_keyboard'}], 'markup': [{'from': 20, 'length': 8, 'type': 'strong'}]}, 'sender': {'user_id': 210669020, 'first_name': 'DASHA_TOKEN_BOT', 'username': 'id575104156000_bot', 'is_bot': True, 'last_activity_time': 1773056259650, 'name': 'DASHA_TOKEN_BOT'}}, 'timestamp': 1772742755594, 'user_locale': 'ru', 'update_type': 'message_callback'}
clb

2026-03-09 14:37:44
23645861
edt

2026-03-09 14:37:44
{'callback': {'timestamp': 1772742767171, 'callback_id': 'f9LHodD0cOKmCQnb2N4bKxdgJfjYiNFOLcZx_ymxbtxdOeWkDkf7aDVaLwcD-gx6npYuCjMUAfacRjtR_QE4EvZQVWHH6ARX5VEkn2Xt04hO3m1MFohQ', 'user': {'user_id': 23645861, 'first_name': 'Дмитрий', 'last_name': 'Марков', 'is_bot': False, 'last_activity_time': 1773055281000, 'name': 'Дмитрий Марков'}, 'payload': 'KBRD.9'}, 'message': {'recipient': {'chat_id': 233194361, 'chat_type': 'dialog', 'user_id': 23645861}, 'timestamp': 1772742742294, 'body': {'mid': 'mid.000000000de64379019cbfb39116680f', 'seq': 116178468359006223, 'text': 'Введите код доступа: * * * *', 'attachments': [{'callback_id': 'f9LHodD0cOIygp-Z3M22bwAmpJzrasrpi0hQeswkDPsdqojV23-CBuVsIkj4tg4K6kCLZ9VU0TR2EUc-rn_ypyVcURm7kiLeur-5GPBfmJtsb7LQ8dgg', 'payload': {'buttons': [[{'payload': 'KBRD.7', 'text': '7', 'intent': 'default', 'type': 'callback'}, {'payload': 'KBRD.8', 'text': '8', 'intent': 'default', 'type': 'callback'}, {'payload': 'KBRD.9', 'text': '9', 'intent': 'default', 'type': 'callback'}], [{'payload': 'KBRD.4', 'text': '4', 'intent': 'default', 'type': 'callback'}, {'payload': 'KBRD.5', 'text': '5', 'intent': 'default', 'type': 'callback'}, {'payload': 'KBRD.6', 'text': '6', 'intent': 'default', 'type': 'callback'}], [{'payload': 'KBRD.3', 'text': '3', 'intent': 'default', 'type': 'callback'}, {'payload': 'KBRD.2', 'text': '2', 'intent': 'default', 'type': 'callback'}, {'payload': 'KBRD.1', 'text': '1', 'intent': 'default', 'type': 'callback'}], [{'payload': 'KBRD.0', 'text': '0', 'intent': 'default', 'type': 'callback'}, {'payload': 'KBRD.Cancel', 'text': 'Сброс', 'intent': 'default', 'type': 'callback'}], [{'payload': 'RecoveryAuthorization', 'text': 'Восстановление доступа', 'intent': 'default', 'type': 'callback'}], [{'payload': 'CancelCurrentOperation', 'text': 'Прервать операцию', 'intent': 'default', 'type': 'callback'}]]}, 'type': 'inline_keyboard'}], 'markup': [{'from': 20, 'length': 8, 'type': 'strong'}]}, 'sender': {'user_id': 210669020, 'first_name': 'DASHA_TOKEN_BOT', 'username': 'id575104156000_bot', 'is_bot': True, 'last_activity_time': 1773056259651, 'name': 'DASHA_TOKEN_BOT'}}, 'timestamp': 1772742767171, 'user_locale': 'ru', 'update_type': 'message_callback'}
clb

2026-03-09 14:37:45
23645861
edt

2026-03-09 14:37:45
{'callback': {'timestamp': 1772742769381, 'callback_id': 'f9LHodD0cOJ4vsZ7foWnTazhP846OooaU7M9bzq1tzgoYepos8o2lQT2py1Gp2vzFB21u3ghhTuS3DtZw-RQE2-Z2WqIxIh87Rl6uFFBFGWKb40V7ykq', 'user': {'user_id': 23645861, 'first_name': 'Дмитрий', 'last_name': 'Марков', 'is_bot': False, 'last_activity_time': 1773055281000, 'name': 'Дмитрий Марков'}, 'payload': 'KBRD.9'}, 'message': {'recipient': {'chat_id': 233194361, 'chat_type': 'dialog', 'user_id': 23645861}, 'timestamp': 1772742742294, 'body': {'mid': 'mid.000000000de64379019cbfb39116680f', 'seq': 116178468359006223, 'text': 'Введите код доступа: * * * *', 'attachments': [{'callback_id': 'f9LHodD0cOJJR42nZB78tYZGOEWVvA2JajLM1gSgbhjUcT0awAI9bqVA3Y0-CJNsCFswSNgLtB9SoRu3uX1kCO4guUHdD8TrbTILA3oWFRygLkKuQpM4', 'payload': {'buttons': [[{'payload': 'KBRD.7', 'text': '7', 'intent': 'default', 'type': 'callback'}, {'payload': 'KBRD.8', 'text': '8', 'intent': 'default', 'type': 'callback'}, {'payload': 'KBRD.9', 'text': '9', 'intent': 'default', 'type': 'callback'}], [{'payload': 'KBRD.4', 'text': '4', 'intent': 'default', 'type': 'callback'}, {'payload': 'KBRD.5', 'text': '5', 'intent': 'default', 'type': 'callback'}, {'payload': 'KBRD.6', 'text': '6', 'intent': 'default', 'type': 'callback'}], [{'payload': 'KBRD.3', 'text': '3', 'intent': 'default', 'type': 'callback'}, {'payload': 'KBRD.2', 'text': '2', 'intent': 'default', 'type': 'callback'}, {'payload': 'KBRD.1', 'text': '1', 'intent': 'default', 'type': 'callback'}], [{'payload': 'KBRD.0', 'text': '0', 'intent': 'default', 'type': 'callback'}, {'payload': 'KBRD.Cancel', 'text': 'Сброс', 'intent': 'default', 'type': 'callback'}], [{'payload': 'RecoveryAuthorization', 'text': 'Восстановление доступа', 'intent': 'default', 'type': 'callback'}], [{'payload': 'CancelCurrentOperation', 'text': 'Прервать операцию', 'intent': 'default', 'type': 'callback'}]]}, 'type': 'inline_keyboard'}], 'markup': [{'from': 20, 'length': 8, 'type': 'strong'}]}, 'sender': {'user_id': 210669020, 'first_name': 'DASHA_TOKEN_BOT', 'username': 'id575104156000_bot', 'is_bot': True, 'last_activity_time': 1773056259652, 'name': 'DASHA_TOKEN_BOT'}}, 'timestamp': 1772742769381, 'user_locale': 'ru', 'update_type': 'message_callback'}
clb

2026-03-09 14:37:46
23645861
edt

2026-03-09 14:37:48
string indices must be integers, not 'str'
snd-err

2026-03-09 14:37:49
None
del

2026-03-09 14:37:50
string indices must be integers, not 'str'
snd-err

2026-03-09 14:37:50
{'callback': {'timestamp': 1772743469313, 'callback_id': 'f9LHodD0cOK2dN8zEsvY41-o0dcf4uMXlUumynYHw4VTsFmpFhs2Y-InUMmFwslgzELUZNFqA9HW8yuSgpW-pQT05D4oa6YqV8fLutlBbPdkR8pk50RV', 'user': {'user_id': 23645861, 'first_name': 'Дмитрий', 'last_name': 'Марков', 'is_bot': False, 'last_activity_time': 1773055281000, 'name': 'Дмитрий Марков'}, 'payload': 'CancelCurrentOperation'}, 'message': {'recipient': {'chat_id': 233194361, 'chat_type': 'dialog', 'user_id': 23645861}, 'timestamp': 1772743460375, 'body': {'mid': 'mid.000000000de64379019cbfbe8617481e', 'seq': 116178515419154462, 'text': 'Введите код доступа: _ _ _ _', 'attachments': [{'callback_id': 'f9LHodD0cOIcx6KKtrak8oNl0mX85vYnC63HlRkaiwczqytZkTnmXrCblcedBPhCCJNFAc1UC2S9B2fvw3kD2ghyJW8pJA77yj29H3zkCxHKxcdIV1k7', 'payload': {'buttons': [[{'payload': 'KBRD.7', 'text': '7', 'intent': 'default', 'type': 'callback'}, {'payload': 'KBRD.8', 'text': '8', 'intent': 'default', 'type': 'callback'}, {'payload': 'KBRD.9', 'text': '9', 'intent': 'default', 'type': 'callback'}], [{'payload': 'KBRD.4', 'text': '4', 'intent': 'default', 'type': 'callback'}, {'payload': 'KBRD.5', 'text': '5', 'intent': 'default', 'type': 'callback'}, {'payload': 'KBRD.6', 'text': '6', 'intent': 'default', 'type': 'callback'}], [{'payload': 'KBRD.3', 'text': '3', 'intent': 'default', 'type': 'callback'}, {'payload': 'KBRD.2', 'text': '2', 'intent': 'default', 'type': 'callback'}, {'payload': 'KBRD.1', 'text': '1', 'intent': 'default', 'type': 'callback'}], [{'payload': 'KBRD.0', 'text': '0', 'intent': 'default', 'type': 'callback'}, {'payload': 'KBRD.Cancel', 'text': 'Сброс', 'intent': 'default', 'type': 'callback'}], [{'payload': 'RecoveryAuthorization', 'text': 'Восстановление доступа', 'intent': 'default', 'type': 'callback'}], [{'payload': 'CancelCurrentOperation', 'text': 'Прервать операцию', 'intent': 'default', 'type': 'callback'}]]}, 'type': 'inline_keyboard'}], 'markup': [{'from': 20, 'length': 8, 'type': 'strong'}]}, 'sender': {'user_id': 210669020, 'first_name': 'DASHA_TOKEN_BOT', 'username': 'id575104156000_bot', 'is_bot': True, 'last_activity_time': 1773056268022, 'name': 'DASHA_TOKEN_BOT'}}, 'timestamp': 1772743469313, 'user_locale': 'ru', 'update_type': 'message_callback'}
clb

2026-03-09 14:37:50
string indices must be integers, not 'str'
snd-err

2026-03-09 14:37:51
None
del

2026-03-09 14:37:52
string indices must be integers, not 'str'
snd-err

2026-03-09 14:37:52
{'callback': {'timestamp': 1772743501269, 'callback_id': 'f9LHodD0cOIX8uTlmDvK3S9h4ZwlldCk3jKGdjM4IcEe-Z5SeKliS1IA8JuSLA0lH8dMyjGZkB26f51TlixupDj_Vk7zz8hwv2es8rtZIBalkAdlZRpp', 'user': {'user_id': 23645861, 'first_name': 'Дмитрий', 'last_name': 'Марков', 'is_bot': False, 'last_activity_time': 1773055281000, 'name': 'Дмитрий Марков'}, 'payload': 'CancelCurrentOperation'}, 'message': {'recipient': {'chat_id': 233194361, 'chat_type': 'dialog', 'user_id': 23645861}, 'timestamp': 1772743460375, 'body': {'mid': 'mid.000000000de64379019cbfbe8617481e', 'seq': 116178515419154462, 'text': 'Введите код доступа: _ _ _ _', 'attachments': [{'callback_id': 'f9LHodD0cOLrjeaNbxfYXs-J96-WAW7DTW7l4w4yx6EGJbtmTaInWbyXZrCiQ-VJqLB56VHcZCQuFcGUg0xe0NTsLEPM3W7cCJdp506wolGqvFKOZESb', 'payload': {'buttons': [[{'payload': 'KBRD.7', 'text': '7', 'intent': 'default', 'type': 'callback'}, {'payload': 'KBRD.8', 'text': '8', 'intent': 'default', 'type': 'callback'}, {'payload': 'KBRD.9', 'text': '9', 'intent': 'default', 'type': 'callback'}], [{'payload': 'KBRD.4', 'text': '4', 'intent': 'default', 'type': 'callback'}, {'payload': 'KBRD.5', 'text': '5', 'intent': 'default', 'type': 'callback'}, {'payload': 'KBRD.6', 'text': '6', 'intent': 'default', 'type': 'callback'}], [{'payload': 'KBRD.3', 'text': '3', 'intent': 'default', 'type': 'callback'}, {'payload': 'KBRD.2', 'text': '2', 'intent': 'default', 'type': 'callback'}, {'payload': 'KBRD.1', 'text': '1', 'intent': 'default', 'type': 'callback'}], [{'payload': 'KBRD.0', 'text': '0', 'intent': 'default', 'type': 'callback'}, {'payload': 'KBRD.Cancel', 'text': 'Сброс', 'intent': 'default', 'type': 'callback'}], [{'payload': 'RecoveryAuthorization', 'text': 'Восстановление доступа', 'intent': 'default', 'type': 'callback'}], [{'payload': 'CancelCurrentOperation', 'text': 'Прервать операцию', 'intent': 'default', 'type': 'callback'}]]}, 'type': 'inline_keyboard'}], 'markup': [{'from': 20, 'length': 8, 'type': 'strong'}]}, 'sender': {'user_id': 210669020, 'first_name': 'DASHA_TOKEN_BOT', 'username': 'id575104156000_bot', 'is_bot': True, 'last_activity_time': 1773056268025, 'name': 'DASHA_TOKEN_BOT'}}, 'timestamp': 1772743501269, 'user_locale': 'ru', 'update_type': 'message_callback'}
clb

2026-03-09 14:37:53
string indices must be integers, not 'str'
snd-err

2026-03-09 14:37:53
None
del

2026-03-09 14:37:54
string indices must be integers, not 'str'
snd-err

2026-03-09 14:37:54
{'callback': {'timestamp': 1772743514021, 'callback_id': 'f9LHodD0cOK8-Tcu4dq0F5kgv0CZjlCJ18DrR3CelacHXkpVFnAE4I_M5xHYxg52pokHmuJjhXZnQEDdx42M_0aR6hjysJo9eFaJgg8d7iBPF4h279Bw', 'user': {'user_id': 23645861, 'first_name': 'Дмитрий', 'last_name': 'Марков', 'is_bot': False, 'last_activity_time': 1773055281000, 'name': 'Дмитрий Марков'}, 'payload': 'Authorization'}, 'message': {'recipient': {'chat_id': 233194361, 'chat_type': 'dialog', 'user_id': 23645861}, 'timestamp': 1772743503424, 'body': {'mid': 'mid.000000000de64379019cbfbf2e4048c5', 'seq': 116178518240413893, 'text': 'Текст для RequiredAuthorization не найден', 'attachments': [{'callback_id': 'f9LHodD0cOJrMZIAyK_o8CloJunVlF-qw7Nvmti8aWVTTMHLua3ilD0RGZADA1YQnHZ0wH7QCmYfStst2swusw_9YhGfGkr5NsHaU47XytlP-R74SzQ7', 'payload': {'buttons': [[{'payload': 'Authorization', 'text': 'Авторизоваться', 'intent': 'default', 'type': 'callback'}]]}, 'type': 'inline_keyboard'}], 'markup': [{'from': 10, 'length': 21, 'type': 'strong'}]}, 'sender': {'user_id': 210669020, 'first_name': 'DASHA_TOKEN_BOT', 'username': 'id575104156000_bot', 'is_bot': True, 'last_activity_time': 1773056268027, 'name': 'DASHA_TOKEN_BOT'}}, 'timestamp': 1772743514021, 'user_locale': 'ru', 'update_type': 'message_callback'}
clb

2026-03-09 14:37:55
string indices must be integers, not 'str'
snd-err

2026-03-09 14:37:56
None
del

2026-03-09 14:37:57
string indices must be integers, not 'str'
snd-err

2026-03-09 14:37:59
string indices must be integers, not 'str'
snd-err

2026-03-09 14:37:59
{'callback': {'timestamp': 1772743518367, 'callback_id': 'f9LHodD0cOKLmU1duFUYkQMz2HgBRDll-ZkKeIv4Amwdrt01rFuhyhpgX2IKLpaByYiQoXKxTXfwuTSoJSNon4OA8Vwh2tvdN7990D3vWSupTjFgHXpu', 'user': {'user_id': 23645861, 'first_name': 'Дмитрий', 'last_name': 'Марков', 'is_bot': False, 'last_activity_time': 1773055281000, 'name': 'Дмитрий Марков'}, 'payload': 'KBRD.9'}, 'message': {'recipient': {'chat_id': 233194361, 'chat_type': 'dialog', 'user_id': 23645861}, 'timestamp': 1772743516423, 'body': {'mid': 'mid.000000000de64379019cbfbf610740db', 'seq': 116178519092314331, 'text': 'Введите код доступа: * * * *', 'attachments': [{'callback_id': 'f9LHodD0cOL24qnl11iy_1nCSPna1uTfYLTZA5Oxoke0nZHGryjjELmyjWhCz1YKNx72PflugkTEZuFaRsNdxevbO9inqU8gtyvdDU4edKDsFARelFd3', 'payload': {'buttons': [[{'payload': 'KBRD.7', 'text': '7', 'intent': 'default', 'type': 'callback'}, {'payload': 'KBRD.8', 'text': '8', 'intent': 'default', 'type': 'callback'}, {'payload': 'KBRD.9', 'text': '9', 'intent': 'default', 'type': 'callback'}], [{'payload': 'KBRD.4', 'text': '4', 'intent': 'default', 'type': 'callback'}, {'payload': 'KBRD.5', 'text': '5', 'intent': 'default', 'type': 'callback'}, {'payload': 'KBRD.6', 'text': '6', 'intent': 'default', 'type': 'callback'}], [{'payload': 'KBRD.3', 'text': '3', 'intent': 'default', 'type': 'callback'}, {'payload': 'KBRD.2', 'text': '2', 'intent': 'default', 'type': 'callback'}, {'payload': 'KBRD.1', 'text': '1', 'intent': 'default', 'type': 'callback'}], [{'payload': 'KBRD.0', 'text': '0', 'intent': 'default', 'type': 'callback'}, {'payload': 'KBRD.Cancel', 'text': 'Сброс', 'intent': 'default', 'type': 'callback'}], [{'payload': 'RecoveryAuthorization', 'text': 'Восстановление доступа', 'intent': 'default', 'type': 'callback'}], [{'payload': 'CancelCurrentOperation', 'text': 'Прервать операцию', 'intent': 'default', 'type': 'callback'}]]}, 'type': 'inline_keyboard'}], 'markup': [{'from': 20, 'length': 8, 'type': 'strong'}]}, 'sender': {'user_id': 210669020, 'first_name': 'DASHA_TOKEN_BOT', 'username': 'id575104156000_bot', 'is_bot': True, 'last_activity_time': 1773056268028, 'name': 'DASHA_TOKEN_BOT'}}, 'timestamp': 1772743518367, 'user_locale': 'ru', 'update_type': 'message_callback'}
clb

2026-03-09 14:38:00
23645861
edt

2026-03-09 14:38:00
{'callback': {'timestamp': 1772743519354, 'callback_id': 'f9LHodD0cOKZVY_ghS-6j0FWfon8NBAGF_OEk5BqWoerSTqn9YMvBNJpRNtLZ6K0jCTFtciyIxtvP7qYIAzpqOKnGjQbeEAV0DqYWhoCSUxroF8KsIoQ', 'user': {'user_id': 23645861, 'first_name': 'Дмитрий', 'last_name': 'Марков', 'is_bot': False, 'last_activity_time': 1773055281000, 'name': 'Дмитрий Марков'}, 'payload': 'KBRD.9'}, 'message': {'recipient': {'chat_id': 233194361, 'chat_type': 'dialog', 'user_id': 23645861}, 'timestamp': 1772743516423, 'body': {'mid': 'mid.000000000de64379019cbfbf610740db', 'seq': 116178519092314331, 'text': 'Введите код доступа: * * * *', 'attachments': [{'callback_id': 'f9LHodD0cOKkksE2YO3_CPKGJw2bsOk4Q5ZI3W00BjYUQoWfLt3565EulvrYRV-GS2SJcITk3aN5fsME2DhlrU-5Y075MLQ4T9J3Ovi6618sqrm6-G6e', 'payload': {'buttons': [[{'payload': 'KBRD.7', 'text': '7', 'intent': 'default', 'type': 'callback'}, {'payload': 'KBRD.8', 'text': '8', 'intent': 'default', 'type': 'callback'}, {'payload': 'KBRD.9', 'text': '9', 'intent': 'default', 'type': 'callback'}], [{'payload': 'KBRD.4', 'text': '4', 'intent': 'default', 'type': 'callback'}, {'payload': 'KBRD.5', 'text': '5', 'intent': 'default', 'type': 'callback'}, {'payload': 'KBRD.6', 'text': '6', 'intent': 'default', 'type': 'callback'}], [{'payload': 'KBRD.3', 'text': '3', 'intent': 'default', 'type': 'callback'}, {'payload': 'KBRD.2', 'text': '2', 'intent': 'default', 'type': 'callback'}, {'payload': 'KBRD.1', 'text': '1', 'intent': 'default', 'type': 'callback'}], [{'payload': 'KBRD.0', 'text': '0', 'intent': 'default', 'type': 'callback'}, {'payload': 'KBRD.Cancel', 'text': 'Сброс', 'intent': 'default', 'type': 'callback'}], [{'payload': 'RecoveryAuthorization', 'text': 'Восстановление доступа', 'intent': 'default', 'type': 'callback'}], [{'payload': 'CancelCurrentOperation', 'text': 'Прервать операцию', 'intent': 'default', 'type': 'callback'}]]}, 'type': 'inline_keyboard'}], 'markup': [{'from': 20, 'length': 8, 'type': 'strong'}]}, 'sender': {'user_id': 210669020, 'first_name': 'DASHA_TOKEN_BOT', 'username': 'id575104156000_bot', 'is_bot': True, 'last_activity_time': 1773056268030, 'name': 'DASHA_TOKEN_BOT'}}, 'timestamp': 1772743519354, 'user_locale': 'ru', 'update_type': 'message_callback'}
clb

2026-03-09 14:38:01
23645861
edt

2026-03-09 14:38:01
{'callback': {'timestamp': 1772743520326, 'callback_id': 'f9LHodD0cOLuja5RhomNX7OGqFw-KIQQXhhzqnR6qoEjpcrLDs-82E4eT-n4Z5uD1PBPMH2D_lq2PvKfmTT-e7uNH1bWBhXjIRxx6qKlnFBNn80gTrjQ', 'user': {'user_id': 23645861, 'first_name': 'Дмитрий', 'last_name': 'Марков', 'is_bot': False, 'last_activity_time': 1773055281000, 'name': 'Дмитрий Марков'}, 'payload': 'KBRD.9'}, 'message': {'recipient': {'chat_id': 233194361, 'chat_type': 'dialog', 'user_id': 23645861}, 'timestamp': 1772743516423, 'body': {'mid': 'mid.000000000de64379019cbfbf610740db', 'seq': 116178519092314331, 'text': 'Введите код доступа: * * * *', 'attachments': [{'callback_id': 'f9LHodD0cOIrmjVhx48ILTkvU20hiln8hpYzPpJQ1V_FCBC-_OnfW2GVOs4Kq4SRJEP4r4QYtfoNrTjMJrj3UOf0WxaltKK69pzh454uGqBgZWRCVP3x', 'payload': {'buttons': [[{'payload': 'KBRD.7', 'text': '7', 'intent': 'default', 'type': 'callback'}, {'payload': 'KBRD.8', 'text': '8', 'intent': 'default', 'type': 'callback'}, {'payload': 'KBRD.9', 'text': '9', 'intent': 'default', 'type': 'callback'}], [{'payload': 'KBRD.4', 'text': '4', 'intent': 'default', 'type': 'callback'}, {'payload': 'KBRD.5', 'text': '5', 'intent': 'default', 'type': 'callback'}, {'payload': 'KBRD.6', 'text': '6', 'intent': 'default', 'type': 'callback'}], [{'payload': 'KBRD.3', 'text': '3', 'intent': 'default', 'type': 'callback'}, {'payload': 'KBRD.2', 'text': '2', 'intent': 'default', 'type': 'callback'}, {'payload': 'KBRD.1', 'text': '1', 'intent': 'default', 'type': 'callback'}], [{'payload': 'KBRD.0', 'text': '0', 'intent': 'default', 'type': 'callback'}, {'payload': 'KBRD.Cancel', 'text': 'Сброс', 'intent': 'default', 'type': 'callback'}], [{'payload': 'RecoveryAuthorization', 'text': 'Восстановление доступа', 'intent': 'default', 'type': 'callback'}], [{'payload': 'CancelCurrentOperation', 'text': 'Прервать операцию', 'intent': 'default', 'type': 'callback'}]]}, 'type': 'inline_keyboard'}], 'markup': [{'from': 20, 'length': 8, 'type': 'strong'}]}, 'sender': {'user_id': 210669020, 'first_name': 'DASHA_TOKEN_BOT', 'username': 'id575104156000_bot', 'is_bot': True, 'last_activity_time': 1773056268032, 'name': 'DASHA_TOKEN_BOT'}}, 'timestamp': 1772743520326, 'user_locale': 'ru', 'update_type': 'message_callback'}
clb

2026-03-09 14:38:01
23645861
edt

2026-03-09 14:38:01
{'callback': {'timestamp': 1772743521253, 'callback_id': 'f9LHodD0cOIdLo5fwOXiGdx6LKudggSAFkHde3rae0eGSZ4h2DyB9Cp_vIzdJNtyob57U0KJx1vWK6hDi9sKl4ii9VbNh41s-A8o-dkSR-VM2k2aJQWR', 'user': {'user_id': 23645861, 'first_name': 'Дмитрий', 'last_name': 'Марков', 'is_bot': False, 'last_activity_time': 1773055281000, 'name': 'Дмитрий Марков'}, 'payload': 'KBRD.9'}, 'message': {'recipient': {'chat_id': 233194361, 'chat_type': 'dialog', 'user_id': 23645861}, 'timestamp': 1772743516423, 'body': {'mid': 'mid.000000000de64379019cbfbf610740db', 'seq': 116178519092314331, 'text': 'Введите код доступа: * * * *', 'attachments': [{'callback_id': 'f9LHodD0cOLUVYlsPTLMGrQ-xL-YWYM-cWRpWX2z3csZsCVYtI57iWDw3aV-Hjkm63eSMjcrgC85LDBrpdUPE0Gg53l-5q8wmzqJf19xXVKVtmL-dczF', 'payload': {'buttons': [[{'payload': 'KBRD.7', 'text': '7', 'intent': 'default', 'type': 'callback'}, {'payload': 'KBRD.8', 'text': '8', 'intent': 'default', 'type': 'callback'}, {'payload': 'KBRD.9', 'text': '9', 'intent': 'default', 'type': 'callback'}], [{'payload': 'KBRD.4', 'text': '4', 'intent': 'default', 'type': 'callback'}, {'payload': 'KBRD.5', 'text': '5', 'intent': 'default', 'type': 'callback'}, {'payload': 'KBRD.6', 'text': '6', 'intent': 'default', 'type': 'callback'}], [{'payload': 'KBRD.3', 'text': '3', 'intent': 'default', 'type': 'callback'}, {'payload': 'KBRD.2', 'text': '2', 'intent': 'default', 'type': 'callback'}, {'payload': 'KBRD.1', 'text': '1', 'intent': 'default', 'type': 'callback'}], [{'payload': 'KBRD.0', 'text': '0', 'intent': 'default', 'type': 'callback'}, {'payload': 'KBRD.Cancel', 'text': 'Сброс', 'intent': 'default', 'type': 'callback'}], [{'payload': 'RecoveryAuthorization', 'text': 'Восстановление доступа', 'intent': 'default', 'type': 'callback'}], [{'payload': 'CancelCurrentOperation', 'text': 'Прервать операцию', 'intent': 'default', 'type': 'callback'}]]}, 'type': 'inline_keyboard'}], 'markup': [{'from': 20, 'length': 8, 'type': 'strong'}]}, 'sender': {'user_id': 210669020, 'first_name': 'DASHA_TOKEN_BOT', 'username': 'id575104156000_bot', 'is_bot': True, 'last_activity_time': 1773056268034, 'name': 'DASHA_TOKEN_BOT'}}, 'timestamp': 1772743521253, 'user_locale': 'ru', 'update_type': 'message_callback'}
clb

2026-03-09 14:38:02
23645861
edt

2026-03-09 14:38:03
string indices must be integers, not 'str'
snd-err

2026-03-09 14:38:03
None
del

2026-03-09 14:40:30
string indices must be integers, not 'str'
snd-err

2026-03-09 14:40:30
{'callback': {'timestamp': 1772745094456, 'callback_id': 'f9LHodD0cOITXeiUAm7bp9AFLh-k6gjRuswmjgJBvFVWx_iwmcDzbpaGRMq4gbj0H5bqLWYU0nTwZf-yvaxZMI_Suib-vfZLfogyPxALmjbYdXulKsFI', 'user': {'user_id': 23645861, 'first_name': 'Дмитрий', 'last_name': 'Марков', 'is_bot': False, 'last_activity_time': 1773055281000, 'name': 'Дмитрий Марков'}, 'payload': 'MainMenu'}, 'message': {'recipient': {'chat_id': 233194361, 'chat_type': 'dialog', 'user_id': 23645861}, 'timestamp': 1772743523247, 'body': {'mid': 'mid.000000000de64379019cbfbf7baf367e', 'seq': 116178519539529342, 'text': 'Выберите команду меню Бота или получите Новый токен.', 'attachments': [{'callback_id': 'f9LHodD0cOKFShiXmwbZqL_4X-t7FkzLABOQzKpcbcEki_NWLi2_vwsFHEybkB0pJ4y7a0zq6mqf4rJH_W3IgRLWXhfxMyjeixZa9ZlzgZkqvsJa_m9R', 'payload': {'buttons': [[{'payload': 'MainMenu', 'text': 'Главное меню', 'intent': 'default', 'type': 'callback'}], [{'payload': 'GetNewToken', 'text': 'Новый токен', 'intent': 'default', 'type': 'callback'}]]}, 'type': 'inline_keyboard'}], 'markup': [{'from': 40, 'length': 11, 'type': 'strong'}]}, 'sender': {'user_id': 210669020, 'first_name': 'DASHA_TOKEN_BOT', 'username': 'id575104156000_bot', 'is_bot': True, 'last_activity_time': 1773056430813, 'name': 'DASHA_TOKEN_BOT'}}, 'timestamp': 1772745094456, 'user_locale': 'ru', 'update_type': 'message_callback'}
clb

2026-03-09 14:40:30
string indices must be integers, not 'str'
snd-err

2026-03-09 14:40:31
string indices must be integers, not 'str'
snd-err

2026-03-09 14:40:31
{'callback': {'timestamp': 1772745097702, 'callback_id': 'f9LHodD0cOIZxlfhY7fw4UC7pQF4kPgxvouAI52XV3qVaTBZQ8uNl_SXm5KQBgIOOPuKo3j1iB6q_rx_rodylCoYRUHTfGLY43vEhAXO2C3ZYHmb2wC7', 'user': {'user_id': 23645861, 'first_name': 'Дмитрий', 'last_name': 'Марков', 'is_bot': False, 'last_activity_time': 1773055281000, 'name': 'Дмитрий Марков'}, 'payload': 'Authorization'}, 'message': {'recipient': {'chat_id': 233194361, 'chat_type': 'dialog', 'user_id': 23645861}, 'timestamp': 1772745095178, 'body': {'mid': 'mid.000000000de64379019cbfd7780a1224', 'seq': 116178622557590052, 'text': 'Текст для RequiredAuthorization не найден', 'attachments': [{'callback_id': 'f9LHodD0cOIh3WfcNr9jmAHJ4Eis0_ca2CRYZH5d73-1N8za0epGdBUNVAYmveVIabw-2wsBMHUogpjM4LevWLOs_mVpJBaTW7ta5WzTUG6_KerqWiR2', 'payload': {'buttons': [[{'payload': 'Authorization', 'text': 'Авторизоваться', 'intent': 'default', 'type': 'callback'}]]}, 'type': 'inline_keyboard'}], 'markup': [{'from': 10, 'length': 21, 'type': 'strong'}]}, 'sender': {'user_id': 210669020, 'first_name': 'DASHA_TOKEN_BOT', 'username': 'id575104156000_bot', 'is_bot': True, 'last_activity_time': 1773056430815, 'name': 'DASHA_TOKEN_BOT'}}, 'timestamp': 1772745097702, 'user_locale': 'ru', 'update_type': 'message_callback'}
clb

2026-03-09 14:40:32
string indices must be integers, not 'str'
snd-err

2026-03-09 14:40:33
None
del

2026-03-09 14:40:33
string indices must be integers, not 'str'
snd-err

2026-03-09 14:40:35
string indices must be integers, not 'str'
snd-err

2026-03-09 14:40:35
{'callback': {'timestamp': 1772745101691, 'callback_id': 'f9LHodD0cOKA0dEFYSl2ghJWDRoj4QJkq0I-G4aPM98n0sVWNmjYYbmqDf69Ve18CI8evkzFaGUJB9M6YGMgoBQLSRXh12jWYfqi4KT3BeBPE_KOSMHo', 'user': {'user_id': 23645861, 'first_name': 'Дмитрий', 'last_name': 'Марков', 'is_bot': False, 'last_activity_time': 1773055281000, 'name': 'Дмитрий Марков'}, 'payload': 'KBRD.9'}, 'message': {'recipient': {'chat_id': 233194361, 'chat_type': 'dialog', 'user_id': 23645861}, 'timestamp': 1772745099616, 'body': {'mid': 'mid.000000000de64379019cbfd789603b81', 'seq': 116178622848449409, 'text': 'Введите код доступа:  * * * *', 'attachments': [{'callback_id': 'f9LHodD0cOIawC2rksyUDSmDMKJ-A0LbOxxB0xOpKm0C0XNjXunEjJeaav8q89LejUw6M3hFxpW0nAaD8-c1l5Io3jkEg-5Ciqp1K1-cT7-fd5QajM6W', 'payload': {'buttons': [[{'payload': 'KBRD.7', 'text': '7', 'intent': 'default', 'type': 'callback'}, {'payload': 'KBRD.8', 'text': '8', 'intent': 'default', 'type': 'callback'}, {'payload': 'KBRD.9', 'text': '9', 'intent': 'default', 'type': 'callback'}], [{'payload': 'KBRD.4', 'text': '4', 'intent': 'default', 'type': 'callback'}, {'payload': 'KBRD.5', 'text': '5', 'intent': 'default', 'type': 'callback'}, {'payload': 'KBRD.6', 'text': '6', 'intent': 'default', 'type': 'callback'}], [{'payload': 'KBRD.3', 'text': '3', 'intent': 'default', 'type': 'callback'}, {'payload': 'KBRD.2', 'text': '2', 'intent': 'default', 'type': 'callback'}, {'payload': 'KBRD.1', 'text': '1', 'intent': 'default', 'type': 'callback'}], [{'payload': 'KBRD.0', 'text': '0', 'intent': 'default', 'type': 'callback'}, {'payload': 'KBRD.Cancel', 'text': 'Сброс', 'intent': 'default', 'type': 'callback'}], [{'payload': 'RecoveryAuthorization', 'text': 'Восстановление доступа', 'intent': 'default', 'type': 'callback'}], [{'payload': 'CancelCurrentOperation', 'text': 'Прервать операцию', 'intent': 'default', 'type': 'callback'}]]}, 'type': 'inline_keyboard'}], 'markup': [{'from': 21, 'length': 8, 'type': 'strong'}]}, 'sender': {'user_id': 210669020, 'first_name': 'DASHA_TOKEN_BOT', 'username': 'id575104156000_bot', 'is_bot': True, 'last_activity_time': 1773056430817, 'name': 'DASHA_TOKEN_BOT'}}, 'timestamp': 1772745101691, 'user_locale': 'ru', 'update_type': 'message_callback'}
clb

2026-03-09 14:40:37
23645861
edt

2026-03-09 14:40:37
{'callback': {'timestamp': 1772745102541, 'callback_id': 'f9LHodD0cOJrHeIOj6mPdFiVTJQ5v0iXTz9toR8xDgGhd_8z2ccJnwE4jMcJrzX0BNQRSHFUj3GZlwfVwscLXN4oc9WyRiHkh_ETI4fMUZAmu95FGb5v', 'user': {'user_id': 23645861, 'first_name': 'Дмитрий', 'last_name': 'Марков', 'is_bot': False, 'last_activity_time': 1773055281000, 'name': 'Дмитрий Марков'}, 'payload': 'KBRD.9'}, 'message': {'recipient': {'chat_id': 233194361, 'chat_type': 'dialog', 'user_id': 23645861}, 'timestamp': 1772745099616, 'body': {'mid': 'mid.000000000de64379019cbfd789603b81', 'seq': 116178622848449409, 'text': 'Введите код доступа:  * * * *', 'attachments': [{'callback_id': 'f9LHodD0cOIwwoRa_837lvCNhOJVLhlaJ3-FQBG3HqXSXx28o3j7K27_HLOmxXX0FaDFgsXa9StdywdvyGAY6JEVFPww21-brJL-EUe8A8OTc5rD2Laq', 'payload': {'buttons': [[{'payload': 'KBRD.7', 'text': '7', 'intent': 'default', 'type': 'callback'}, {'payload': 'KBRD.8', 'text': '8', 'intent': 'default', 'type': 'callback'}, {'payload': 'KBRD.9', 'text': '9', 'intent': 'default', 'type': 'callback'}], [{'payload': 'KBRD.4', 'text': '4', 'intent': 'default', 'type': 'callback'}, {'payload': 'KBRD.5', 'text': '5', 'intent': 'default', 'type': 'callback'}, {'payload': 'KBRD.6', 'text': '6', 'intent': 'default', 'type': 'callback'}], [{'payload': 'KBRD.3', 'text': '3', 'intent': 'default', 'type': 'callback'}, {'payload': 'KBRD.2', 'text': '2', 'intent': 'default', 'type': 'callback'}, {'payload': 'KBRD.1', 'text': '1', 'intent': 'default', 'type': 'callback'}], [{'payload': 'KBRD.0', 'text': '0', 'intent': 'default', 'type': 'callback'}, {'payload': 'KBRD.Cancel', 'text': 'Сброс', 'intent': 'default', 'type': 'callback'}], [{'payload': 'RecoveryAuthorization', 'text': 'Восстановление доступа', 'intent': 'default', 'type': 'callback'}], [{'payload': 'CancelCurrentOperation', 'text': 'Прервать операцию', 'intent': 'default', 'type': 'callback'}]]}, 'type': 'inline_keyboard'}], 'markup': [{'from': 21, 'length': 8, 'type': 'strong'}]}, 'sender': {'user_id': 210669020, 'first_name': 'DASHA_TOKEN_BOT', 'username': 'id575104156000_bot', 'is_bot': True, 'last_activity_time': 1773056430819, 'name': 'DASHA_TOKEN_BOT'}}, 'timestamp': 1772745102541, 'user_locale': 'ru', 'update_type': 'message_callback'}
clb

2026-03-09 14:40:37
23645861
edt

2026-03-09 14:40:37
{'callback': {'timestamp': 1772745103409, 'callback_id': 'f9LHodD0cOITmLPRM-tpKkLT7INrrmZqJs0mbQbTzWXFo3H2f81bnUvJun-wD5Tc-fVZRd9EF7RoD8RcK4VS8pShF75QpJwMwqhm0TjkY9jVcTlK_M5L', 'user': {'user_id': 23645861, 'first_name': 'Дмитрий', 'last_name': 'Марков', 'is_bot': False, 'last_activity_time': 1773055281000, 'name': 'Дмитрий Марков'}, 'payload': 'KBRD.9'}, 'message': {'recipient': {'chat_id': 233194361, 'chat_type': 'dialog', 'user_id': 23645861}, 'timestamp': 1772745099616, 'body': {'mid': 'mid.000000000de64379019cbfd789603b81', 'seq': 116178622848449409, 'text': 'Введите код доступа:  * * * *', 'attachments': [{'callback_id': 'f9LHodD0cOL7NDmWCBhR6m75FSHKmwMC2Tc5N2y6Dhl9N5Xg2NNuvNYDrm1qQjOMaKogRhgzLvjXb5T4nsnD2pYw20xbo5wD9ThcsxcTwDYUwizpWOWs', 'payload': {'buttons': [[{'payload': 'KBRD.7', 'text': '7', 'intent': 'default', 'type': 'callback'}, {'payload': 'KBRD.8', 'text': '8', 'intent': 'default', 'type': 'callback'}, {'payload': 'KBRD.9', 'text': '9', 'intent': 'default', 'type': 'callback'}], [{'payload': 'KBRD.4', 'text': '4', 'intent': 'default', 'type': 'callback'}, {'payload': 'KBRD.5', 'text': '5', 'intent': 'default', 'type': 'callback'}, {'payload': 'KBRD.6', 'text': '6', 'intent': 'default', 'type': 'callback'}], [{'payload': 'KBRD.3', 'text': '3', 'intent': 'default', 'type': 'callback'}, {'payload': 'KBRD.2', 'text': '2', 'intent': 'default', 'type': 'callback'}, {'payload': 'KBRD.1', 'text': '1', 'intent': 'default', 'type': 'callback'}], [{'payload': 'KBRD.0', 'text': '0', 'intent': 'default', 'type': 'callback'}, {'payload': 'KBRD.Cancel', 'text': 'Сброс', 'intent': 'default', 'type': 'callback'}], [{'payload': 'RecoveryAuthorization', 'text': 'Восстановление доступа', 'intent': 'default', 'type': 'callback'}], [{'payload': 'CancelCurrentOperation', 'text': 'Прервать операцию', 'intent': 'default', 'type': 'callback'}]]}, 'type': 'inline_keyboard'}], 'markup': [{'from': 21, 'length': 8, 'type': 'strong'}]}, 'sender': {'user_id': 210669020, 'first_name': 'DASHA_TOKEN_BOT', 'username': 'id575104156000_bot', 'is_bot': True, 'last_activity_time': 1773056430821, 'name': 'DASHA_TOKEN_BOT'}}, 'timestamp': 1772745103409, 'user_locale': 'ru', 'update_type': 'message_callback'}
clb

2026-03-09 14:40:38
23645861
edt

2026-03-09 14:40:38
{'callback': {'timestamp': 1772745104268, 'callback_id': 'f9LHodD0cOI2R_pC94qATwauazRrA6JjYXSM4dUatvNiTZwF8MypySMwKt6sSKqS_PdNAarICOWSJ_h1PZei0vq6G1xkFIe5fzGVPmA-Ig73rvc_1J3F', 'user': {'user_id': 23645861, 'first_name': 'Дмитрий', 'last_name': 'Марков', 'is_bot': False, 'last_activity_time': 1773055281000, 'name': 'Дмитрий Марков'}, 'payload': 'KBRD.9'}, 'message': {'recipient': {'chat_id': 233194361, 'chat_type': 'dialog', 'user_id': 23645861}, 'timestamp': 1772745099616, 'body': {'mid': 'mid.000000000de64379019cbfd789603b81', 'seq': 116178622848449409, 'text': 'Введите код доступа:  * * * *', 'attachments': [{'callback_id': 'f9LHodD0cOIDUCW9gR2qCOS3ppwHl0QlD0oxoE8fhmOk7bedhHAH4PlQGRpYIAoGi060K4TFJqhQXOYxknu90e3U3myp9kv9CgpUY6BeLXOzdUbvayem', 'payload': {'buttons': [[{'payload': 'KBRD.7', 'text': '7', 'intent': 'default', 'type': 'callback'}, {'payload': 'KBRD.8', 'text': '8', 'intent': 'default', 'type': 'callback'}, {'payload': 'KBRD.9', 'text': '9', 'intent': 'default', 'type': 'callback'}], [{'payload': 'KBRD.4', 'text': '4', 'intent': 'default', 'type': 'callback'}, {'payload': 'KBRD.5', 'text': '5', 'intent': 'default', 'type': 'callback'}, {'payload': 'KBRD.6', 'text': '6', 'intent': 'default', 'type': 'callback'}], [{'payload': 'KBRD.3', 'text': '3', 'intent': 'default', 'type': 'callback'}, {'payload': 'KBRD.2', 'text': '2', 'intent': 'default', 'type': 'callback'}, {'payload': 'KBRD.1', 'text': '1', 'intent': 'default', 'type': 'callback'}], [{'payload': 'KBRD.0', 'text': '0', 'intent': 'default', 'type': 'callback'}, {'payload': 'KBRD.Cancel', 'text': 'Сброс', 'intent': 'default', 'type': 'callback'}], [{'payload': 'RecoveryAuthorization', 'text': 'Восстановление доступа', 'intent': 'default', 'type': 'callback'}], [{'payload': 'CancelCurrentOperation', 'text': 'Прервать операцию', 'intent': 'default', 'type': 'callback'}]]}, 'type': 'inline_keyboard'}], 'markup': [{'from': 21, 'length': 8, 'type': 'strong'}]}, 'sender': {'user_id': 210669020, 'first_name': 'DASHA_TOKEN_BOT', 'username': 'id575104156000_bot', 'is_bot': True, 'last_activity_time': 1773056430823, 'name': 'DASHA_TOKEN_BOT'}}, 'timestamp': 1772745104268, 'user_locale': 'ru', 'update_type': 'message_callback'}
clb

2026-03-09 14:40:39
23645861
edt

2026-03-09 14:40:40
string indices must be integers, not 'str'
snd-err

2026-03-09 14:40:41
None
del

2026-03-09 14:40:47
{'callback': {'timestamp': 1772749146738, 'callback_id': 'f9LHodD0cOK9dzXaWm_GhpXUp1t9diPTLDtuDJ9Y2GEKBmhLHux0twgV6ITcQU428wskiTKDIt33cl2Z-_VCmpcLy-RIXjijQaij3ZCJbuZtLr5fpukQ', 'user': {'user_id': 23645861, 'first_name': 'Дмитрий', 'last_name': 'Марков', 'is_bot': False, 'last_activity_time': 1773055281000, 'name': 'Дмитрий Марков'}, 'payload': 'Start'}, 'message': {'recipient': {'chat_id': 233194361, 'chat_type': 'dialog', 'user_id': 23645861}, 'timestamp': 1772748989048, 'body': {'mid': 'mid.000000000de64379019cc012e27838dc', 'seq': 116178877746264284, 'text': 'Бот-генератор токенов доступа v.1.2.', 'attachments': [{'callback_id': 'f9LHodD0cOJ17LrVp5iGfK-Q2DbGYftWpHzUv5o8KzSqWMteF6BIQ9ZRM0yig1mwf-oV1iYFHi-WF3PZEpOcgo8SDvWCifyMCG-HoV8h3__I3j0sl9sY', 'payload': {'buttons': [[{'payload': 'Start', 'text': 'Начать', 'intent': 'default', 'type': 'callback'}]]}, 'type': 'inline_keyboard'}]}, 'sender': {'user_id': 210669020, 'first_name': 'DASHA_TOKEN_BOT', 'username': 'id575104156000_bot', 'is_bot': True, 'last_activity_time': 1773056448289, 'name': 'DASHA_TOKEN_BOT'}}, 'timestamp': 1772749146738, 'user_locale': 'ru', 'update_type': 'message_callback'}
clb

2026-03-09 14:40:48
string indices must be integers, not 'str'
snd-err

2026-03-09 14:40:49
string indices must be integers, not 'str'
snd-err

2026-03-09 14:40:49
{'callback': {'timestamp': 1772749172296, 'callback_id': 'f9LHodD0cOIkWSUahHAV-mKvxl7szc1raPDPq33Fa7VqckGvyiB_QtD1HvkQmRh0-TN4j1rT77zc_mzkqxXoQ_kjo43CPJmeQgUtCQUSTZCYq0kttzHT', 'user': {'user_id': 23645861, 'first_name': 'Дмитрий', 'last_name': 'Марков', 'is_bot': False, 'last_activity_time': 1773055281000, 'name': 'Дмитрий Марков'}, 'payload': 'KBRD.5'}, 'message': {'recipient': {'chat_id': 233194361, 'chat_type': 'dialog', 'user_id': 23645861}, 'timestamp': 1772749150234, 'body': {'mid': 'mid.000000000de64379019cc015581a09b5', 'seq': 116178888309737909, 'text': 'Введите код доступа:  _ _ _ _', 'attachments': [{'callback_id': 'f9LHodD0cOI3ClYIbACKrQ5hBLwkrxCjdY_kXsx9PuJrz3LUQPeOGU9exPCdtgdPIaZ56G2aduAVK1GvNqB_5xx7sqKdHhoMESCv_8UxQTv5Sb1lEFhL', 'payload': {'buttons': [[{'payload': 'KBRD.7', 'text': '7', 'intent': 'default', 'type': 'callback'}, {'payload': 'KBRD.8', 'text': '8', 'intent': 'default', 'type': 'callback'}, {'payload': 'KBRD.9', 'text': '9', 'intent': 'default', 'type': 'callback'}], [{'payload': 'KBRD.4', 'text': '4', 'intent': 'default', 'type': 'callback'}, {'payload': 'KBRD.5', 'text': '5', 'intent': 'default', 'type': 'callback'}, {'payload': 'KBRD.6', 'text': '6', 'intent': 'default', 'type': 'callback'}], [{'payload': 'KBRD.3', 'text': '3', 'intent': 'default', 'type': 'callback'}, {'payload': 'KBRD.2', 'text': '2', 'intent': 'default', 'type': 'callback'}, {'payload': 'KBRD.1', 'text': '1', 'intent': 'default', 'type': 'callback'}], [{'payload': 'KBRD.0', 'text': '0', 'intent': 'default', 'type': 'callback'}, {'payload': 'KBRD.Cancel', 'text': 'Сброс', 'intent': 'default', 'type': 'callback'}], [{'payload': 'RecoveryAuthorization', 'text': 'Восстановление доступа', 'intent': 'default', 'type': 'callback'}], [{'payload': 'CancelCurrentOperation', 'text': 'Прервать операцию', 'intent': 'default', 'type': 'callback'}]]}, 'type': 'inline_keyboard'}], 'markup': [{'from': 21, 'length': 8, 'type': 'strong'}]}, 'sender': {'user_id': 210669020, 'first_name': 'DASHA_TOKEN_BOT', 'username': 'id575104156000_bot', 'is_bot': True, 'last_activity_time': 1773056448290, 'name': 'DASHA_TOKEN_BOT'}}, 'timestamp': 1772749172296, 'user_locale': 'ru', 'update_type': 'message_callback'}
clb

2026-03-09 14:40:50
23645861
edt

2026-03-09 14:40:50
{'callback': {'timestamp': 1772749178081, 'callback_id': 'f9LHodD0cOL-sLcOw1rfbn0L6fU3pbsNeXbdYu7Hs1rjp5fE24iiVAdxGJXRz4-ivRDG0bTwHmLHZRp93dr79Lqy-rv6Gw8H7Nxv8cBUYQC9JjikSH9h', 'user': {'user_id': 23645861, 'first_name': 'Дмитрий', 'last_name': 'Марков', 'is_bot': False, 'last_activity_time': 1773055281000, 'name': 'Дмитрий Марков'}, 'payload': 'Authorization'}, 'message': {'recipient': {'chat_id': 233194361, 'chat_type': 'dialog', 'user_id': 23645861}, 'timestamp': 1772749174954, 'body': {'mid': 'mid.000000000de64379019cc015b8aa3394', 'seq': 116178889929798548, 'text': 'Текст для RequiredAuthorization не найден', 'attachments': [{'callback_id': 'f9LHodD0cOJUFXX1tfxq2c_mLpoLzPprvmfrGzv8xcpYG0p0mTPItVqsCVv3GGQUBsA7sxvOIUY_iiDkxtjjp1EIzbwTV6PG2UFgOCL8PiyM0wHwKAFZ', 'payload': {'buttons': [[{'payload': 'Authorization', 'text': 'Авторизоваться', 'intent': 'default', 'type': 'callback'}]]}, 'type': 'inline_keyboard'}], 'markup': [{'from': 10, 'length': 21, 'type': 'strong'}]}, 'sender': {'user_id': 210669020, 'first_name': 'DASHA_TOKEN_BOT', 'username': 'id575104156000_bot', 'is_bot': True, 'last_activity_time': 1773056448291, 'name': 'DASHA_TOKEN_BOT'}}, 'timestamp': 1772749178081, 'user_locale': 'ru', 'update_type': 'message_callback'}
clb

2026-03-09 14:40:51
string indices must be integers, not 'str'
snd-err

2026-03-09 14:40:52
None
del

2026-03-09 14:40:52
string indices must be integers, not 'str'
snd-err

2026-03-09 14:40:54
string indices must be integers, not 'str'
snd-err

2026-03-09 14:40:54
{'callback': {'timestamp': 1772749187426, 'callback_id': 'f9LHodD0cOL7-7mgrkjUPnqmNtMaX4tdZsSGmRs18lSa-y-dnjUGaZbPI3rr7BAIaeGnpmp5SehZPmmUw9QwSNvZpvX72vgpypivfX3QeJ0g2Xf_41fX', 'user': {'user_id': 23645861, 'first_name': 'Дмитрий', 'last_name': 'Марков', 'is_bot': False, 'last_activity_time': 1773055281000, 'name': 'Дмитрий Марков'}, 'payload': 'CancelCurrentOperation'}, 'message': {'recipient': {'chat_id': 233194361, 'chat_type': 'dialog', 'user_id': 23645861}, 'timestamp': 1772749181881, 'body': {'mid': 'mid.000000000de64379019cc015d3b92bf0', 'seq': 116178890383764464, 'text': 'Введите код доступа:  _ _ _ _', 'attachments': [{'callback_id': 'f9LHodD0cOLmIzg1eSDl6-DrkfWC9I6O5F_4tTL9fhNDgHbFKhoTOxiSbn6LAlqW6OcogOrEJzzhgvle89l6Kw1fSQNz0NL5A8CaY81TVOdh5QFrKnJz', 'payload': {'buttons': [[{'payload': 'KBRD.7', 'text': '7', 'intent': 'default', 'type': 'callback'}, {'payload': 'KBRD.8', 'text': '8', 'intent': 'default', 'type': 'callback'}, {'payload': 'KBRD.9', 'text': '9', 'intent': 'default', 'type': 'callback'}], [{'payload': 'KBRD.4', 'text': '4', 'intent': 'default', 'type': 'callback'}, {'payload': 'KBRD.5', 'text': '5', 'intent': 'default', 'type': 'callback'}, {'payload': 'KBRD.6', 'text': '6', 'intent': 'default', 'type': 'callback'}], [{'payload': 'KBRD.3', 'text': '3', 'intent': 'default', 'type': 'callback'}, {'payload': 'KBRD.2', 'text': '2', 'intent': 'default', 'type': 'callback'}, {'payload': 'KBRD.1', 'text': '1', 'intent': 'default', 'type': 'callback'}], [{'payload': 'KBRD.0', 'text': '0', 'intent': 'default', 'type': 'callback'}, {'payload': 'KBRD.Cancel', 'text': 'Сброс', 'intent': 'default', 'type': 'callback'}], [{'payload': 'RecoveryAuthorization', 'text': 'Восстановление доступа', 'intent': 'default', 'type': 'callback'}], [{'payload': 'CancelCurrentOperation', 'text': 'Прервать операцию', 'intent': 'default', 'type': 'callback'}]]}, 'type': 'inline_keyboard'}], 'markup': [{'from': 21, 'length': 8, 'type': 'strong'}]}, 'sender': {'user_id': 210669020, 'first_name': 'DASHA_TOKEN_BOT', 'username': 'id575104156000_bot', 'is_bot': True, 'last_activity_time': 1773056448292, 'name': 'DASHA_TOKEN_BOT'}}, 'timestamp': 1772749187426, 'user_locale': 'ru', 'update_type': 'message_callback'}
clb

2026-03-09 14:40:55
string indices must be integers, not 'str'
snd-err

2026-03-09 14:40:56
None
del

2026-03-09 14:40:57
string indices must be integers, not 'str'
snd-err

2026-03-09 14:40:57
{'callback': {'timestamp': 1772749192819, 'callback_id': 'f9LHodD0cOKnYGUiBQY2X5JYt03avUjCMYkSOsI75A4p5GwSsgqowY4AMS9Awk0eLxYzhTK-PvaEY0EM4U9EvlgVgppEqrA8H6NoOGgbPTHbD2cTixtz', 'user': {'user_id': 23645861, 'first_name': 'Дмитрий', 'last_name': 'Марков', 'is_bot': False, 'last_activity_time': 1773055281000, 'name': 'Дмитрий Марков'}, 'payload': 'Authorization'}, 'message': {'recipient': {'chat_id': 233194361, 'chat_type': 'dialog', 'user_id': 23645861}, 'timestamp': 1772749190530, 'body': {'mid': 'mid.000000000de64379019cc015f5822cdd', 'seq': 116178890950585565, 'text': 'Текст для RequiredAuthorization не найден', 'attachments': [{'callback_id': 'f9LHodD0cOKG0I1BYFH4xR7ZaW-DLH5YBzrDQFDbwd2jGG5dJXaF0XN49mpzUO9Cd-Z4RKgj8h2QOBwwkm0EPi158zSSNNJ-r5GylJQJJMmNfgjiB-uT', 'payload': {'buttons': [[{'payload': 'Authorization', 'text': 'Авторизоваться', 'intent': 'default', 'type': 'callback'}]]}, 'type': 'inline_keyboard'}], 'markup': [{'from': 10, 'length': 21, 'type': 'strong'}]}, 'sender': {'user_id': 210669020, 'first_name': 'DASHA_TOKEN_BOT', 'username': 'id575104156000_bot', 'is_bot': True, 'last_activity_time': 1773056448293, 'name': 'DASHA_TOKEN_BOT'}}, 'timestamp': 1772749192819, 'user_locale': 'ru', 'update_type': 'message_callback'}
clb

2026-03-09 14:40:58
string indices must be integers, not 'str'
snd-err

2026-03-09 14:40:58
None
del

2026-03-09 14:41:00
string indices must be integers, not 'str'
snd-err

2026-03-09 14:41:01
string indices must be integers, not 'str'
snd-err

2026-03-09 14:41:01
{'callback': {'timestamp': 1772749199185, 'callback_id': 'f9LHodD0cOI9zahWO5yUc-gUlCLF5A6f46mLUD9PHgQwiq1tOz9Hknp-EHEMawA1Z5FevY6p9KZR0YakpaaeT6s-WNQd1UM5069_MWispo8n7FDDKsVj', 'user': {'user_id': 23645861, 'first_name': 'Дмитрий', 'last_name': 'Марков', 'is_bot': False, 'last_activity_time': 1773055281000, 'name': 'Дмитрий Марков'}, 'payload': 'KBRD.9'}, 'message': {'recipient': {'chat_id': 233194361, 'chat_type': 'dialog', 'user_id': 23645861}, 'timestamp': 1772749196899, 'body': {'mid': 'mid.000000000de64379019cc0160e6327fa', 'seq': 116178891367983098, 'text': 'Введите код доступа:  * * * *', 'attachments': [{'callback_id': 'f9LHodD0cOJIZRNAmJwtvdJP0vs1DkDFv0FPDHoO4DIrTrJG9Ghu9t5eU8EPbS7jp4luH7ouSilN4ITbJmeXYgyLye1fk_I56_fR7jJXIarRxOppR8Ce', 'payload': {'buttons': [[{'payload': 'KBRD.7', 'text': '7', 'intent': 'default', 'type': 'callback'}, {'payload': 'KBRD.8', 'text': '8', 'intent': 'default', 'type': 'callback'}, {'payload': 'KBRD.9', 'text': '9', 'intent': 'default', 'type': 'callback'}], [{'payload': 'KBRD.4', 'text': '4', 'intent': 'default', 'type': 'callback'}, {'payload': 'KBRD.5', 'text': '5', 'intent': 'default', 'type': 'callback'}, {'payload': 'KBRD.6', 'text': '6', 'intent': 'default', 'type': 'callback'}], [{'payload': 'KBRD.3', 'text': '3', 'intent': 'default', 'type': 'callback'}, {'payload': 'KBRD.2', 'text': '2', 'intent': 'default', 'type': 'callback'}, {'payload': 'KBRD.1', 'text': '1', 'intent': 'default', 'type': 'callback'}], [{'payload': 'KBRD.0', 'text': '0', 'intent': 'default', 'type': 'callback'}, {'payload': 'KBRD.Cancel', 'text': 'Сброс', 'intent': 'default', 'type': 'callback'}], [{'payload': 'RecoveryAuthorization', 'text': 'Восстановление доступа', 'intent': 'default', 'type': 'callback'}], [{'payload': 'CancelCurrentOperation', 'text': 'Прервать операцию', 'intent': 'default', 'type': 'callback'}]]}, 'type': 'inline_keyboard'}], 'markup': [{'from': 21, 'length': 8, 'type': 'strong'}]}, 'sender': {'user_id': 210669020, 'first_name': 'DASHA_TOKEN_BOT', 'username': 'id575104156000_bot', 'is_bot': True, 'last_activity_time': 1773056448294, 'name': 'DASHA_TOKEN_BOT'}}, 'timestamp': 1772749199185, 'user_locale': 'ru', 'update_type': 'message_callback'}
clb

2026-03-09 14:41:02
23645861
edt

2026-03-09 14:41:02
{'callback': {'timestamp': 1772749199769, 'callback_id': 'f9LHodD0cOJ_EjZcLe087JRDD-nPoPJRxjUvokyW6kmDWVC1od62c7KIwwi129W5QMWssuZwUmSRiuth6pZB6nUFs8zgPye5CSb6NS3pVaJp5P6gOgEg', 'user': {'user_id': 23645861, 'first_name': 'Дмитрий', 'last_name': 'Марков', 'is_bot': False, 'last_activity_time': 1773055281000, 'name': 'Дмитрий Марков'}, 'payload': 'KBRD.9'}, 'message': {'recipient': {'chat_id': 233194361, 'chat_type': 'dialog', 'user_id': 23645861}, 'timestamp': 1772749196899, 'body': {'mid': 'mid.000000000de64379019cc0160e6327fa', 'seq': 116178891367983098, 'text': 'Введите код доступа:  * * * *', 'attachments': [{'callback_id': 'f9LHodD0cOI3m9aFr9SxPd0uW4NHAZe7vpxIYksxN25VGI34XRC6ghD8SeRbnlOTXB36vHG6dXtv0n2D-gQKW-VX6NPzKbFhuipHgK46RywTV1eyAy7Y', 'payload': {'buttons': [[{'payload': 'KBRD.7', 'text': '7', 'intent': 'default', 'type': 'callback'}, {'payload': 'KBRD.8', 'text': '8', 'intent': 'default', 'type': 'callback'}, {'payload': 'KBRD.9', 'text': '9', 'intent': 'default', 'type': 'callback'}], [{'payload': 'KBRD.4', 'text': '4', 'intent': 'default', 'type': 'callback'}, {'payload': 'KBRD.5', 'text': '5', 'intent': 'default', 'type': 'callback'}, {'payload': 'KBRD.6', 'text': '6', 'intent': 'default', 'type': 'callback'}], [{'payload': 'KBRD.3', 'text': '3', 'intent': 'default', 'type': 'callback'}, {'payload': 'KBRD.2', 'text': '2', 'intent': 'default', 'type': 'callback'}, {'payload': 'KBRD.1', 'text': '1', 'intent': 'default', 'type': 'callback'}], [{'payload': 'KBRD.0', 'text': '0', 'intent': 'default', 'type': 'callback'}, {'payload': 'KBRD.Cancel', 'text': 'Сброс', 'intent': 'default', 'type': 'callback'}], [{'payload': 'RecoveryAuthorization', 'text': 'Восстановление доступа', 'intent': 'default', 'type': 'callback'}], [{'payload': 'CancelCurrentOperation', 'text': 'Прервать операцию', 'intent': 'default', 'type': 'callback'}]]}, 'type': 'inline_keyboard'}], 'markup': [{'from': 21, 'length': 8, 'type': 'strong'}]}, 'sender': {'user_id': 210669020, 'first_name': 'DASHA_TOKEN_BOT', 'username': 'id575104156000_bot', 'is_bot': True, 'last_activity_time': 1773056448295, 'name': 'DASHA_TOKEN_BOT'}}, 'timestamp': 1772749199769, 'user_locale': 'ru', 'update_type': 'message_callback'}
clb

2026-03-09 14:41:03
23645861
edt

2026-03-09 14:41:03
{'callback': {'timestamp': 1772749200362, 'callback_id': 'f9LHodD0cOJY0qCYnya8prdAVbPk1HXsJ-ux5NcZVcbGN56rxmSsrwgzytlfOaQmmP794bWiC3_uGegs73uJT7aOhP_K2VdYsjwPMqi1S8Qzih-yf5lk', 'user': {'user_id': 23645861, 'first_name': 'Дмитрий', 'last_name': 'Марков', 'is_bot': False, 'last_activity_time': 1773055281000, 'name': 'Дмитрий Марков'}, 'payload': 'KBRD.9'}, 'message': {'recipient': {'chat_id': 233194361, 'chat_type': 'dialog', 'user_id': 23645861}, 'timestamp': 1772749196899, 'body': {'mid': 'mid.000000000de64379019cc0160e6327fa', 'seq': 116178891367983098, 'text': 'Введите код доступа:  * * * *', 'attachments': [{'callback_id': 'f9LHodD0cOKErDORO6W0fhUqKwSf0xfIMz0B9U-FyIUTJ4nDYvnOPivsQD0mJ_biToCkC8omDkME5KT3mRzJNRCuNZZejRHRLcRknjxKPlECfTccasD6', 'payload': {'buttons': [[{'payload': 'KBRD.7', 'text': '7', 'intent': 'default', 'type': 'callback'}, {'payload': 'KBRD.8', 'text': '8', 'intent': 'default', 'type': 'callback'}, {'payload': 'KBRD.9', 'text': '9', 'intent': 'default', 'type': 'callback'}], [{'payload': 'KBRD.4', 'text': '4', 'intent': 'default', 'type': 'callback'}, {'payload': 'KBRD.5', 'text': '5', 'intent': 'default', 'type': 'callback'}, {'payload': 'KBRD.6', 'text': '6', 'intent': 'default', 'type': 'callback'}], [{'payload': 'KBRD.3', 'text': '3', 'intent': 'default', 'type': 'callback'}, {'payload': 'KBRD.2', 'text': '2', 'intent': 'default', 'type': 'callback'}, {'payload': 'KBRD.1', 'text': '1', 'intent': 'default', 'type': 'callback'}], [{'payload': 'KBRD.0', 'text': '0', 'intent': 'default', 'type': 'callback'}, {'payload': 'KBRD.Cancel', 'text': 'Сброс', 'intent': 'default', 'type': 'callback'}], [{'payload': 'RecoveryAuthorization', 'text': 'Восстановление доступа', 'intent': 'default', 'type': 'callback'}], [{'payload': 'CancelCurrentOperation', 'text': 'Прервать операцию', 'intent': 'default', 'type': 'callback'}]]}, 'type': 'inline_keyboard'}], 'markup': [{'from': 21, 'length': 8, 'type': 'strong'}]}, 'sender': {'user_id': 210669020, 'first_name': 'DASHA_TOKEN_BOT', 'username': 'id575104156000_bot', 'is_bot': True, 'last_activity_time': 1773056448296, 'name': 'DASHA_TOKEN_BOT'}}, 'timestamp': 1772749200362, 'user_locale': 'ru', 'update_type': 'message_callback'}
clb

2026-03-09 14:41:04
23645861
edt

2026-03-09 14:41:04
{'callback': {'timestamp': 1772749200996, 'callback_id': 'f9LHodD0cOK1viqMa6Hs9k_lWa8UpTB1GxzV_HLGc9xzBi0k_IBvNymWLwbQjNe3V_ghrtgn93vghng0QZooSYn8U2nDnAEVyIgK47a6AGOlpIGZpBm-', 'user': {'user_id': 23645861, 'first_name': 'Дмитрий', 'last_name': 'Марков', 'is_bot': False, 'last_activity_time': 1773055281000, 'name': 'Дмитрий Марков'}, 'payload': 'KBRD.9'}, 'message': {'recipient': {'chat_id': 233194361, 'chat_type': 'dialog', 'user_id': 23645861}, 'timestamp': 1772749196899, 'body': {'mid': 'mid.000000000de64379019cc0160e6327fa', 'seq': 116178891367983098, 'text': 'Введите код доступа:  * * * *', 'attachments': [{'callback_id': 'f9LHodD0cOKft8UCnxTjzZpCKq4pMSc9u6T8RolldpW0e7lCvqhPo7NMlXaSSbjX3O8UVwIgmLhnmsjHQzc7XmavCv4h7SVO0_FCDPUaWkQhuqT_kUtl', 'payload': {'buttons': [[{'payload': 'KBRD.7', 'text': '7', 'intent': 'default', 'type': 'callback'}, {'payload': 'KBRD.8', 'text': '8', 'intent': 'default', 'type': 'callback'}, {'payload': 'KBRD.9', 'text': '9', 'intent': 'default', 'type': 'callback'}], [{'payload': 'KBRD.4', 'text': '4', 'intent': 'default', 'type': 'callback'}, {'payload': 'KBRD.5', 'text': '5', 'intent': 'default', 'type': 'callback'}, {'payload': 'KBRD.6', 'text': '6', 'intent': 'default', 'type': 'callback'}], [{'payload': 'KBRD.3', 'text': '3', 'intent': 'default', 'type': 'callback'}, {'payload': 'KBRD.2', 'text': '2', 'intent': 'default', 'type': 'callback'}, {'payload': 'KBRD.1', 'text': '1', 'intent': 'default', 'type': 'callback'}], [{'payload': 'KBRD.0', 'text': '0', 'intent': 'default', 'type': 'callback'}, {'payload': 'KBRD.Cancel', 'text': 'Сброс', 'intent': 'default', 'type': 'callback'}], [{'payload': 'RecoveryAuthorization', 'text': 'Восстановление доступа', 'intent': 'default', 'type': 'callback'}], [{'payload': 'CancelCurrentOperation', 'text': 'Прервать операцию', 'intent': 'default', 'type': 'callback'}]]}, 'type': 'inline_keyboard'}], 'markup': [{'from': 21, 'length': 8, 'type': 'strong'}]}, 'sender': {'user_id': 210669020, 'first_name': 'DASHA_TOKEN_BOT', 'username': 'id575104156000_bot', 'is_bot': True, 'last_activity_time': 1773056448297, 'name': 'DASHA_TOKEN_BOT'}}, 'timestamp': 1772749200996, 'user_locale': 'ru', 'update_type': 'message_callback'}
clb

2026-03-09 14:41:04
23645861
edt

2026-03-09 14:41:05
string indices must be integers, not 'str'
snd-err

2026-03-09 14:41:07
None
del

2026-03-09 14:41:47
string indices must be integers, not 'str'
snd-err

2026-03-09 14:41:54
{'callback': {'timestamp': 1772787695182, 'callback_id': 'f9LHodD0cOJzxntxjAovxcl1XiR_cGHMKHpwqH1evtnZYPzJIvN8Ra1Yc74hMz7-bun9wUJDOoYpYFa9cl7iR5TwaCWXKPCK3ZYK9u6xphPs_eNrNasN', 'user': {'user_id': 23645861, 'first_name': 'Дмитрий', 'last_name': 'Марков', 'is_bot': False, 'last_activity_time': 1773055281000, 'name': 'Дмитрий Марков'}, 'payload': 'Start'}, 'message': {'recipient': {'chat_id': 233194361, 'chat_type': 'dialog', 'user_id': 23645861}, 'timestamp': 1772785428156, 'body': {'mid': 'mid.000000000de64379019cc23ee6bc1092', 'seq': 116181265819635858, 'text': 'Бот-генератор токенов доступа v.1.2.', 'attachments': [{'callback_id': 'f9LHodD0cOJHTommViH_jWTB0JSj0pOjNK3mIII4NzmZaGdQLIt8Zz0HUF2uAddVwj7MFXUYrHTnPSqYJIBorTQk_S0aoltmZ3jJNp0SS_XGFpkjmHzd', 'payload': {'buttons': [[{'payload': 'Start', 'text': 'Начать', 'intent': 'default', 'type': 'callback'}]]}, 'type': 'inline_keyboard'}]}, 'sender': {'user_id': 210669020, 'first_name': 'DASHA_TOKEN_BOT', 'username': 'id575104156000_bot', 'is_bot': True, 'last_activity_time': 1773056515313, 'name': 'DASHA_TOKEN_BOT'}}, 'timestamp': 1772787695182, 'user_locale': 'ru', 'update_type': 'message_callback'}
clb

2026-03-09 14:41:55
string indices must be integers, not 'str'
snd-err

2026-03-09 14:41:56
string indices must be integers, not 'str'
snd-err

2026-03-09 14:41:56
{'callback': {'timestamp': 1772787700220, 'callback_id': 'f9LHodD0cOKCq7YG84TyBPi_tSMVVERoOkZ3fAcKgNUo6hsO_9o2iYE-YOkxdHEwvtBEQSMDYXXIDAt5F6pXBulAmcoz_JfLk3fwzJB-LwM9_MWWOugK', 'user': {'user_id': 23645861, 'first_name': 'Дмитрий', 'last_name': 'Марков', 'is_bot': False, 'last_activity_time': 1773055281000, 'name': 'Дмитрий Марков'}, 'payload': 'KBRD.9'}, 'message': {'recipient': {'chat_id': 233194361, 'chat_type': 'dialog', 'user_id': 23645861}, 'timestamp': 1772787697229, 'body': {'mid': 'mid.000000000de64379019cc261864d764e', 'seq': 116181414525630030, 'text': 'Введите код доступа:  * * * *', 'attachments': [{'callback_id': 'f9LHodD0cOLkqIVK15gr24_SmYbDTWovbDw4RBDDGQezSTW-YvFm_LiFDrD90Q_8esZsYAM_v74yUmoFPs3zSpKi-qGn-ASg9_aYQ-bonCJUFiUXi1B_', 'payload': {'buttons': [[{'payload': 'KBRD.7', 'text': '7', 'intent': 'default', 'type': 'callback'}, {'payload': 'KBRD.8', 'text': '8', 'intent': 'default', 'type': 'callback'}, {'payload': 'KBRD.9', 'text': '9', 'intent': 'default', 'type': 'callback'}], [{'payload': 'KBRD.4', 'text': '4', 'intent': 'default', 'type': 'callback'}, {'payload': 'KBRD.5', 'text': '5', 'intent': 'default', 'type': 'callback'}, {'payload': 'KBRD.6', 'text': '6', 'intent': 'default', 'type': 'callback'}], [{'payload': 'KBRD.3', 'text': '3', 'intent': 'default', 'type': 'callback'}, {'payload': 'KBRD.2', 'text': '2', 'intent': 'default', 'type': 'callback'}, {'payload': 'KBRD.1', 'text': '1', 'intent': 'default', 'type': 'callback'}], [{'payload': 'KBRD.0', 'text': '0', 'intent': 'default', 'type': 'callback'}, {'payload': 'KBRD.Cancel', 'text': 'Сброс', 'intent': 'default', 'type': 'callback'}], [{'payload': 'RecoveryAuthorization', 'text': 'Восстановление доступа', 'intent': 'default', 'type': 'callback'}], [{'payload': 'CancelCurrentOperation', 'text': 'Прервать операцию', 'intent': 'default', 'type': 'callback'}]]}, 'type': 'inline_keyboard'}], 'markup': [{'from': 21, 'length': 8, 'type': 'strong'}]}, 'sender': {'user_id': 210669020, 'first_name': 'DASHA_TOKEN_BOT', 'username': 'id575104156000_bot', 'is_bot': True, 'last_activity_time': 1773056515315, 'name': 'DASHA_TOKEN_BOT'}}, 'timestamp': 1772787700220, 'user_locale': 'ru', 'update_type': 'message_callback'}
clb

2026-03-09 14:41:57
23645861
edt

2026-03-09 14:41:57
{'callback': {'timestamp': 1772787701322, 'callback_id': 'f9LHodD0cOI9MS5JYcBFI4BCtfCPsQkKO_WlZf9lNGaIL46iWXpO8Vk2JAu_0yy-9shDLR9m0RRGVk6vPw3wVSbW44gWQe_SmDdr6ox805SgootRpbO7', 'user': {'user_id': 23645861, 'first_name': 'Дмитрий', 'last_name': 'Марков', 'is_bot': False, 'last_activity_time': 1773055281000, 'name': 'Дмитрий Марков'}, 'payload': 'KBRD.9'}, 'message': {'recipient': {'chat_id': 233194361, 'chat_type': 'dialog', 'user_id': 23645861}, 'timestamp': 1772787697229, 'body': {'mid': 'mid.000000000de64379019cc261864d764e', 'seq': 116181414525630030, 'text': 'Введите код доступа:  * * * *', 'attachments': [{'callback_id': 'f9LHodD0cOIeP6Q1cJCUukbLnENvkhwQefanzuArz3HqWdBhx875rT4osoOjnDUBxuoVHXd99Kz5DH8e71OVvbefS-2aHNSZJwMmoeHw5qEUQ-xHd2EN', 'payload': {'buttons': [[{'payload': 'KBRD.7', 'text': '7', 'intent': 'default', 'type': 'callback'}, {'payload': 'KBRD.8', 'text': '8', 'intent': 'default', 'type': 'callback'}, {'payload': 'KBRD.9', 'text': '9', 'intent': 'default', 'type': 'callback'}], [{'payload': 'KBRD.4', 'text': '4', 'intent': 'default', 'type': 'callback'}, {'payload': 'KBRD.5', 'text': '5', 'intent': 'default', 'type': 'callback'}, {'payload': 'KBRD.6', 'text': '6', 'intent': 'default', 'type': 'callback'}], [{'payload': 'KBRD.3', 'text': '3', 'intent': 'default', 'type': 'callback'}, {'payload': 'KBRD.2', 'text': '2', 'intent': 'default', 'type': 'callback'}, {'payload': 'KBRD.1', 'text': '1', 'intent': 'default', 'type': 'callback'}], [{'payload': 'KBRD.0', 'text': '0', 'intent': 'default', 'type': 'callback'}, {'payload': 'KBRD.Cancel', 'text': 'Сброс', 'intent': 'default', 'type': 'callback'}], [{'payload': 'RecoveryAuthorization', 'text': 'Восстановление доступа', 'intent': 'default', 'type': 'callback'}], [{'payload': 'CancelCurrentOperation', 'text': 'Прервать операцию', 'intent': 'default', 'type': 'callback'}]]}, 'type': 'inline_keyboard'}], 'markup': [{'from': 21, 'length': 8, 'type': 'strong'}]}, 'sender': {'user_id': 210669020, 'first_name': 'DASHA_TOKEN_BOT', 'username': 'id575104156000_bot', 'is_bot': True, 'last_activity_time': 1773056515317, 'name': 'DASHA_TOKEN_BOT'}}, 'timestamp': 1772787701322, 'user_locale': 'ru', 'update_type': 'message_callback'}
clb

2026-03-09 14:41:57
23645861
edt

2026-03-09 14:41:57
{'callback': {'timestamp': 1772787702230, 'callback_id': 'f9LHodD0cOKMku20cNQEsRuU7_uEifctXgxhmpzTLJSIcyNroRc2CsnTVqdAit62KLGERDMaOamS8orPQouJT1Zu9YSQ71jURwSG1HR410ltAW6D598-', 'user': {'user_id': 23645861, 'first_name': 'Дмитрий', 'last_name': 'Марков', 'is_bot': False, 'last_activity_time': 1773055281000, 'name': 'Дмитрий Марков'}, 'payload': 'KBRD.9'}, 'message': {'recipient': {'chat_id': 233194361, 'chat_type': 'dialog', 'user_id': 23645861}, 'timestamp': 1772787697229, 'body': {'mid': 'mid.000000000de64379019cc261864d764e', 'seq': 116181414525630030, 'text': 'Введите код доступа:  * * * *', 'attachments': [{'callback_id': 'f9LHodD0cOK3UTAjgOsqjygGlny3Zp5SIEOsZwMFJdLu21NmcqId_SoPQKJxgfs486dOL6hU34p0o0J0KEdkRUEQxR_4ajnx9b2Rxv8eGlXKVgRxJjMR', 'payload': {'buttons': [[{'payload': 'KBRD.7', 'text': '7', 'intent': 'default', 'type': 'callback'}, {'payload': 'KBRD.8', 'text': '8', 'intent': 'default', 'type': 'callback'}, {'payload': 'KBRD.9', 'text': '9', 'intent': 'default', 'type': 'callback'}], [{'payload': 'KBRD.4', 'text': '4', 'intent': 'default', 'type': 'callback'}, {'payload': 'KBRD.5', 'text': '5', 'intent': 'default', 'type': 'callback'}, {'payload': 'KBRD.6', 'text': '6', 'intent': 'default', 'type': 'callback'}], [{'payload': 'KBRD.3', 'text': '3', 'intent': 'default', 'type': 'callback'}, {'payload': 'KBRD.2', 'text': '2', 'intent': 'default', 'type': 'callback'}, {'payload': 'KBRD.1', 'text': '1', 'intent': 'default', 'type': 'callback'}], [{'payload': 'KBRD.0', 'text': '0', 'intent': 'default', 'type': 'callback'}, {'payload': 'KBRD.Cancel', 'text': 'Сброс', 'intent': 'default', 'type': 'callback'}], [{'payload': 'RecoveryAuthorization', 'text': 'Восстановление доступа', 'intent': 'default', 'type': 'callback'}], [{'payload': 'CancelCurrentOperation', 'text': 'Прервать операцию', 'intent': 'default', 'type': 'callback'}]]}, 'type': 'inline_keyboard'}], 'markup': [{'from': 21, 'length': 8, 'type': 'strong'}]}, 'sender': {'user_id': 210669020, 'first_name': 'DASHA_TOKEN_BOT', 'username': 'id575104156000_bot', 'is_bot': True, 'last_activity_time': 1773056515320, 'name': 'DASHA_TOKEN_BOT'}}, 'timestamp': 1772787702230, 'user_locale': 'ru', 'update_type': 'message_callback'}
clb

2026-03-09 14:41:58
23645861
edt

2026-03-09 14:41:58
{'callback': {'timestamp': 1772787703240, 'callback_id': 'f9LHodD0cOLv-_fOo0oCcSSPx-nPtGL3JZZGz411BlbumeKej2hst2WdDjSk8xT0_ztyDqtmIkRLnE6NFfU2y-t78wiNPGqDrYl4KAwqN78iufReaJW4', 'user': {'user_id': 23645861, 'first_name': 'Дмитрий', 'last_name': 'Марков', 'is_bot': False, 'last_activity_time': 1773055281000, 'name': 'Дмитрий Марков'}, 'payload': 'KBRD.9'}, 'message': {'recipient': {'chat_id': 233194361, 'chat_type': 'dialog', 'user_id': 23645861}, 'timestamp': 1772787697229, 'body': {'mid': 'mid.000000000de64379019cc261864d764e', 'seq': 116181414525630030, 'text': 'Введите код доступа:  * * * *', 'attachments': [{'callback_id': 'f9LHodD0cOLxr2P7CPtYiG_Qw-kf48SJDcBtkmXjVz-LBiDpN5AdWqhKuL3xvUJZXIoC1ucyiYu-ZkPV3eQHAfeZqu_2CMimn3-wsLKoDmAe9eMrgTft', 'payload': {'buttons': [[{'payload': 'KBRD.7', 'text': '7', 'intent': 'default', 'type': 'callback'}, {'payload': 'KBRD.8', 'text': '8', 'intent': 'default', 'type': 'callback'}, {'payload': 'KBRD.9', 'text': '9', 'intent': 'default', 'type': 'callback'}], [{'payload': 'KBRD.4', 'text': '4', 'intent': 'default', 'type': 'callback'}, {'payload': 'KBRD.5', 'text': '5', 'intent': 'default', 'type': 'callback'}, {'payload': 'KBRD.6', 'text': '6', 'intent': 'default', 'type': 'callback'}], [{'payload': 'KBRD.3', 'text': '3', 'intent': 'default', 'type': 'callback'}, {'payload': 'KBRD.2', 'text': '2', 'intent': 'default', 'type': 'callback'}, {'payload': 'KBRD.1', 'text': '1', 'intent': 'default', 'type': 'callback'}], [{'payload': 'KBRD.0', 'text': '0', 'intent': 'default', 'type': 'callback'}, {'payload': 'KBRD.Cancel', 'text': 'Сброс', 'intent': 'default', 'type': 'callback'}], [{'payload': 'RecoveryAuthorization', 'text': 'Восстановление доступа', 'intent': 'default', 'type': 'callback'}], [{'payload': 'CancelCurrentOperation', 'text': 'Прервать операцию', 'intent': 'default', 'type': 'callback'}]]}, 'type': 'inline_keyboard'}], 'markup': [{'from': 21, 'length': 8, 'type': 'strong'}]}, 'sender': {'user_id': 210669020, 'first_name': 'DASHA_TOKEN_BOT', 'username': 'id575104156000_bot', 'is_bot': True, 'last_activity_time': 1773056515322, 'name': 'DASHA_TOKEN_BOT'}}, 'timestamp': 1772787703240, 'user_locale': 'ru', 'update_type': 'message_callback'}
clb

2026-03-09 14:41:59
23645861
edt

2026-03-09 14:41:59
{'callback': {'timestamp': 1772787713894, 'callback_id': 'f9LHodD0cOI45tg0PxuYbqZdrRLHVFbQWYEsb3SQgWIj7mjVTAiw26gMbSeH1j1exPna-4cUVEnnbg_MlMHpJj5xl-c8vU2YnbcCTQBJtlqIbfKxtD45', 'user': {'user_id': 23645861, 'first_name': 'Дмитрий', 'last_name': 'Марков', 'is_bot': False, 'last_activity_time': 1773055281000, 'name': 'Дмитрий Марков'}, 'payload': 'GetNewToken'}, 'message': {'recipient': {'chat_id': 233194361, 'chat_type': 'dialog', 'user_id': 23645861}, 'timestamp': 1772787705300, 'body': {'mid': 'mid.000000000de64379019cc261a5d4647e', 'seq': 116181415054566526, 'text': 'Выберите команду меню Бота или получите Новый токен.', 'attachments': [{'callback_id': 'f9LHodD0cOJd-zCjS8_noeu43xwhbV7moOidFQW7lgtCMKgs1Rrb_5gFW6hjAcaLtqZRg4zzUwMIOpExUz5mwYKCkUCkAHD_iZxJwYgJEHGCiANDM0_P', 'payload': {'buttons': [[{'payload': 'MainMenu', 'text': 'Главное меню', 'intent': 'default', 'type': 'callback'}], [{'payload': 'GetNewToken', 'text': 'Новый токен', 'intent': 'default', 'type': 'callback'}]]}, 'type': 'inline_keyboard'}], 'markup': [{'from': 40, 'length': 11, 'type': 'strong'}]}, 'sender': {'user_id': 210669020, 'first_name': 'DASHA_TOKEN_BOT', 'username': 'id575104156000_bot', 'is_bot': True, 'last_activity_time': 1773056515324, 'name': 'DASHA_TOKEN_BOT'}}, 'timestamp': 1772787713894, 'user_locale': 'ru', 'update_type': 'message_callback'}
clb

2026-03-09 14:42:00
string indices must be integers, not 'str'
snd-err

2026-03-09 14:42:00
None
del

2026-03-09 14:42:01
string indices must be integers, not 'str'
snd-err

2026-03-09 14:42:03
string indices must be integers, not 'str'
snd-err

2026-03-09 14:42:04
{'callback': {'timestamp': 1772788173562, 'callback_id': 'f9LHodD0cOL_IyfWgFbIbqBFMJNGDeyFh96-fMknSpoDmkCghkEFTH0H5aBnaj6N_YSeC0prztThEB-XDq9BOGdbrI1CwnAzyZB15GdHE6k7EasQJccI', 'user': {'user_id': 23645861, 'first_name': 'Дмитрий', 'last_name': 'Марков', 'is_bot': False, 'last_activity_time': 1773055281000, 'name': 'Дмитрий Марков'}, 'payload': 'Authorization'}, 'message': {'recipient': {'chat_id': 233194361, 'chat_type': 'dialog', 'user_id': 23645861}, 'timestamp': 1772787902786, 'body': {'mid': 'mid.000000000de64379019cc264a9421e2b', 'seq': 116181427996991019, 'text': 'Превышено разрешенное время бездействия Бота.', 'attachments': [{'callback_id': 'f9LHodD0cOKCGl3FXZp9ppGPc2XpM7emSF2m0jfsaMmf0XCp9qjPOHGCYH9QDtDqgKFVqP_Ny7Pm-1-H1tW30-aJsh5S7O6c6L-IOwZuxDfO-7CQB-zz', 'payload': {'buttons': [[{'payload': 'Authorization', 'text': 'Авторизоваться', 'intent': 'default', 'type': 'callback'}]]}, 'type': 'inline_keyboard'}], 'markup': [{'from': 40, 'length': 4, 'type': 'strong'}]}, 'sender': {'user_id': 210669020, 'first_name': 'DASHA_TOKEN_BOT', 'username': 'id575104156000_bot', 'is_bot': True, 'last_activity_time': 1773056524966, 'name': 'DASHA_TOKEN_BOT'}}, 'timestamp': 1772788173562, 'user_locale': 'ru', 'update_type': 'message_callback'}
clb

2026-03-09 14:42:04
string indices must be integers, not 'str'
snd-err

2026-03-09 14:42:06
string indices must be integers, not 'str'
snd-err

2026-03-09 14:42:08
string indices must be integers, not 'str'
snd-err

2026-03-09 14:42:09
{'callback': {'timestamp': 1772788178432, 'callback_id': 'f9LHodD0cOJWQSkcPTla61Jva8TUoK2r5-Cl9YYBwA0ZLQ421ZH8ThZDvkFAErBhcRxCmDRVA2qa6dsB6aapiQHyLKIqXdhiqYtHRtpnbSB843gWAMCY', 'user': {'user_id': 23645861, 'first_name': 'Дмитрий', 'last_name': 'Марков', 'is_bot': False, 'last_activity_time': 1773055281000, 'name': 'Дмитрий Марков'}, 'payload': 'KBRD.9'}, 'message': {'recipient': {'chat_id': 233194361, 'chat_type': 'dialog', 'user_id': 23645861}, 'timestamp': 1772788176089, 'body': {'mid': 'mid.000000000de64379019cc268d4d933e7', 'seq': 116181445908181991, 'text': 'Введите код доступа:  * * * *', 'attachments': [{'callback_id': 'f9LHodD0cOL7LUQlMeXwlX7YDcmzkOMmuLpaznAGMNHryGsL4fMZmoP8VopLsQC_USmjJAOPp48Cm8BeXh2A2OvByHqU3VPnUd_SlfSPGxAdb57ueB59', 'payload': {'buttons': [[{'payload': 'KBRD.7', 'text': '7', 'intent': 'default', 'type': 'callback'}, {'payload': 'KBRD.8', 'text': '8', 'intent': 'default', 'type': 'callback'}, {'payload': 'KBRD.9', 'text': '9', 'intent': 'default', 'type': 'callback'}], [{'payload': 'KBRD.4', 'text': '4', 'intent': 'default', 'type': 'callback'}, {'payload': 'KBRD.5', 'text': '5', 'intent': 'default', 'type': 'callback'}, {'payload': 'KBRD.6', 'text': '6', 'intent': 'default', 'type': 'callback'}], [{'payload': 'KBRD.3', 'text': '3', 'intent': 'default', 'type': 'callback'}, {'payload': 'KBRD.2', 'text': '2', 'intent': 'default', 'type': 'callback'}, {'payload': 'KBRD.1', 'text': '1', 'intent': 'default', 'type': 'callback'}], [{'payload': 'KBRD.0', 'text': '0', 'intent': 'default', 'type': 'callback'}, {'payload': 'KBRD.Cancel', 'text': 'Сброс', 'intent': 'default', 'type': 'callback'}], [{'payload': 'RecoveryAuthorization', 'text': 'Восстановление доступа', 'intent': 'default', 'type': 'callback'}], [{'payload': 'CancelCurrentOperation', 'text': 'Прервать операцию', 'intent': 'default', 'type': 'callback'}]]}, 'type': 'inline_keyboard'}], 'markup': [{'from': 21, 'length': 8, 'type': 'strong'}]}, 'sender': {'user_id': 210669020, 'first_name': 'DASHA_TOKEN_BOT', 'username': 'id575104156000_bot', 'is_bot': True, 'last_activity_time': 1773056529921, 'name': 'DASHA_TOKEN_BOT'}}, 'timestamp': 1772788178432, 'user_locale': 'ru', 'update_type': 'message_callback'}
clb

2026-03-09 14:42:09
23645861
edt

2026-03-09 14:42:09
{'callback': {'timestamp': 1772788178863, 'callback_id': 'f9LHodD0cOJ1O5k9aWGHrbvfm0CvgDOal4iK8sOanme2NbIsVITa7AVOInEtu1NstGCO0CI3tUT-CYWylI_Ffwl46nsKAFcD9iD0BxQJeWNL4CWHDOSN', 'user': {'user_id': 23645861, 'first_name': 'Дмитрий', 'last_name': 'Марков', 'is_bot': False, 'last_activity_time': 1773055281000, 'name': 'Дмитрий Марков'}, 'payload': 'KBRD.9'}, 'message': {'recipient': {'chat_id': 233194361, 'chat_type': 'dialog', 'user_id': 23645861}, 'timestamp': 1772788176089, 'body': {'mid': 'mid.000000000de64379019cc268d4d933e7', 'seq': 116181445908181991, 'text': 'Введите код доступа:  * * * *', 'attachments': [{'callback_id': 'f9LHodD0cOJbXOoAoW_F4mBi3FE8nLWO2N5N7IHuJv70RBF6ceQDUW7Fw8NKxWnCnoIkIUFEY-6vcoWKKtwP9PIm5c3Gb2WSCpb1b2IUdWKBv-qkQDZ_', 'payload': {'buttons': [[{'payload': 'KBRD.7', 'text': '7', 'intent': 'default', 'type': 'callback'}, {'payload': 'KBRD.8', 'text': '8', 'intent': 'default', 'type': 'callback'}, {'payload': 'KBRD.9', 'text': '9', 'intent': 'default', 'type': 'callback'}], [{'payload': 'KBRD.4', 'text': '4', 'intent': 'default', 'type': 'callback'}, {'payload': 'KBRD.5', 'text': '5', 'intent': 'default', 'type': 'callback'}, {'payload': 'KBRD.6', 'text': '6', 'intent': 'default', 'type': 'callback'}], [{'payload': 'KBRD.3', 'text': '3', 'intent': 'default', 'type': 'callback'}, {'payload': 'KBRD.2', 'text': '2', 'intent': 'default', 'type': 'callback'}, {'payload': 'KBRD.1', 'text': '1', 'intent': 'default', 'type': 'callback'}], [{'payload': 'KBRD.0', 'text': '0', 'intent': 'default', 'type': 'callback'}, {'payload': 'KBRD.Cancel', 'text': 'Сброс', 'intent': 'default', 'type': 'callback'}], [{'payload': 'RecoveryAuthorization', 'text': 'Восстановление доступа', 'intent': 'default', 'type': 'callback'}], [{'payload': 'CancelCurrentOperation', 'text': 'Прервать операцию', 'intent': 'default', 'type': 'callback'}]]}, 'type': 'inline_keyboard'}], 'markup': [{'from': 21, 'length': 8, 'type': 'strong'}]}, 'sender': {'user_id': 210669020, 'first_name': 'DASHA_TOKEN_BOT', 'username': 'id575104156000_bot', 'is_bot': True, 'last_activity_time': 1773056529923, 'name': 'DASHA_TOKEN_BOT'}}, 'timestamp': 1772788178863, 'user_locale': 'ru', 'update_type': 'message_callback'}
clb

2026-03-09 14:42:10
23645861
edt

2026-03-09 14:42:10
{'callback': {'timestamp': 1772788179362, 'callback_id': 'f9LHodD0cOLt3mSdwbgN9mLdzrsp2lkFFrOKy8Yfd0aKp39cBaXk3tVeWgLyr_LLyTKrMiAlZdEklT0hXg2ogxjvHbkXqUCj34DqcRgCRrES9Cjkm9p_', 'user': {'user_id': 23645861, 'first_name': 'Дмитрий', 'last_name': 'Марков', 'is_bot': False, 'last_activity_time': 1773055281000, 'name': 'Дмитрий Марков'}, 'payload': 'KBRD.9'}, 'message': {'recipient': {'chat_id': 233194361, 'chat_type': 'dialog', 'user_id': 23645861}, 'timestamp': 1772788176089, 'body': {'mid': 'mid.000000000de64379019cc268d4d933e7', 'seq': 116181445908181991, 'text': 'Введите код доступа:  * * * *', 'attachments': [{'callback_id': 'f9LHodD0cOJmcPYYufve4cXgNhnbXTb3xqrzqlwYzRypb7wPaKKR4BWaOhaNZyT3Wh3lg7uFQC0Wu7dLuhhSeXl6Z4rLwl6Mexn_UJDG3qaNEYlbvPAr', 'payload': {'buttons': [[{'payload': 'KBRD.7', 'text': '7', 'intent': 'default', 'type': 'callback'}, {'payload': 'KBRD.8', 'text': '8', 'intent': 'default', 'type': 'callback'}, {'payload': 'KBRD.9', 'text': '9', 'intent': 'default', 'type': 'callback'}], [{'payload': 'KBRD.4', 'text': '4', 'intent': 'default', 'type': 'callback'}, {'payload': 'KBRD.5', 'text': '5', 'intent': 'default', 'type': 'callback'}, {'payload': 'KBRD.6', 'text': '6', 'intent': 'default', 'type': 'callback'}], [{'payload': 'KBRD.3', 'text': '3', 'intent': 'default', 'type': 'callback'}, {'payload': 'KBRD.2', 'text': '2', 'intent': 'default', 'type': 'callback'}, {'payload': 'KBRD.1', 'text': '1', 'intent': 'default', 'type': 'callback'}], [{'payload': 'KBRD.0', 'text': '0', 'intent': 'default', 'type': 'callback'}, {'payload': 'KBRD.Cancel', 'text': 'Сброс', 'intent': 'default', 'type': 'callback'}], [{'payload': 'RecoveryAuthorization', 'text': 'Восстановление доступа', 'intent': 'default', 'type': 'callback'}], [{'payload': 'CancelCurrentOperation', 'text': 'Прервать операцию', 'intent': 'default', 'type': 'callback'}]]}, 'type': 'inline_keyboard'}], 'markup': [{'from': 21, 'length': 8, 'type': 'strong'}]}, 'sender': {'user_id': 210669020, 'first_name': 'DASHA_TOKEN_BOT', 'username': 'id575104156000_bot', 'is_bot': True, 'last_activity_time': 1773056529925, 'name': 'DASHA_TOKEN_BOT'}}, 'timestamp': 1772788179362, 'user_locale': 'ru', 'update_type': 'message_callback'}
clb

2026-03-09 14:42:11
23645861
edt

2026-03-09 14:42:11
{'callback': {'timestamp': 1772788180512, 'callback_id': 'f9LHodD0cOLG0-Z3nh8ShmUO-17Z2fFLPyX8gAaOjOFabYP2CbKycHFhFVIw8X2qpOwmnYYicD6xQ2Ngg5PqvNCzXmoaWIu_VeKAni6Yln8hSoopMYS_', 'user': {'user_id': 23645861, 'first_name': 'Дмитрий', 'last_name': 'Марков', 'is_bot': False, 'last_activity_time': 1773055281000, 'name': 'Дмитрий Марков'}, 'payload': 'KBRD.9'}, 'message': {'recipient': {'chat_id': 233194361, 'chat_type': 'dialog', 'user_id': 23645861}, 'timestamp': 1772788176089, 'body': {'mid': 'mid.000000000de64379019cc268d4d933e7', 'seq': 116181445908181991, 'text': 'Введите код доступа:  * * * *', 'attachments': [{'callback_id': 'f9LHodD0cOKnReu2sVOMJnadNgD8rxFXJbDtmX5rEKbfDzLwtVZlCKdBqBtNF9JZlVlVhSAm9IYQQigukhZ-UzG1I6mXbL1MBSgzg4t1k9Xc7uP53M_O', 'payload': {'buttons': [[{'payload': 'KBRD.7', 'text': '7', 'intent': 'default', 'type': 'callback'}, {'payload': 'KBRD.8', 'text': '8', 'intent': 'default', 'type': 'callback'}, {'payload': 'KBRD.9', 'text': '9', 'intent': 'default', 'type': 'callback'}], [{'payload': 'KBRD.4', 'text': '4', 'intent': 'default', 'type': 'callback'}, {'payload': 'KBRD.5', 'text': '5', 'intent': 'default', 'type': 'callback'}, {'payload': 'KBRD.6', 'text': '6', 'intent': 'default', 'type': 'callback'}], [{'payload': 'KBRD.3', 'text': '3', 'intent': 'default', 'type': 'callback'}, {'payload': 'KBRD.2', 'text': '2', 'intent': 'default', 'type': 'callback'}, {'payload': 'KBRD.1', 'text': '1', 'intent': 'default', 'type': 'callback'}], [{'payload': 'KBRD.0', 'text': '0', 'intent': 'default', 'type': 'callback'}, {'payload': 'KBRD.Cancel', 'text': 'Сброс', 'intent': 'default', 'type': 'callback'}], [{'payload': 'RecoveryAuthorization', 'text': 'Восстановление доступа', 'intent': 'default', 'type': 'callback'}], [{'payload': 'CancelCurrentOperation', 'text': 'Прервать операцию', 'intent': 'default', 'type': 'callback'}]]}, 'type': 'inline_keyboard'}], 'markup': [{'from': 21, 'length': 8, 'type': 'strong'}]}, 'sender': {'user_id': 210669020, 'first_name': 'DASHA_TOKEN_BOT', 'username': 'id575104156000_bot', 'is_bot': True, 'last_activity_time': 1773056529927, 'name': 'DASHA_TOKEN_BOT'}}, 'timestamp': 1772788180512, 'user_locale': 'ru', 'update_type': 'message_callback'}
clb

2026-03-09 14:42:12
23645861
edt

2026-03-09 14:42:12
string indices must be integers, not 'str'
snd-err

2026-03-09 14:42:13
None
del

2026-03-09 14:42:18
{'callback': {'timestamp': 1772811159558, 'callback_id': 'f9LHodD0cOLVMGDHfvFlO0kAAb0hZ-3qN0rACkNsOvTmHN_dAzKsurBnqu5gfdJLNSiaZZnI5vuU5uJ1qgj1FHUG15GlckMx2hXas728XSV_d2zj6kQv', 'user': {'user_id': 23645861, 'first_name': 'Дмитрий', 'last_name': 'Марков', 'is_bot': False, 'last_activity_time': 1773055281000, 'name': 'Дмитрий Марков'}, 'payload': 'Start'}, 'message': {'recipient': {'chat_id': 233194361, 'chat_type': 'dialog', 'user_id': 23645861}, 'timestamp': 1772810027869, 'body': {'mid': 'mid.000000000de64379019cc3b6435d5f8a', 'seq': 116182877986447242, 'text': 'Бот-генератор токенов доступа v.1.2.', 'attachments': [{'callback_id': 'f9LHodD0cOIQxuo6GJGYfi59ZXGvymxpJqwkwUl6dudZ4osTFQK2UajJez6y8QuxIo7Jgp0wfxpOzPY1ITvROCo9aSNg-oQL19OMsbcRdCbmy6ZqzBxD', 'payload': {'buttons': [[{'payload': 'Start', 'text': 'Начать', 'intent': 'default', 'type': 'callback'}]]}, 'type': 'inline_keyboard'}]}, 'sender': {'user_id': 210669020, 'first_name': 'DASHA_TOKEN_BOT', 'username': 'id575104156000_bot', 'is_bot': True, 'last_activity_time': 1773056539297, 'name': 'DASHA_TOKEN_BOT'}}, 'timestamp': 1772811159558, 'user_locale': 'ru', 'update_type': 'message_callback'}
clb

2026-03-09 14:42:19
string indices must be integers, not 'str'
snd-err

2026-03-09 14:42:20
string indices must be integers, not 'str'
snd-err

2026-03-09 14:42:20
{'callback': {'timestamp': 1772811164013, 'callback_id': 'f9LHodD0cOLCTr1a4v4_flFsSH_IL4UvqcfySch7OF3ZY0Y9_Ve0qatYpLLfVWQx1zcMKFsU8OAH_CT5R5DKBsyhRxRDWQZ9GHJNLY0MGZzHYO0cPtaW', 'user': {'user_id': 23645861, 'first_name': 'Дмитрий', 'last_name': 'Марков', 'is_bot': False, 'last_activity_time': 1773055281000, 'name': 'Дмитрий Марков'}, 'payload': 'KBRD.6'}, 'message': {'recipient': {'chat_id': 233194361, 'chat_type': 'dialog', 'user_id': 23645861}, 'timestamp': 1772811161724, 'body': {'mid': 'mid.000000000de64379019cc3c7907c5893', 'seq': 116182952294766739, 'text': 'Введите код доступа:  * * * *', 'attachments': [{'callback_id': 'f9LHodD0cOL8zX93W9NHaYePJF8c3P00D85ooYEWLLukAIaX-IFoM5i4ATkieJGWrU8lTy3hNT_7jWSu-BqO5Qvc8tBwCcTWekq_3vZVyYRr6Q9-UBf7', 'payload': {'buttons': [[{'payload': 'KBRD.7', 'text': '7', 'intent': 'default', 'type': 'callback'}, {'payload': 'KBRD.8', 'text': '8', 'intent': 'default', 'type': 'callback'}, {'payload': 'KBRD.9', 'text': '9', 'intent': 'default', 'type': 'callback'}], [{'payload': 'KBRD.4', 'text': '4', 'intent': 'default', 'type': 'callback'}, {'payload': 'KBRD.5', 'text': '5', 'intent': 'default', 'type': 'callback'}, {'payload': 'KBRD.6', 'text': '6', 'intent': 'default', 'type': 'callback'}], [{'payload': 'KBRD.3', 'text': '3', 'intent': 'default', 'type': 'callback'}, {'payload': 'KBRD.2', 'text': '2', 'intent': 'default', 'type': 'callback'}, {'payload': 'KBRD.1', 'text': '1', 'intent': 'default', 'type': 'callback'}], [{'payload': 'KBRD.0', 'text': '0', 'intent': 'default', 'type': 'callback'}, {'payload': 'KBRD.Cancel', 'text': 'Сброс', 'intent': 'default', 'type': 'callback'}], [{'payload': 'RecoveryAuthorization', 'text': 'Восстановление доступа', 'intent': 'default', 'type': 'callback'}], [{'payload': 'CancelCurrentOperation', 'text': 'Прервать операцию', 'intent': 'default', 'type': 'callback'}]]}, 'type': 'inline_keyboard'}], 'markup': [{'from': 21, 'length': 8, 'type': 'strong'}]}, 'sender': {'user_id': 210669020, 'first_name': 'DASHA_TOKEN_BOT', 'username': 'id575104156000_bot', 'is_bot': True, 'last_activity_time': 1773056539298, 'name': 'DASHA_TOKEN_BOT'}}, 'timestamp': 1772811164013, 'user_locale': 'ru', 'update_type': 'message_callback'}
clb

2026-03-09 14:42:20
23645861
edt

2026-03-09 14:42:20
{'callback': {'timestamp': 1772811164465, 'callback_id': 'f9LHodD0cOJwAF5EN0Z7lcgL8dXT5J2HaTgPaUw-HKBRq5HrtAVnlxDbAM_hW8fQzqCyNiB_YKjEgsqUHGk-EBifecKtjCgYsrNY-SC0Fw4dwvTO0Fds', 'user': {'user_id': 23645861, 'first_name': 'Дмитрий', 'last_name': 'Марков', 'is_bot': False, 'last_activity_time': 1773055281000, 'name': 'Дмитрий Марков'}, 'payload': 'KBRD.5'}, 'message': {'recipient': {'chat_id': 233194361, 'chat_type': 'dialog', 'user_id': 23645861}, 'timestamp': 1772811161724, 'body': {'mid': 'mid.000000000de64379019cc3c7907c5893', 'seq': 116182952294766739, 'text': 'Введите код доступа:  * * * *', 'attachments': [{'callback_id': 'f9LHodD0cOJCE3_jgXVTArGEnuroXjJTatqW7LGoV1x5LlN41aylb4MWhu20A1HqPNxNFJEgIiT54D0LWqGta2ZHKwFhxPXNlzbtTeoJDxBwp9YDXcSX', 'payload': {'buttons': [[{'payload': 'KBRD.7', 'text': '7', 'intent': 'default', 'type': 'callback'}, {'payload': 'KBRD.8', 'text': '8', 'intent': 'default', 'type': 'callback'}, {'payload': 'KBRD.9', 'text': '9', 'intent': 'default', 'type': 'callback'}], [{'payload': 'KBRD.4', 'text': '4', 'intent': 'default', 'type': 'callback'}, {'payload': 'KBRD.5', 'text': '5', 'intent': 'default', 'type': 'callback'}, {'payload': 'KBRD.6', 'text': '6', 'intent': 'default', 'type': 'callback'}], [{'payload': 'KBRD.3', 'text': '3', 'intent': 'default', 'type': 'callback'}, {'payload': 'KBRD.2', 'text': '2', 'intent': 'default', 'type': 'callback'}, {'payload': 'KBRD.1', 'text': '1', 'intent': 'default', 'type': 'callback'}], [{'payload': 'KBRD.0', 'text': '0', 'intent': 'default', 'type': 'callback'}, {'payload': 'KBRD.Cancel', 'text': 'Сброс', 'intent': 'default', 'type': 'callback'}], [{'payload': 'RecoveryAuthorization', 'text': 'Восстановление доступа', 'intent': 'default', 'type': 'callback'}], [{'payload': 'CancelCurrentOperation', 'text': 'Прервать операцию', 'intent': 'default', 'type': 'callback'}]]}, 'type': 'inline_keyboard'}], 'markup': [{'from': 21, 'length': 8, 'type': 'strong'}]}, 'sender': {'user_id': 210669020, 'first_name': 'DASHA_TOKEN_BOT', 'username': 'id575104156000_bot', 'is_bot': True, 'last_activity_time': 1773056539299, 'name': 'DASHA_TOKEN_BOT'}}, 'timestamp': 1772811164465, 'user_locale': 'ru', 'update_type': 'message_callback'}
clb

2026-03-09 14:42:21
23645861
edt

2026-03-09 14:42:21
{'callback': {'timestamp': 1772811164764, 'callback_id': 'f9LHodD0cOJoLfY-qIaFNkYFuzcYF5h86-os-6ToTvggyCyekJ5VPXnVH9aYRiT-hfrnJSxJeHVDr9MCUsNwwCNlacG2lbszTnfJIDuB5f8JUqQ0BAnr', 'user': {'user_id': 23645861, 'first_name': 'Дмитрий', 'last_name': 'Марков', 'is_bot': False, 'last_activity_time': 1773055281000, 'name': 'Дмитрий Марков'}, 'payload': 'KBRD.9'}, 'message': {'recipient': {'chat_id': 233194361, 'chat_type': 'dialog', 'user_id': 23645861}, 'timestamp': 1772811161724, 'body': {'mid': 'mid.000000000de64379019cc3c7907c5893', 'seq': 116182952294766739, 'text': 'Введите код доступа:  * * * *', 'attachments': [{'callback_id': 'f9LHodD0cOLHAs_1H1eS-L04DrJMp2qoCU9Q3q3_V7bhc7Aa7mdOI2m3GxhIzr4J5GYEkVOW5wtMKiXLiIsx21OZsp1z9lWAK9nPUUJ6vmcXYfWqwJQ6', 'payload': {'buttons': [[{'payload': 'KBRD.7', 'text': '7', 'intent': 'default', 'type': 'callback'}, {'payload': 'KBRD.8', 'text': '8', 'intent': 'default', 'type': 'callback'}, {'payload': 'KBRD.9', 'text': '9', 'intent': 'default', 'type': 'callback'}], [{'payload': 'KBRD.4', 'text': '4', 'intent': 'default', 'type': 'callback'}, {'payload': 'KBRD.5', 'text': '5', 'intent': 'default', 'type': 'callback'}, {'payload': 'KBRD.6', 'text': '6', 'intent': 'default', 'type': 'callback'}], [{'payload': 'KBRD.3', 'text': '3', 'intent': 'default', 'type': 'callback'}, {'payload': 'KBRD.2', 'text': '2', 'intent': 'default', 'type': 'callback'}, {'payload': 'KBRD.1', 'text': '1', 'intent': 'default', 'type': 'callback'}], [{'payload': 'KBRD.0', 'text': '0', 'intent': 'default', 'type': 'callback'}, {'payload': 'KBRD.Cancel', 'text': 'Сброс', 'intent': 'default', 'type': 'callback'}], [{'payload': 'RecoveryAuthorization', 'text': 'Восстановление доступа', 'intent': 'default', 'type': 'callback'}], [{'payload': 'CancelCurrentOperation', 'text': 'Прервать операцию', 'intent': 'default', 'type': 'callback'}]]}, 'type': 'inline_keyboard'}], 'markup': [{'from': 21, 'length': 8, 'type': 'strong'}]}, 'sender': {'user_id': 210669020, 'first_name': 'DASHA_TOKEN_BOT', 'username': 'id575104156000_bot', 'is_bot': True, 'last_activity_time': 1773056539300, 'name': 'DASHA_TOKEN_BOT'}}, 'timestamp': 1772811164764, 'user_locale': 'ru', 'update_type': 'message_callback'}
clb

2026-03-09 14:42:22
23645861
edt

2026-03-09 14:42:22
{'callback': {'timestamp': 1772811165506, 'callback_id': 'f9LHodD0cOKKBYkVMPMadah_X_T276Vl6j8mmQhdjlqjyGA2wcHzkjOQawgJsHDRJ52PuOg62oGvZrS2wnJ_MHSwQbQV8V1vm_IT5WBeA-kE4JNO6N3-', 'user': {'user_id': 23645861, 'first_name': 'Дмитрий', 'last_name': 'Марков', 'is_bot': False, 'last_activity_time': 1773055281000, 'name': 'Дмитрий Марков'}, 'payload': 'KBRD.2'}, 'message': {'recipient': {'chat_id': 233194361, 'chat_type': 'dialog', 'user_id': 23645861}, 'timestamp': 1772811161724, 'body': {'mid': 'mid.000000000de64379019cc3c7907c5893', 'seq': 116182952294766739, 'text': 'Введите код доступа:  * * * *', 'attachments': [{'callback_id': 'f9LHodD0cOLwO-t8Qpbs-ZiC7ML7pc7H2OEWqNOKAMFAPKT9vsD6obsVRoPgR-FYHo2b0d0TxBt3SePHwyK0jhvDSRr-Db3drwgcY4_Imb246rVmK_r-', 'payload': {'buttons': [[{'payload': 'KBRD.7', 'text': '7', 'intent': 'default', 'type': 'callback'}, {'payload': 'KBRD.8', 'text': '8', 'intent': 'default', 'type': 'callback'}, {'payload': 'KBRD.9', 'text': '9', 'intent': 'default', 'type': 'callback'}], [{'payload': 'KBRD.4', 'text': '4', 'intent': 'default', 'type': 'callback'}, {'payload': 'KBRD.5', 'text': '5', 'intent': 'default', 'type': 'callback'}, {'payload': 'KBRD.6', 'text': '6', 'intent': 'default', 'type': 'callback'}], [{'payload': 'KBRD.3', 'text': '3', 'intent': 'default', 'type': 'callback'}, {'payload': 'KBRD.2', 'text': '2', 'intent': 'default', 'type': 'callback'}, {'payload': 'KBRD.1', 'text': '1', 'intent': 'default', 'type': 'callback'}], [{'payload': 'KBRD.0', 'text': '0', 'intent': 'default', 'type': 'callback'}, {'payload': 'KBRD.Cancel', 'text': 'Сброс', 'intent': 'default', 'type': 'callback'}], [{'payload': 'RecoveryAuthorization', 'text': 'Восстановление доступа', 'intent': 'default', 'type': 'callback'}], [{'payload': 'CancelCurrentOperation', 'text': 'Прервать операцию', 'intent': 'default', 'type': 'callback'}]]}, 'type': 'inline_keyboard'}], 'markup': [{'from': 21, 'length': 8, 'type': 'strong'}]}, 'sender': {'user_id': 210669020, 'first_name': 'DASHA_TOKEN_BOT', 'username': 'id575104156000_bot', 'is_bot': True, 'last_activity_time': 1773056539301, 'name': 'DASHA_TOKEN_BOT'}}, 'timestamp': 1772811165506, 'user_locale': 'ru', 'update_type': 'message_callback'}
clb

2026-03-09 14:42:22
23645861
edt

2026-03-09 14:42:22
{'callback': {'timestamp': 1772811176162, 'callback_id': 'f9LHodD0cOKct5Lx78YGeXWXPxbnW1j_nNzyQBQCvLfJubqtD1A-2sAIZzILagb4dV_jAc_MMjG_-mNEBTti7YSlhFYXOj7sKpxISZTEou7OLEcCWsIH', 'user': {'user_id': 23645861, 'first_name': 'Дмитрий', 'last_name': 'Марков', 'is_bot': False, 'last_activity_time': 1773055281000, 'name': 'Дмитрий Марков'}, 'payload': 'KBRD.9'}, 'message': {'recipient': {'chat_id': 233194361, 'chat_type': 'dialog', 'user_id': 23645861}, 'timestamp': 1772811168041, 'body': {'mid': 'mid.000000000de64379019cc3c7a92927ed', 'seq': 116182952708745197, 'text': 'Введите код доступа:  * * * *', 'attachments': [{'callback_id': 'f9LHodD0cOKYkWzLVBaCYRiMf37EKBwaDk6cp-ZRyXGLorWX8RtsYDYAIr6NnAauZyTfkWQj6KXYFszmvPJX0hGbi7-zYMU7om9mVfVpMSINwog1FQFT', 'payload': {'buttons': [[{'payload': 'KBRD.7', 'text': '7', 'intent': 'default', 'type': 'callback'}, {'payload': 'KBRD.8', 'text': '8', 'intent': 'default', 'type': 'callback'}, {'payload': 'KBRD.9', 'text': '9', 'intent': 'default', 'type': 'callback'}], [{'payload': 'KBRD.4', 'text': '4', 'intent': 'default', 'type': 'callback'}, {'payload': 'KBRD.5', 'text': '5', 'intent': 'default', 'type': 'callback'}, {'payload': 'KBRD.6', 'text': '6', 'intent': 'default', 'type': 'callback'}], [{'payload': 'KBRD.3', 'text': '3', 'intent': 'default', 'type': 'callback'}, {'payload': 'KBRD.2', 'text': '2', 'intent': 'default', 'type': 'callback'}, {'payload': 'KBRD.1', 'text': '1', 'intent': 'default', 'type': 'callback'}], [{'payload': 'KBRD.0', 'text': '0', 'intent': 'default', 'type': 'callback'}, {'payload': 'KBRD.Cancel', 'text': 'Сброс', 'intent': 'default', 'type': 'callback'}], [{'payload': 'RecoveryAuthorization', 'text': 'Восстановление доступа', 'intent': 'default', 'type': 'callback'}], [{'payload': 'CancelCurrentOperation', 'text': 'Прервать операцию', 'intent': 'default', 'type': 'callback'}]]}, 'type': 'inline_keyboard'}], 'markup': [{'from': 21, 'length': 8, 'type': 'strong'}]}, 'sender': {'user_id': 210669020, 'first_name': 'DASHA_TOKEN_BOT', 'username': 'id575104156000_bot', 'is_bot': True, 'last_activity_time': 1773056539302, 'name': 'DASHA_TOKEN_BOT'}}, 'timestamp': 1772811176162, 'user_locale': 'ru', 'update_type': 'message_callback'}
clb

2026-03-09 14:42:23
23645861
edt

2026-03-09 14:42:23
{'callback': {'timestamp': 1772811177120, 'callback_id': 'f9LHodD0cOJ7mUxI2yr_9hnEacro-ZHTiS2St6j6bHtXAM0vqccKQNBJHe49yudl-iAe2-AY880MwdKLzkHzRDTxyPksAc1yQRHe8pWGixHDh44k2Yo8', 'user': {'user_id': 23645861, 'first_name': 'Дмитрий', 'last_name': 'Марков', 'is_bot': False, 'last_activity_time': 1773055281000, 'name': 'Дмитрий Марков'}, 'payload': 'KBRD.9'}, 'message': {'recipient': {'chat_id': 233194361, 'chat_type': 'dialog', 'user_id': 23645861}, 'timestamp': 1772811168041, 'body': {'mid': 'mid.000000000de64379019cc3c7a92927ed', 'seq': 116182952708745197, 'text': 'Введите код доступа:  * * * *', 'attachments': [{'callback_id': 'f9LHodD0cOJC6VdOgy6SUqIaHH3y94zV_93KiH2qgXLt-dRYmnfa9YSsN4fLbSeWDeQHEenpHuWCO3Z5brTQjwIfWn6jKtrOSbKC4TN89_kdiD9NMavg', 'payload': {'buttons': [[{'payload': 'KBRD.7', 'text': '7', 'intent': 'default', 'type': 'callback'}, {'payload': 'KBRD.8', 'text': '8', 'intent': 'default', 'type': 'callback'}, {'payload': 'KBRD.9', 'text': '9', 'intent': 'default', 'type': 'callback'}], [{'payload': 'KBRD.4', 'text': '4', 'intent': 'default', 'type': 'callback'}, {'payload': 'KBRD.5', 'text': '5', 'intent': 'default', 'type': 'callback'}, {'payload': 'KBRD.6', 'text': '6', 'intent': 'default', 'type': 'callback'}], [{'payload': 'KBRD.3', 'text': '3', 'intent': 'default', 'type': 'callback'}, {'payload': 'KBRD.2', 'text': '2', 'intent': 'default', 'type': 'callback'}, {'payload': 'KBRD.1', 'text': '1', 'intent': 'default', 'type': 'callback'}], [{'payload': 'KBRD.0', 'text': '0', 'intent': 'default', 'type': 'callback'}, {'payload': 'KBRD.Cancel', 'text': 'Сброс', 'intent': 'default', 'type': 'callback'}], [{'payload': 'RecoveryAuthorization', 'text': 'Восстановление доступа', 'intent': 'default', 'type': 'callback'}], [{'payload': 'CancelCurrentOperation', 'text': 'Прервать операцию', 'intent': 'default', 'type': 'callback'}]]}, 'type': 'inline_keyboard'}], 'markup': [{'from': 21, 'length': 8, 'type': 'strong'}]}, 'sender': {'user_id': 210669020, 'first_name': 'DASHA_TOKEN_BOT', 'username': 'id575104156000_bot', 'is_bot': True, 'last_activity_time': 1773056539302, 'name': 'DASHA_TOKEN_BOT'}}, 'timestamp': 1772811177120, 'user_locale': 'ru', 'update_type': 'message_callback'}
clb

2026-03-09 14:42:24
23645861
edt

2026-03-09 14:42:24
{'callback': {'timestamp': 1772811177962, 'callback_id': 'f9LHodD0cOKxssyjYjzO-FutTWRkLcncc7idaFu-0rJqTxaAzdv1QaH6WWo-UD2Wiej3oNzmF_-YsbfpqvlNqheP7DGJQTlrXhmc7B_DC5KlKdse8q99', 'user': {'user_id': 23645861, 'first_name': 'Дмитрий', 'last_name': 'Марков', 'is_bot': False, 'last_activity_time': 1773055281000, 'name': 'Дмитрий Марков'}, 'payload': 'KBRD.9'}, 'message': {'recipient': {'chat_id': 233194361, 'chat_type': 'dialog', 'user_id': 23645861}, 'timestamp': 1772811168041, 'body': {'mid': 'mid.000000000de64379019cc3c7a92927ed', 'seq': 116182952708745197, 'text': 'Введите код доступа:  * * * *', 'attachments': [{'callback_id': 'f9LHodD0cOKmOHWXhiVjnzAibmlmOL6Fma3O8gE0UgIWBwJnfw1oDk6NAoiavemSHxy5xbojrNERfwN-3v7CcslnFG-65QZmmoT8DDzmYsRQDr-YlKfw', 'payload': {'buttons': [[{'payload': 'KBRD.7', 'text': '7', 'intent': 'default', 'type': 'callback'}, {'payload': 'KBRD.8', 'text': '8', 'intent': 'default', 'type': 'callback'}, {'payload': 'KBRD.9', 'text': '9', 'intent': 'default', 'type': 'callback'}], [{'payload': 'KBRD.4', 'text': '4', 'intent': 'default', 'type': 'callback'}, {'payload': 'KBRD.5', 'text': '5', 'intent': 'default', 'type': 'callback'}, {'payload': 'KBRD.6', 'text': '6', 'intent': 'default', 'type': 'callback'}], [{'payload': 'KBRD.3', 'text': '3', 'intent': 'default', 'type': 'callback'}, {'payload': 'KBRD.2', 'text': '2', 'intent': 'default', 'type': 'callback'}, {'payload': 'KBRD.1', 'text': '1', 'intent': 'default', 'type': 'callback'}], [{'payload': 'KBRD.0', 'text': '0', 'intent': 'default', 'type': 'callback'}, {'payload': 'KBRD.Cancel', 'text': 'Сброс', 'intent': 'default', 'type': 'callback'}], [{'payload': 'RecoveryAuthorization', 'text': 'Восстановление доступа', 'intent': 'default', 'type': 'callback'}], [{'payload': 'CancelCurrentOperation', 'text': 'Прервать операцию', 'intent': 'default', 'type': 'callback'}]]}, 'type': 'inline_keyboard'}], 'markup': [{'from': 21, 'length': 8, 'type': 'strong'}]}, 'sender': {'user_id': 210669020, 'first_name': 'DASHA_TOKEN_BOT', 'username': 'id575104156000_bot', 'is_bot': True, 'last_activity_time': 1773056539303, 'name': 'DASHA_TOKEN_BOT'}}, 'timestamp': 1772811177962, 'user_locale': 'ru', 'update_type': 'message_callback'}
clb

2026-03-09 14:42:25
23645861
edt

2026-03-09 14:42:25
{'callback': {'timestamp': 1772811178944, 'callback_id': 'f9LHodD0cOI0ReBBvzvAMBUDQeVgXOLnQJkjTkcaeQh6MRMrCuexEnwcwL0EWpVEINH3X7wfkKeSHJW4AuOK7KLXnltqwCehaaCkqphJWJuxXQ3EROCZ', 'user': {'user_id': 23645861, 'first_name': 'Дмитрий', 'last_name': 'Марков', 'is_bot': False, 'last_activity_time': 1773055281000, 'name': 'Дмитрий Марков'}, 'payload': 'KBRD.9'}, 'message': {'recipient': {'chat_id': 233194361, 'chat_type': 'dialog', 'user_id': 23645861}, 'timestamp': 1772811168041, 'body': {'mid': 'mid.000000000de64379019cc3c7a92927ed', 'seq': 116182952708745197, 'text': 'Введите код доступа:  * * * *', 'attachments': [{'callback_id': 'f9LHodD0cOJ421dPWMg3HELBov6EEG29HLe-KR4pqlQp3l3uy-afdEuRsaJ2GGGVQ72qkaN-gl0haCCmkEvCS6QRZW1EsOD_Y5FQTDKN5rz48SV0KvxD', 'payload': {'buttons': [[{'payload': 'KBRD.7', 'text': '7', 'intent': 'default', 'type': 'callback'}, {'payload': 'KBRD.8', 'text': '8', 'intent': 'default', 'type': 'callback'}, {'payload': 'KBRD.9', 'text': '9', 'intent': 'default', 'type': 'callback'}], [{'payload': 'KBRD.4', 'text': '4', 'intent': 'default', 'type': 'callback'}, {'payload': 'KBRD.5', 'text': '5', 'intent': 'default', 'type': 'callback'}, {'payload': 'KBRD.6', 'text': '6', 'intent': 'default', 'type': 'callback'}], [{'payload': 'KBRD.3', 'text': '3', 'intent': 'default', 'type': 'callback'}, {'payload': 'KBRD.2', 'text': '2', 'intent': 'default', 'type': 'callback'}, {'payload': 'KBRD.1', 'text': '1', 'intent': 'default', 'type': 'callback'}], [{'payload': 'KBRD.0', 'text': '0', 'intent': 'default', 'type': 'callback'}, {'payload': 'KBRD.Cancel', 'text': 'Сброс', 'intent': 'default', 'type': 'callback'}], [{'payload': 'RecoveryAuthorization', 'text': 'Восстановление доступа', 'intent': 'default', 'type': 'callback'}], [{'payload': 'CancelCurrentOperation', 'text': 'Прервать операцию', 'intent': 'default', 'type': 'callback'}]]}, 'type': 'inline_keyboard'}], 'markup': [{'from': 21, 'length': 8, 'type': 'strong'}]}, 'sender': {'user_id': 210669020, 'first_name': 'DASHA_TOKEN_BOT', 'username': 'id575104156000_bot', 'is_bot': True, 'last_activity_time': 1773056539304, 'name': 'DASHA_TOKEN_BOT'}}, 'timestamp': 1772811178944, 'user_locale': 'ru', 'update_type': 'message_callback'}
clb

2026-03-09 14:42:25
23645861
edt

2026-03-09 14:42:25
{'callback': {'timestamp': 1772811184128, 'callback_id': 'f9LHodD0cOKgG4IDgwBDu-I4TeWUsv_yRGy0HlqAjiNm55NC0gqAqSDts6vkCDo2HWaCHSm8K7NkNRf6_JdDUpsouOxjrVjJpSapCz3T72ltY0y9qbjP', 'user': {'user_id': 23645861, 'first_name': 'Дмитрий', 'last_name': 'Марков', 'is_bot': False, 'last_activity_time': 1773055281000, 'name': 'Дмитрий Марков'}, 'payload': 'GetNewToken'}, 'message': {'recipient': {'chat_id': 233194361, 'chat_type': 'dialog', 'user_id': 23645861}, 'timestamp': 1772811181450, 'body': {'mid': 'mid.000000000de64379019cc3c7dd8a545e', 'seq': 116182953587528798, 'text': 'Выберите команду меню Бота или получите Новый токен.', 'attachments': [{'callback_id': 'f9LHodD0cOLvT_29yHoCmqvN5Rb1nQ1VN9RGGL1hnoUFsRUQv6HxDmtzzJExBXZBWwr1RZEsjZxpg5dJ9A8Bb2rsbPdY-TdmGv9n52uiDU-FJ6ZRuiyR', 'payload': {'buttons': [[{'payload': 'MainMenu', 'text': 'Главное меню', 'intent': 'default', 'type': 'callback'}], [{'payload': 'GetNewToken', 'text': 'Новый токен', 'intent': 'default', 'type': 'callback'}]]}, 'type': 'inline_keyboard'}], 'markup': [{'from': 40, 'length': 11, 'type': 'strong'}]}, 'sender': {'user_id': 210669020, 'first_name': 'DASHA_TOKEN_BOT', 'username': 'id575104156000_bot', 'is_bot': True, 'last_activity_time': 1773056539305, 'name': 'DASHA_TOKEN_BOT'}}, 'timestamp': 1772811184128, 'user_locale': 'ru', 'update_type': 'message_callback'}
clb

2026-03-09 14:42:26
string indices must be integers, not 'str'
snd-err

2026-03-09 14:42:27
None
del

2026-03-09 14:42:28
string indices must be integers, not 'str'
snd-err

2026-03-09 14:42:29
None
del

2026-03-09 14:42:30
string indices must be integers, not 'str'
snd-err

2026-03-09 14:42:32
string indices must be integers, not 'str'
snd-err

2026-03-09 14:42:34
{'callback': {'timestamp': 1772832609583, 'callback_id': 'f9LHodD0cOKuOmGR7X-qtNJmawxUNhp1fEeBpfG2J05Wz7XiR4qD7KqPN35gf8qFCv_2kd8ihi-rzyPk8ySzXowbCEu7QpEM2OKMYz8dJA4jmRlWtuf7', 'user': {'user_id': 23645861, 'first_name': 'Дмитрий', 'last_name': 'Марков', 'is_bot': False, 'last_activity_time': 1773055281000, 'name': 'Дмитрий Марков'}, 'payload': 'Start'}, 'message': {'recipient': {'chat_id': 233194361, 'chat_type': 'dialog', 'user_id': 23645861}, 'timestamp': 1772831527781, 'body': {'mid': 'mid.000000000de64379019cc4fe53653d9f', 'seq': 116184287004671391, 'text': 'Бот-генератор токенов доступа v.1.2.', 'attachments': [{'callback_id': 'f9LHodD0cOKY7CovsV5zN-JesVrlxP_QNhRuiSCUQzcBspXdRQtYpdTwva6I03tpqpaaSHrgJuhlYDsZa3eGRdBulxsMP-JsOtQsqwsNeJRDcPIZFhNT', 'payload': {'buttons': [[{'payload': 'Start', 'text': 'Начать', 'intent': 'default', 'type': 'callback'}]]}, 'type': 'inline_keyboard'}]}, 'sender': {'user_id': 210669020, 'first_name': 'DASHA_TOKEN_BOT', 'username': 'id575104156000_bot', 'is_bot': True, 'last_activity_time': 1773056555616, 'name': 'DASHA_TOKEN_BOT'}}, 'timestamp': 1772832609583, 'user_locale': 'ru', 'update_type': 'message_callback'}
clb

2026-03-09 14:42:35
string indices must be integers, not 'str'
snd-err

2026-03-09 14:42:37
string indices must be integers, not 'str'
snd-err

2026-03-09 14:42:37
{'callback': {'timestamp': 1772832644094, 'callback_id': 'f9LHodD0cOKkUcpoHP03ZGbZOHAwvZLtLhVo6UkYbgpotVNVoF5lBKTtcXowaqD5_B_3rvhYW3YAtnUJCit5UjpVjDDYofIcGnGh4Zz5x_fg34sNM0OH', 'user': {'user_id': 23645861, 'first_name': 'Дмитрий', 'last_name': 'Марков', 'is_bot': False, 'last_activity_time': 1773055281000, 'name': 'Дмитрий Марков'}, 'payload': 'KBRD.9'}, 'message': {'recipient': {'chat_id': 233194361, 'chat_type': 'dialog', 'user_id': 23645861}, 'timestamp': 1772832613452, 'body': {'mid': 'mid.000000000de64379019cc50ee44c2b9c', 'seq': 116184358155201436, 'text': 'Введите код доступа:  * * * *', 'attachments': [{'callback_id': 'f9LHodD0cOJXma1GbgV6v5vshsdKb8yycfxEKb63Vga6MFrlb2PSJk5ijK7Rh5unAaJoFj-JURTxy5hrExoWmasNzxm6NnZAHEmHlGPhRQOH-yIGyl5S', 'payload': {'buttons': [[{'payload': 'KBRD.7', 'text': '7', 'intent': 'default', 'type': 'callback'}, {'payload': 'KBRD.8', 'text': '8', 'intent': 'default', 'type': 'callback'}, {'payload': 'KBRD.9', 'text': '9', 'intent': 'default', 'type': 'callback'}], [{'payload': 'KBRD.4', 'text': '4', 'intent': 'default', 'type': 'callback'}, {'payload': 'KBRD.5', 'text': '5', 'intent': 'default', 'type': 'callback'}, {'payload': 'KBRD.6', 'text': '6', 'intent': 'default', 'type': 'callback'}], [{'payload': 'KBRD.3', 'text': '3', 'intent': 'default', 'type': 'callback'}, {'payload': 'KBRD.2', 'text': '2', 'intent': 'default', 'type': 'callback'}, {'payload': 'KBRD.1', 'text': '1', 'intent': 'default', 'type': 'callback'}], [{'payload': 'KBRD.0', 'text': '0', 'intent': 'default', 'type': 'callback'}, {'payload': 'KBRD.Cancel', 'text': 'Сброс', 'intent': 'default', 'type': 'callback'}], [{'payload': 'RecoveryAuthorization', 'text': 'Восстановление доступа', 'intent': 'default', 'type': 'callback'}], [{'payload': 'CancelCurrentOperation', 'text': 'Прервать операцию', 'intent': 'default', 'type': 'callback'}]]}, 'type': 'inline_keyboard'}], 'markup': [{'from': 21, 'length': 8, 'type': 'strong'}]}, 'sender': {'user_id': 210669020, 'first_name': 'DASHA_TOKEN_BOT', 'username': 'id575104156000_bot', 'is_bot': True, 'last_activity_time': 1773056555618, 'name': 'DASHA_TOKEN_BOT'}}, 'timestamp': 1772832644094, 'user_locale': 'ru', 'update_type': 'message_callback'}
clb

2026-03-09 14:42:38
23645861
edt

2026-03-09 14:42:38
{'callback': {'timestamp': 1772832645327, 'callback_id': 'f9LHodD0cOJDwKq-fFEgw-Puo4wbh-C84hueTXRwZOmF1ZlNzN1o5qzJFdMjbHSuJyQCFK1oxpe5aSvF3qx0FbVw4Pvo0c1Apdnol0N5kPg2rWgB6aj_', 'user': {'user_id': 23645861, 'first_name': 'Дмитрий', 'last_name': 'Марков', 'is_bot': False, 'last_activity_time': 1773055281000, 'name': 'Дмитрий Марков'}, 'payload': 'KBRD.9'}, 'message': {'recipient': {'chat_id': 233194361, 'chat_type': 'dialog', 'user_id': 23645861}, 'timestamp': 1772832613452, 'body': {'mid': 'mid.000000000de64379019cc50ee44c2b9c', 'seq': 116184358155201436, 'text': 'Введите код доступа:  * * * *', 'attachments': [{'callback_id': 'f9LHodD0cOJ_AUzzKgW8bEZMg5Zi22Hosjw1ItFTfW8EqPoROqWl79rLd4soFdXKC2og7RXOewvMHeAV87uJuRVVDGWIR-IBTay22Vh7QE6Df_a53N_U', 'payload': {'buttons': [[{'payload': 'KBRD.7', 'text': '7', 'intent': 'default', 'type': 'callback'}, {'payload': 'KBRD.8', 'text': '8', 'intent': 'default', 'type': 'callback'}, {'payload': 'KBRD.9', 'text': '9', 'intent': 'default', 'type': 'callback'}], [{'payload': 'KBRD.4', 'text': '4', 'intent': 'default', 'type': 'callback'}, {'payload': 'KBRD.5', 'text': '5', 'intent': 'default', 'type': 'callback'}, {'payload': 'KBRD.6', 'text': '6', 'intent': 'default', 'type': 'callback'}], [{'payload': 'KBRD.3', 'text': '3', 'intent': 'default', 'type': 'callback'}, {'payload': 'KBRD.2', 'text': '2', 'intent': 'default', 'type': 'callback'}, {'payload': 'KBRD.1', 'text': '1', 'intent': 'default', 'type': 'callback'}], [{'payload': 'KBRD.0', 'text': '0', 'intent': 'default', 'type': 'callback'}, {'payload': 'KBRD.Cancel', 'text': 'Сброс', 'intent': 'default', 'type': 'callback'}], [{'payload': 'RecoveryAuthorization', 'text': 'Восстановление доступа', 'intent': 'default', 'type': 'callback'}], [{'payload': 'CancelCurrentOperation', 'text': 'Прервать операцию', 'intent': 'default', 'type': 'callback'}]]}, 'type': 'inline_keyboard'}], 'markup': [{'from': 21, 'length': 8, 'type': 'strong'}]}, 'sender': {'user_id': 210669020, 'first_name': 'DASHA_TOKEN_BOT', 'username': 'id575104156000_bot', 'is_bot': True, 'last_activity_time': 1773056555621, 'name': 'DASHA_TOKEN_BOT'}}, 'timestamp': 1772832645327, 'user_locale': 'ru', 'update_type': 'message_callback'}
clb

2026-03-09 14:42:38
23645861
edt

2026-03-09 14:42:38
{'callback': {'timestamp': 1772832647255, 'callback_id': 'f9LHodD0cOJ9rRNWt2p25IZymr8Xacj3jycmOwp5i1VfbVbpDmiSFqIlsGG2sNCINFqYnGiwX-VDdvynfXhT4BRkytOV2H-6Afk0v_0bDkAkrqY5-KCz', 'user': {'user_id': 23645861, 'first_name': 'Дмитрий', 'last_name': 'Марков', 'is_bot': False, 'last_activity_time': 1773055281000, 'name': 'Дмитрий Марков'}, 'payload': 'KBRD.9'}, 'message': {'recipient': {'chat_id': 233194361, 'chat_type': 'dialog', 'user_id': 23645861}, 'timestamp': 1772832613452, 'body': {'mid': 'mid.000000000de64379019cc50ee44c2b9c', 'seq': 116184358155201436, 'text': 'Введите код доступа:  * * * *', 'attachments': [{'callback_id': 'f9LHodD0cOImUkzQhzcTQhid9BmT6gUJFA2GRklERXaaKxH62mxUcRLI9s0KWERiZaDdIxlsCouG2MjGgWEzL0CHBQdkDaYKGhsLoyTWmKVEjQmRI81T', 'payload': {'buttons': [[{'payload': 'KBRD.7', 'text': '7', 'intent': 'default', 'type': 'callback'}, {'payload': 'KBRD.8', 'text': '8', 'intent': 'default', 'type': 'callback'}, {'payload': 'KBRD.9', 'text': '9', 'intent': 'default', 'type': 'callback'}], [{'payload': 'KBRD.4', 'text': '4', 'intent': 'default', 'type': 'callback'}, {'payload': 'KBRD.5', 'text': '5', 'intent': 'default', 'type': 'callback'}, {'payload': 'KBRD.6', 'text': '6', 'intent': 'default', 'type': 'callback'}], [{'payload': 'KBRD.3', 'text': '3', 'intent': 'default', 'type': 'callback'}, {'payload': 'KBRD.2', 'text': '2', 'intent': 'default', 'type': 'callback'}, {'payload': 'KBRD.1', 'text': '1', 'intent': 'default', 'type': 'callback'}], [{'payload': 'KBRD.0', 'text': '0', 'intent': 'default', 'type': 'callback'}, {'payload': 'KBRD.Cancel', 'text': 'Сброс', 'intent': 'default', 'type': 'callback'}], [{'payload': 'RecoveryAuthorization', 'text': 'Восстановление доступа', 'intent': 'default', 'type': 'callback'}], [{'payload': 'CancelCurrentOperation', 'text': 'Прервать операцию', 'intent': 'default', 'type': 'callback'}]]}, 'type': 'inline_keyboard'}], 'markup': [{'from': 21, 'length': 8, 'type': 'strong'}]}, 'sender': {'user_id': 210669020, 'first_name': 'DASHA_TOKEN_BOT', 'username': 'id575104156000_bot', 'is_bot': True, 'last_activity_time': 1773056555623, 'name': 'DASHA_TOKEN_BOT'}}, 'timestamp': 1772832647255, 'user_locale': 'ru', 'update_type': 'message_callback'}
clb

2026-03-09 14:42:39
23645861
edt

2026-03-09 14:42:39
{'callback': {'timestamp': 1772832649045, 'callback_id': 'f9LHodD0cOIfK8q2g-3MvI9SS4qsHBrTi3hzZZoWDDichQZBa0C1DzBn2ztuvl-XIoY5dyMTr_X81TClGqnIHzWCguMsTMV2NvpLqIHjWOucLjBc7--g', 'user': {'user_id': 23645861, 'first_name': 'Дмитрий', 'last_name': 'Марков', 'is_bot': False, 'last_activity_time': 1773055281000, 'name': 'Дмитрий Марков'}, 'payload': 'KBRD.9'}, 'message': {'recipient': {'chat_id': 233194361, 'chat_type': 'dialog', 'user_id': 23645861}, 'timestamp': 1772832613452, 'body': {'mid': 'mid.000000000de64379019cc50ee44c2b9c', 'seq': 116184358155201436, 'text': 'Введите код доступа:  * * * *', 'attachments': [{'callback_id': 'f9LHodD0cOJMNimQ0QywA9rcVEmxHCR4Ud1Cla-kWHcrL5l_wEj503YZcB5APi9MryWuOgfIbMJwzvOov9bqcfSyT4tP46Lqdrnfce97DgZ4t0D-9Nta', 'payload': {'buttons': [[{'payload': 'KBRD.7', 'text': '7', 'intent': 'default', 'type': 'callback'}, {'payload': 'KBRD.8', 'text': '8', 'intent': 'default', 'type': 'callback'}, {'payload': 'KBRD.9', 'text': '9', 'intent': 'default', 'type': 'callback'}], [{'payload': 'KBRD.4', 'text': '4', 'intent': 'default', 'type': 'callback'}, {'payload': 'KBRD.5', 'text': '5', 'intent': 'default', 'type': 'callback'}, {'payload': 'KBRD.6', 'text': '6', 'intent': 'default', 'type': 'callback'}], [{'payload': 'KBRD.3', 'text': '3', 'intent': 'default', 'type': 'callback'}, {'payload': 'KBRD.2', 'text': '2', 'intent': 'default', 'type': 'callback'}, {'payload': 'KBRD.1', 'text': '1', 'intent': 'default', 'type': 'callback'}], [{'payload': 'KBRD.0', 'text': '0', 'intent': 'default', 'type': 'callback'}, {'payload': 'KBRD.Cancel', 'text': 'Сброс', 'intent': 'default', 'type': 'callback'}], [{'payload': 'RecoveryAuthorization', 'text': 'Восстановление доступа', 'intent': 'default', 'type': 'callback'}], [{'payload': 'CancelCurrentOperation', 'text': 'Прервать операцию', 'intent': 'default', 'type': 'callback'}]]}, 'type': 'inline_keyboard'}], 'markup': [{'from': 21, 'length': 8, 'type': 'strong'}]}, 'sender': {'user_id': 210669020, 'first_name': 'DASHA_TOKEN_BOT', 'username': 'id575104156000_bot', 'is_bot': True, 'last_activity_time': 1773056555626, 'name': 'DASHA_TOKEN_BOT'}}, 'timestamp': 1772832649045, 'user_locale': 'ru', 'update_type': 'message_callback'}
clb

2026-03-09 14:42:40
23645861
edt

2026-03-09 14:43:02
None
del

2026-03-09 14:43:03
string indices must be integers, not 'str'
snd-err

2026-03-09 14:43:34
{'callback': {'timestamp': 1773054251530, 'callback_id': 'f9LHodD0cOKpMRUrFJbVZoY4mMPhyn9qunzOa4CepkzCKzHIgveEhpVZzAtksOKW5tnb3XSUk6aCkH2fukn-HayRhQFjv0RI0ocVz8-Zw5J2VE8ICI3n', 'user': {'user_id': 23645861, 'first_name': 'Дмитрий', 'last_name': 'Марков', 'is_bot': False, 'last_activity_time': 1773055281000, 'name': 'Дмитрий Марков'}, 'payload': 'KBRD.6'}, 'message': {'recipient': {'chat_id': 233194361, 'chat_type': 'dialog', 'user_id': 23645861}, 'timestamp': 1773054249829, 'body': {'mid': 'mid.000000000de64379019cd244cb655bb9', 'seq': 116198883316816825, 'text': 'Введите код доступа:  _ _ _ _', 'attachments': [{'callback_id': 'f9LHodD0cOLs0B4h6eKVGP878NnMBzS2kJUG5c5yEi7xp0TRq8nRFygq3c7nGjJ7HjgF84yrzBLmkpFliOrO_h1oBcp7CHzIHGxWVOu_lOqvwdJyCVL8', 'payload': {'buttons': [[{'payload': 'KBRD.7', 'text': '7', 'intent': 'default', 'type': 'callback'}, {'payload': 'KBRD.8', 'text': '8', 'intent': 'default', 'type': 'callback'}, {'payload': 'KBRD.9', 'text': '9', 'intent': 'default', 'type': 'callback'}], [{'payload': 'KBRD.4', 'text': '4', 'intent': 'default', 'type': 'callback'}, {'payload': 'KBRD.5', 'text': '5', 'intent': 'default', 'type': 'callback'}, {'payload': 'KBRD.6', 'text': '6', 'intent': 'default', 'type': 'callback'}], [{'payload': 'KBRD.3', 'text': '3', 'intent': 'default', 'type': 'callback'}, {'payload': 'KBRD.2', 'text': '2', 'intent': 'default', 'type': 'callback'}, {'payload': 'KBRD.1', 'text': '1', 'intent': 'default', 'type': 'callback'}], [{'payload': 'KBRD.0', 'text': '0', 'intent': 'default', 'type': 'callback'}, {'payload': 'KBRD.Cancel', 'text': 'Сброс', 'intent': 'default', 'type': 'callback'}], [{'payload': 'RecoveryAuthorization', 'text': 'Восстановление доступа', 'intent': 'default', 'type': 'callback'}], [{'payload': 'CancelCurrentOperation', 'text': 'Прервать операцию', 'intent': 'default', 'type': 'callback'}]]}, 'type': 'inline_keyboard'}], 'markup': [{'from': 21, 'length': 8, 'type': 'strong'}]}, 'sender': {'user_id': 210669020, 'first_name': 'DASHA_TOKEN_BOT', 'username': 'id575104156000_bot', 'is_bot': True, 'last_activity_time': 1773056614646, 'name': 'DASHA_TOKEN_BOT'}}, 'timestamp': 1773054251530, 'user_locale': 'ru', 'update_type': 'message_callback'}
clb

2026-03-09 14:43:34
23645861
edt

2026-03-09 14:43:34
{'callback': {'timestamp': 1773054252981, 'callback_id': 'f9LHodD0cOKzQhMjlklJW_WcN-yt5LQUvK1aZSe-pf8IQcYUl8VxfWpEYU6Sc1mw3LW4wFQSDzWpPMXFfL8mwW2J9smf6KVfHpg5igOocd_obHKSaxeU', 'user': {'user_id': 23645861, 'first_name': 'Дмитрий', 'last_name': 'Марков', 'is_bot': False, 'last_activity_time': 1773055281000, 'name': 'Дмитрий Марков'}, 'payload': 'KBRD.1'}, 'message': {'recipient': {'chat_id': 233194361, 'chat_type': 'dialog', 'user_id': 23645861}, 'timestamp': 1773054249829, 'body': {'mid': 'mid.000000000de64379019cd244cb655bb9', 'seq': 116198883316816825, 'text': 'Введите код доступа:  _ _ _ _', 'attachments': [{'callback_id': 'f9LHodD0cOLFD9WvGSuFgvsRlbJU3tg7hq06JG1g9EKU1DLHCGZbOeSP9f8ZPPOtYwYYK8osfKjKKzVhkUftauLt-E7H63R9ScLA_3fAg6nh3Tc8CiI5', 'payload': {'buttons': [[{'payload': 'KBRD.7', 'text': '7', 'intent': 'default', 'type': 'callback'}, {'payload': 'KBRD.8', 'text': '8', 'intent': 'default', 'type': 'callback'}, {'payload': 'KBRD.9', 'text': '9', 'intent': 'default', 'type': 'callback'}], [{'payload': 'KBRD.4', 'text': '4', 'intent': 'default', 'type': 'callback'}, {'payload': 'KBRD.5', 'text': '5', 'intent': 'default', 'type': 'callback'}, {'payload': 'KBRD.6', 'text': '6', 'intent': 'default', 'type': 'callback'}], [{'payload': 'KBRD.3', 'text': '3', 'intent': 'default', 'type': 'callback'}, {'payload': 'KBRD.2', 'text': '2', 'intent': 'default', 'type': 'callback'}, {'payload': 'KBRD.1', 'text': '1', 'intent': 'default', 'type': 'callback'}], [{'payload': 'KBRD.0', 'text': '0', 'intent': 'default', 'type': 'callback'}, {'payload': 'KBRD.Cancel', 'text': 'Сброс', 'intent': 'default', 'type': 'callback'}], [{'payload': 'RecoveryAuthorization', 'text': 'Восстановление доступа', 'intent': 'default', 'type': 'callback'}], [{'payload': 'CancelCurrentOperation', 'text': 'Прервать операцию', 'intent': 'default', 'type': 'callback'}]]}, 'type': 'inline_keyboard'}], 'markup': [{'from': 21, 'length': 8, 'type': 'strong'}]}, 'sender': {'user_id': 210669020, 'first_name': 'DASHA_TOKEN_BOT', 'username': 'id575104156000_bot', 'is_bot': True, 'last_activity_time': 1773056614647, 'name': 'DASHA_TOKEN_BOT'}}, 'timestamp': 1773054252981, 'user_locale': 'ru', 'update_type': 'message_callback'}
clb

2026-03-09 14:43:35
23645861
edt

2026-03-09 14:46:28
mid.000000000de64379019cd26b8b7e0959
snd

2026-03-09 14:46:30
mid.000000000de64379019cd26b92655bac
snd

2026-03-09 14:46:31
mid.000000000de64379019cd26b8b7e0959
del

2026-03-09 14:46:34
{'callback': {'timestamp': 1773056795389, 'callback_id': 'f9LHodD0cOIKWRHMnQHXeSSTnlErTWlcb6D8rvnZB4YRF48N4uliJVpHmy46pTDGimdLixOF9cgq2oj5fNWEfolzW4UW5RQVc8YJFi-FTpNCeRa_nzWb', 'user': {'user_id': 23645861, 'first_name': 'Дмитрий', 'last_name': 'Марков', 'is_bot': False, 'last_activity_time': 1773056784000, 'name': 'Дмитрий Марков'}, 'payload': 'Registration'}, 'message': {'recipient': {'chat_id': 233194361, 'chat_type': 'dialog', 'user_id': 23645861}, 'timestamp': 1773056791141, 'body': {'mid': 'mid.000000000de64379019cd26b92655bac', 'seq': 116199049864240044, 'text': 'Текст для RequiredRegistration не найден', 'attachments': [{'callback_id': 'f9LHodD0cOJVaQB6UQiXAq64eg0LZBRhOdLMon7XTOljmBdxGX-FifQD0aRDFpDm6Qna_9leSipTGbLItjA1qERDCcOEEYNdE47OSUDEECJkdyx7IS1y', 'payload': {'buttons': [[{'payload': 'Registration', 'text': 'Регистрация', 'intent': 'default', 'type': 'callback'}]]}, 'type': 'inline_keyboard'}], 'markup': [{'from': 10, 'length': 20, 'type': 'strong'}]}, 'sender': {'user_id': 210669020, 'first_name': 'DASHA_TOKEN_BOT', 'username': 'id575104156000_bot', 'is_bot': True, 'last_activity_time': 1773056795657, 'name': 'DASHA_TOKEN_BOT'}}, 'timestamp': 1773056795389, 'user_locale': 'ru', 'update_type': 'message_callback'}
clb

2026-03-09 14:46:35
mid.000000000de64379019cd26ba7b00959
snd

2026-03-09 14:46:36
mid.000000000de64379019cd26b92655bac
del

2026-03-09 14:46:37
mid.000000000de64379019cd26bae7f6541
snd

2026-03-09 14:46:40
mid.000000000de64379019cd26bbafe3ffc
snd

2026-03-09 14:46:41
mid.000000000de64379019cd26ba7b00959
del

2026-03-09 14:46:44
{'message': {'recipient': {'chat_id': 233194361, 'chat_type': 'dialog', 'user_id': 210669020}, 'timestamp': 1773056804806, 'body': {'mid': 'mid.000000000de64379019cd26bc7c62a73', 'seq': 116199050759776883, 'text': '', 'attachments': [{'payload': {'vcf_info': 'BEGIN:VCARD\r\nVERSION:3.0\r\nPRODID:ez-vcard 0.10.3\r\nTEL;TYPE=cell:79175560062\r\nFN:Дмитрий Марков\r\nEND:VCARD\r\n', 'max_info': {'user_id': 23645861, 'first_name': 'Дмитрий', 'last_name': 'Марков', 'is_bot': False, 'last_activity_time': 1773056801000, 'name': 'Дмитрий Марков'}}, 'type': 'contact'}]}, 'sender': {'user_id': 23645861, 'first_name': 'Дмитрий', 'last_name': 'Марков', 'is_bot': False, 'last_activity_time': 1773056801000, 'name': 'Дмитрий Марков'}}, 'timestamp': 1773056804806, 'user_locale': 'ru', 'update_type': 'message_created'}
txt

2026-03-09 14:46:45
mid.000000000de64379019cd26bcba20959
snd

2026-03-09 14:46:46
mid.000000000de64379019cd26bc7c62a73
del

2026-03-09 14:46:46
mid.000000000de64379019cd26bbafe3ffc
del

2026-03-09 14:46:49
mid.000000000de64379019cd26bdcf26845
snd

2026-03-09 14:46:50
mid.000000000de64379019cd26bcba20959
del

2026-03-09 16:47:34
mid.000000000de64379019cd2da6b190959
snd

2026-03-09 16:47:35
mid.000000000de64379019cd26bdcf26845
del

2026-03-09 16:47:35
mid.000000000de64379019cd26bae7f6541
del

2026-03-09 16:47:36
None
del

2026-03-09 16:47:37
mid.000000000de64379019cd2da74097dc6
snd

2026-03-09 16:47:37
mid.000000000de64379019cd2da6b190959
del

2026-03-09 16:48:33
{'callback': {'timestamp': 1773064113946, 'callback_id': 'f9LHodD0cOJPepBn-jx8tzs0OjSv93UUnMY7aODiVbmKQv8Qf-UfySIqd9dHai31Cjr4NVHSXolLExNWf0qYXFZ45UdBUtwLsS3ooFEEWLC9sp73TihY', 'user': {'user_id': 23645861, 'first_name': 'Дмитрий', 'last_name': 'Марков', 'is_bot': False, 'last_activity_time': 1773064101000, 'name': 'Дмитрий Марков'}, 'payload': 'Registration'}, 'message': {'recipient': {'chat_id': 233194361, 'chat_type': 'dialog', 'user_id': 23645861}, 'timestamp': 1773064057865, 'body': {'mid': 'mid.000000000de64379019cd2da74097dc6', 'seq': 116199526096272838, 'text': 'Превышено разрешенное время бездействия Бота.', 'attachments': [{'callback_id': 'f9LHodD0cOKdCH_Qmvj-aVXmK1tBUqmAleHOZpNe_VzPG1IGu4Gxo-4kVhX2czzPZ9-Iuc_L4ixos-8YOw0rbtwmllDJaJFnxxeFEP6Mi682fZFK4B_4', 'payload': {'buttons': [[{'payload': 'Registration', 'text': 'Регистрация', 'intent': 'default', 'type': 'callback'}]]}, 'type': 'inline_keyboard'}], 'markup': [{'from': 40, 'length': 4, 'type': 'strong'}]}, 'sender': {'user_id': 210669020, 'first_name': 'DASHA_TOKEN_BOT', 'username': 'id575104156000_bot', 'is_bot': True, 'last_activity_time': 1773064114224, 'name': 'DASHA_TOKEN_BOT'}}, 'timestamp': 1773064113946, 'user_locale': 'ru', 'update_type': 'message_callback'}
clb

2026-03-09 16:48:34
mid.000000000de64379019cd2db52130959
snd

2026-03-09 16:48:34
mid.000000000de64379019cd2da74097dc6
del

2026-03-09 16:48:34
mid.000000000de64379019cd2db551a3dfe
snd

2026-03-09 16:48:35
mid.000000000de64379019cd2db52130959
del

2026-03-09 16:48:39
{'callback': {'timestamp': 1773064119922, 'callback_id': 'f9LHodD0cOIAY30m8jC3uk-11wa3434yqibNPWtesBKb-BIPdA594D2QqJ1b1JN3kj9DhEYErnXl6o9LB6iyAbdLWsFqZYuj3nAuFunRanp1aENQICws', 'user': {'user_id': 23645861, 'first_name': 'Дмитрий', 'last_name': 'Марков', 'is_bot': False, 'last_activity_time': 1773064101000, 'name': 'Дмитрий Марков'}, 'payload': 'Registration'}, 'message': {'recipient': {'chat_id': 233194361, 'chat_type': 'dialog', 'user_id': 23645861}, 'timestamp': 1773064115482, 'body': {'mid': 'mid.000000000de64379019cd2db551a3dfe', 'seq': 116199529872244222, 'text': 'Текст для RequiredRegistration не найден', 'attachments': [{'callback_id': 'f9LHodD0cOL0qwE4nWC-va2aIhBR7l7OVwHrykisacdGugRRDUfCMmYR0-kYQwIbJbw72dCvrBdMvnaFqn-HLn6a-VhKSj9nGm9EBGAQKVCOLcrb57JV', 'payload': {'buttons': [[{'payload': 'Registration', 'text': 'Регистрация', 'intent': 'default', 'type': 'callback'}]]}, 'type': 'inline_keyboard'}], 'markup': [{'from': 10, 'length': 20, 'type': 'strong'}]}, 'sender': {'user_id': 210669020, 'first_name': 'DASHA_TOKEN_BOT', 'username': 'id575104156000_bot', 'is_bot': True, 'last_activity_time': 1773064120199, 'name': 'DASHA_TOKEN_BOT'}}, 'timestamp': 1773064119922, 'user_locale': 'ru', 'update_type': 'message_callback'}
clb

2026-03-09 16:48:39
mid.000000000de64379019cd2db69590959
snd

2026-03-09 16:48:40
mid.000000000de64379019cd2db551a3dfe
del

2026-03-09 16:48:40
mid.000000000de64379019cd2db6c616541
snd

2026-03-09 16:48:41
mid.000000000de64379019cd2db6f6f46a4
snd

2026-03-09 16:48:41
mid.000000000de64379019cd2db69590959
del

2026-03-09 16:48:44
{'message': {'recipient': {'chat_id': 233194361, 'chat_type': 'dialog', 'user_id': 210669020}, 'timestamp': 1773064124859, 'body': {'mid': 'mid.000000000de64379019cd2db79bb2a73', 'seq': 116199530486770291, 'text': '', 'attachments': [{'payload': {'vcf_info': 'BEGIN:VCARD\r\nVERSION:3.0\r\nPRODID:ez-vcard 0.10.3\r\nTEL;TYPE=cell:79175560062\r\nFN:Дмитрий Марков\r\nEND:VCARD\r\n', 'max_info': {'user_id': 23645861, 'first_name': 'Дмитрий', 'last_name': 'Марков', 'is_bot': False, 'last_activity_time': 1773064101000, 'name': 'Дмитрий Марков'}}, 'type': 'contact'}]}, 'sender': {'user_id': 23645861, 'first_name': 'Дмитрий', 'last_name': 'Марков', 'is_bot': False, 'last_activity_time': 1773064101000, 'name': 'Дмитрий Марков'}}, 'timestamp': 1773064124859, 'user_locale': 'ru', 'update_type': 'message_created'}
txt

2026-03-09 16:48:44
mid.000000000de64379019cd2db7b6e0959
snd

2026-03-09 16:48:44
mid.000000000de64379019cd2db79bb2a73
del

2026-03-09 16:48:45
mid.000000000de64379019cd2db6f6f46a4
del

2026-03-09 16:48:46
mid.000000000de64379019cd2db814f3927
snd

2026-03-09 16:48:46
mid.000000000de64379019cd2db7b6e0959
del

2026-03-09 16:48:58
{'message': {'recipient': {'chat_id': 233194361, 'chat_type': 'dialog', 'user_id': 210669020}, 'timestamp': 1773064139381, 'body': {'mid': 'mid.000000000de64379019cd2dbb27529ae', 'seq': 116199531438483886, 'text': '991033097'}, 'sender': {'user_id': 23645861, 'first_name': 'Дмитрий', 'last_name': 'Марков', 'is_bot': False, 'last_activity_time': 1773064137000, 'name': 'Дмитрий Марков'}}, 'timestamp': 1773064139381, 'user_locale': 'ru', 'update_type': 'message_created'}
txt

2026-03-09 16:48:59
mid.000000000de64379019cd2dbb4520959
snd

2026-03-09 16:48:59
mid.000000000de64379019cd2dbb27529ae
del

2026-03-09 16:49:00
mid.000000000de64379019cd2db814f3927
del

2026-03-09 16:49:01
mid.000000000de64379019cd2dbbce134dd
snd

2026-03-09 16:49:01
mid.000000000de64379019cd2dbb4520959
del

2026-03-09 16:49:21
{'message': {'recipient': {'chat_id': 233194361, 'chat_type': 'dialog', 'user_id': 210669020}, 'timestamp': 1773064162584, 'body': {'mid': 'mid.000000000de64379019cd2dc0d180476', 'seq': 116199532959106166, 'text': '390122'}, 'sender': {'user_id': 23645861, 'first_name': 'Дмитрий', 'last_name': 'Марков', 'is_bot': False, 'last_activity_time': 1773064156000, 'name': 'Дмитрий Марков'}}, 'timestamp': 1773064162584, 'user_locale': 'ru', 'update_type': 'message_created'}
txt

2026-03-09 16:49:22
mid.000000000de64379019cd2dc0ee00959
snd

2026-03-09 16:49:22
mid.000000000de64379019cd2dc0d180476
del

2026-03-09 16:49:23
mid.000000000de64379019cd2dbbce134dd
del

2026-03-09 16:49:23
mid.000000000de64379019cd2dc14fc13ea
snd

2026-03-09 16:49:25
mid.000000000de64379019cd2dc19e95df3
snd

2026-03-09 16:49:25
mid.000000000de64379019cd2dc0ee00959
del

2026-03-09 16:49:27
{'callback': {'timestamp': 1773064168320, 'callback_id': 'f9LHodD0cOLHX8RXJaGZ6LZDS5K3Vm_4GxS3s4u75gdPR2lrgBilis0plTovFlu_cpA8U0FAcDRxdFkAI3YycAonWXQur1KXNNKvbRl7I0OtGsHkTNoX', 'user': {'user_id': 23645861, 'first_name': 'Дмитрий', 'last_name': 'Марков', 'is_bot': False, 'last_activity_time': 1773064156000, 'name': 'Дмитрий Марков'}, 'payload': 'KBRD.9'}, 'message': {'recipient': {'chat_id': 233194361, 'chat_type': 'dialog', 'user_id': 23645861}, 'timestamp': 1773064165865, 'body': {'mid': 'mid.000000000de64379019cd2dc19e95df3', 'seq': 116199533174152691, 'text': 'Введите код доступа:  _ _ _ _', 'attachments': [{'callback_id': 'f9LHodD0cOKpJniaCdZYCReiYrrc_3746B44dYJRW6NYoHm8NaXChnHoz014wxf72Eovl93CHH-HxT6NlOApvjzT6eQBMGAdzuEymj-soPAwzKuS5eAq', 'payload': {'buttons': [[{'payload': 'KBRD.7', 'text': '7', 'intent': 'default', 'type': 'callback'}, {'payload': 'KBRD.8', 'text': '8', 'intent': 'default', 'type': 'callback'}, {'payload': 'KBRD.9', 'text': '9', 'intent': 'default', 'type': 'callback'}], [{'payload': 'KBRD.4', 'text': '4', 'intent': 'default', 'type': 'callback'}, {'payload': 'KBRD.5', 'text': '5', 'intent': 'default', 'type': 'callback'}, {'payload': 'KBRD.6', 'text': '6', 'intent': 'default', 'type': 'callback'}], [{'payload': 'KBRD.3', 'text': '3', 'intent': 'default', 'type': 'callback'}, {'payload': 'KBRD.2', 'text': '2', 'intent': 'default', 'type': 'callback'}, {'payload': 'KBRD.1', 'text': '1', 'intent': 'default', 'type': 'callback'}], [{'payload': 'KBRD.0', 'text': '0', 'intent': 'default', 'type': 'callback'}, {'payload': 'KBRD.Cancel', 'text': 'Сброс', 'intent': 'default', 'type': 'callback'}], [{'payload': 'RecoveryAuthorization', 'text': 'Восстановление доступа', 'intent': 'default', 'type': 'callback'}], [{'payload': 'CancelCurrentOperation', 'text': 'Прервать операцию', 'intent': 'default', 'type': 'callback'}]]}, 'type': 'inline_keyboard'}], 'markup': [{'from': 21, 'length': 8, 'type': 'strong'}]}, 'sender': {'user_id': 210669020, 'first_name': 'DASHA_TOKEN_BOT', 'username': 'id575104156000_bot', 'is_bot': True, 'last_activity_time': 1773064168601, 'name': 'DASHA_TOKEN_BOT'}}, 'timestamp': 1773064168320, 'user_locale': 'ru', 'update_type': 'message_callback'}
clb

2026-03-09 16:49:28
23645861
edt

2026-03-09 16:49:28
{'callback': {'timestamp': 1773064169324, 'callback_id': 'f9LHodD0cOIVav5BWP5iZNnDDwKjy1_X5RDh98wf0i8qR_0oCrjKKwUY-6NM550n7y2Z8YhbdcWO8UrvcGGo8PWaBXnIA6IDK68f0a7KhIHwX7Em6Ufx', 'user': {'user_id': 23645861, 'first_name': 'Дмитрий', 'last_name': 'Марков', 'is_bot': False, 'last_activity_time': 1773064156000, 'name': 'Дмитрий Марков'}, 'payload': 'KBRD.9'}, 'message': {'recipient': {'chat_id': 233194361, 'chat_type': 'dialog', 'user_id': 23645861}, 'timestamp': 1773064165865, 'body': {'mid': 'mid.000000000de64379019cd2dc19e95df3', 'seq': 116199533174152691, 'text': 'Введите код доступа:  * _ _ _', 'attachments': [{'callback_id': 'f9LHodD0cOLYRp4Jy80ebJ7qm_s1ekSoIMSryfEsp9ZzbyCFocj97z6ezAVJJbLvttXtUh-NuH98CgijukS59SYu1nOA6fjAwNWwFWhC5SWuxCBoeqag', 'payload': {'buttons': [[{'payload': 'KBRD.7', 'text': '7', 'intent': 'default', 'type': 'callback'}, {'payload': 'KBRD.8', 'text': '8', 'intent': 'default', 'type': 'callback'}, {'payload': 'KBRD.9', 'text': '9', 'intent': 'default', 'type': 'callback'}], [{'payload': 'KBRD.4', 'text': '4', 'intent': 'default', 'type': 'callback'}, {'payload': 'KBRD.5', 'text': '5', 'intent': 'default', 'type': 'callback'}, {'payload': 'KBRD.6', 'text': '6', 'intent': 'default', 'type': 'callback'}], [{'payload': 'KBRD.3', 'text': '3', 'intent': 'default', 'type': 'callback'}, {'payload': 'KBRD.2', 'text': '2', 'intent': 'default', 'type': 'callback'}, {'payload': 'KBRD.1', 'text': '1', 'intent': 'default', 'type': 'callback'}], [{'payload': 'KBRD.0', 'text': '0', 'intent': 'default', 'type': 'callback'}, {'payload': 'KBRD.Cancel', 'text': 'Сброс', 'intent': 'default', 'type': 'callback'}], [{'payload': 'RecoveryAuthorization', 'text': 'Восстановление доступа', 'intent': 'default', 'type': 'callback'}], [{'payload': 'CancelCurrentOperation', 'text': 'Прервать операцию', 'intent': 'default', 'type': 'callback'}]]}, 'type': 'inline_keyboard'}], 'markup': [{'from': 21, 'length': 8, 'type': 'strong'}]}, 'sender': {'user_id': 210669020, 'first_name': 'DASHA_TOKEN_BOT', 'username': 'id575104156000_bot', 'is_bot': True, 'last_activity_time': 1773064169590, 'name': 'DASHA_TOKEN_BOT'}}, 'timestamp': 1773064169324, 'user_locale': 'ru', 'update_type': 'message_callback'}
clb

2026-03-09 16:49:29
23645861
edt

2026-03-09 16:49:29
{'callback': {'timestamp': 1773064170247, 'callback_id': 'f9LHodD0cOKpOy2yfa2vsIlUx6HQMYFioNYFMLW4DInA02_dIJsRelKDjY4Y_UNULpzI7mIkLlHeL47SV7WEm520HrbbubGfDO8yh6At0iM95cRBG6PG', 'user': {'user_id': 23645861, 'first_name': 'Дмитрий', 'last_name': 'Марков', 'is_bot': False, 'last_activity_time': 1773064156000, 'name': 'Дмитрий Марков'}, 'payload': 'KBRD.9'}, 'message': {'recipient': {'chat_id': 233194361, 'chat_type': 'dialog', 'user_id': 23645861}, 'timestamp': 1773064165865, 'body': {'mid': 'mid.000000000de64379019cd2dc19e95df3', 'seq': 116199533174152691, 'text': 'Введите код доступа:  * * _ _', 'attachments': [{'callback_id': 'f9LHodD0cOIMYs8jILxkM7wuod32EFnvwE45qhjCy6koLO6cbojwkXlguPDKt6VsX913J7PrM6lJp4_3dqmPF3S9FaekXXinL0RjEORJ1vXs4uO6tqhV', 'payload': {'buttons': [[{'payload': 'KBRD.7', 'text': '7', 'intent': 'default', 'type': 'callback'}, {'payload': 'KBRD.8', 'text': '8', 'intent': 'default', 'type': 'callback'}, {'payload': 'KBRD.9', 'text': '9', 'intent': 'default', 'type': 'callback'}], [{'payload': 'KBRD.4', 'text': '4', 'intent': 'default', 'type': 'callback'}, {'payload': 'KBRD.5', 'text': '5', 'intent': 'default', 'type': 'callback'}, {'payload': 'KBRD.6', 'text': '6', 'intent': 'default', 'type': 'callback'}], [{'payload': 'KBRD.3', 'text': '3', 'intent': 'default', 'type': 'callback'}, {'payload': 'KBRD.2', 'text': '2', 'intent': 'default', 'type': 'callback'}, {'payload': 'KBRD.1', 'text': '1', 'intent': 'default', 'type': 'callback'}], [{'payload': 'KBRD.0', 'text': '0', 'intent': 'default', 'type': 'callback'}, {'payload': 'KBRD.Cancel', 'text': 'Сброс', 'intent': 'default', 'type': 'callback'}], [{'payload': 'RecoveryAuthorization', 'text': 'Восстановление доступа', 'intent': 'default', 'type': 'callback'}], [{'payload': 'CancelCurrentOperation', 'text': 'Прервать операцию', 'intent': 'default', 'type': 'callback'}]]}, 'type': 'inline_keyboard'}], 'markup': [{'from': 21, 'length': 8, 'type': 'strong'}]}, 'sender': {'user_id': 210669020, 'first_name': 'DASHA_TOKEN_BOT', 'username': 'id575104156000_bot', 'is_bot': True, 'last_activity_time': 1773064170528, 'name': 'DASHA_TOKEN_BOT'}}, 'timestamp': 1773064170247, 'user_locale': 'ru', 'update_type': 'message_callback'}
clb

2026-03-09 16:49:30
23645861
edt

2026-03-09 16:49:30
{'callback': {'timestamp': 1773064171248, 'callback_id': 'f9LHodD0cOIdL9bbh8CEXf1vFGlOEhOUMJnRqdwdA-bfSXCEFp6y-49MMIHMB5-S93Bu4H1pvDAmgcbHfR13CpHp5huhwlhvsRdAfQNnU-nuYl5dlPTT', 'user': {'user_id': 23645861, 'first_name': 'Дмитрий', 'last_name': 'Марков', 'is_bot': False, 'last_activity_time': 1773064156000, 'name': 'Дмитрий Марков'}, 'payload': 'KBRD.9'}, 'message': {'recipient': {'chat_id': 233194361, 'chat_type': 'dialog', 'user_id': 23645861}, 'timestamp': 1773064165865, 'body': {'mid': 'mid.000000000de64379019cd2dc19e95df3', 'seq': 116199533174152691, 'text': 'Введите код доступа:  * * * _', 'attachments': [{'callback_id': 'f9LHodD0cOJ0jNvqfALEFK637o4jBWdTlKDVifs5B5pp5vJ2GnlBqnpIuXwupokRCllf-REYOGUrn3L4MssZGl8qWkvf1TKITE_FwuJc-1TJGLF7VSRE', 'payload': {'buttons': [[{'payload': 'KBRD.7', 'text': '7', 'intent': 'default', 'type': 'callback'}, {'payload': 'KBRD.8', 'text': '8', 'intent': 'default', 'type': 'callback'}, {'payload': 'KBRD.9', 'text': '9', 'intent': 'default', 'type': 'callback'}], [{'payload': 'KBRD.4', 'text': '4', 'intent': 'default', 'type': 'callback'}, {'payload': 'KBRD.5', 'text': '5', 'intent': 'default', 'type': 'callback'}, {'payload': 'KBRD.6', 'text': '6', 'intent': 'default', 'type': 'callback'}], [{'payload': 'KBRD.3', 'text': '3', 'intent': 'default', 'type': 'callback'}, {'payload': 'KBRD.2', 'text': '2', 'intent': 'default', 'type': 'callback'}, {'payload': 'KBRD.1', 'text': '1', 'intent': 'default', 'type': 'callback'}], [{'payload': 'KBRD.0', 'text': '0', 'intent': 'default', 'type': 'callback'}, {'payload': 'KBRD.Cancel', 'text': 'Сброс', 'intent': 'default', 'type': 'callback'}], [{'payload': 'RecoveryAuthorization', 'text': 'Восстановление доступа', 'intent': 'default', 'type': 'callback'}], [{'payload': 'CancelCurrentOperation', 'text': 'Прервать операцию', 'intent': 'default', 'type': 'callback'}]]}, 'type': 'inline_keyboard'}], 'markup': [{'from': 21, 'length': 8, 'type': 'strong'}]}, 'sender': {'user_id': 210669020, 'first_name': 'DASHA_TOKEN_BOT', 'username': 'id575104156000_bot', 'is_bot': True, 'last_activity_time': 1773064171510, 'name': 'DASHA_TOKEN_BOT'}}, 'timestamp': 1773064171248, 'user_locale': 'ru', 'update_type': 'message_callback'}
clb

2026-03-09 16:49:31
23645861
edt

2026-03-09 16:49:31
mid.000000000de64379019cd2dc334d0959
snd

2026-03-09 16:49:32
mid.000000000de64379019cd2dc19e95df3
del

2026-03-09 16:49:32
mid.000000000de64379019cd2dc14fc13ea
del

2026-03-09 16:49:33
mid.000000000de64379019cd2dc39793a1d
snd

2026-03-09 16:49:34
mid.000000000de64379019cd2dc3e042758
snd

2026-03-09 16:49:34
mid.000000000de64379019cd2dc334d0959
del

2026-03-09 16:49:37
{'callback': {'timestamp': 1773064178390, 'callback_id': 'f9LHodD0cOJYNNmkEbEpygGTteZsJSt5k9CF0NFEULpAGCMFtjsvhmsUfrE159hKZOdQuqk78266gWjKBoDqek_VCuLpf7zoCNiZvt73cvDM_r-hn-qb', 'user': {'user_id': 23645861, 'first_name': 'Дмитрий', 'last_name': 'Марков', 'is_bot': False, 'last_activity_time': 1773064176000, 'name': 'Дмитрий Марков'}, 'payload': 'KBRD.9'}, 'message': {'recipient': {'chat_id': 233194361, 'chat_type': 'dialog', 'user_id': 23645861}, 'timestamp': 1773064175108, 'body': {'mid': 'mid.000000000de64379019cd2dc3e042758', 'seq': 116199533779887960, 'text': 'Введите код доступа:  _ _ _ _', 'attachments': [{'callback_id': 'f9LHodD0cOI6f50BGOdNqjSfnjQrDxBIo5f1AM9Rsotm_7tfKQ1AoUdsLcA-H1C-K1TSIMPaEwY73FLyZiX7VplmTHhj2H-X2jjan23X4ClTSDimAtv7', 'payload': {'buttons': [[{'payload': 'KBRD.7', 'text': '7', 'intent': 'default', 'type': 'callback'}, {'payload': 'KBRD.8', 'text': '8', 'intent': 'default', 'type': 'callback'}, {'payload': 'KBRD.9', 'text': '9', 'intent': 'default', 'type': 'callback'}], [{'payload': 'KBRD.4', 'text': '4', 'intent': 'default', 'type': 'callback'}, {'payload': 'KBRD.5', 'text': '5', 'intent': 'default', 'type': 'callback'}, {'payload': 'KBRD.6', 'text': '6', 'intent': 'default', 'type': 'callback'}], [{'payload': 'KBRD.3', 'text': '3', 'intent': 'default', 'type': 'callback'}, {'payload': 'KBRD.2', 'text': '2', 'intent': 'default', 'type': 'callback'}, {'payload': 'KBRD.1', 'text': '1', 'intent': 'default', 'type': 'callback'}], [{'payload': 'KBRD.0', 'text': '0', 'intent': 'default', 'type': 'callback'}, {'payload': 'KBRD.Cancel', 'text': 'Сброс', 'intent': 'default', 'type': 'callback'}], [{'payload': 'RecoveryAuthorization', 'text': 'Восстановление доступа', 'intent': 'default', 'type': 'callback'}], [{'payload': 'CancelCurrentOperation', 'text': 'Прервать операцию', 'intent': 'default', 'type': 'callback'}]]}, 'type': 'inline_keyboard'}], 'markup': [{'from': 21, 'length': 8, 'type': 'strong'}]}, 'sender': {'user_id': 210669020, 'first_name': 'DASHA_TOKEN_BOT', 'username': 'id575104156000_bot', 'is_bot': True, 'last_activity_time': 1773064178701, 'name': 'DASHA_TOKEN_BOT'}}, 'timestamp': 1773064178390, 'user_locale': 'ru', 'update_type': 'message_callback'}
clb

2026-03-09 16:49:38
23645861
edt

2026-03-09 16:49:38
{'callback': {'timestamp': 1773064179424, 'callback_id': 'f9LHodD0cOLyBzAGSJonvX1dnwOQxdbslpLSZXbPw1Ux7XhNZRUxTm-CoTyDgb3dNUzmwy5aKLuGm8F5yRVbUAKqNENA3lLqyqF7lBKuYF_w0AhGMUXF', 'user': {'user_id': 23645861, 'first_name': 'Дмитрий', 'last_name': 'Марков', 'is_bot': False, 'last_activity_time': 1773064176000, 'name': 'Дмитрий Марков'}, 'payload': 'KBRD.9'}, 'message': {'recipient': {'chat_id': 233194361, 'chat_type': 'dialog', 'user_id': 23645861}, 'timestamp': 1773064175108, 'body': {'mid': 'mid.000000000de64379019cd2dc3e042758', 'seq': 116199533779887960, 'text': 'Введите код доступа:  * _ _ _', 'attachments': [{'callback_id': 'f9LHodD0cOJj_2LD9nvacO-2jRbXiveEelkwsx92qo2mLwYrcn_ehWQGxSjAY41E5-prgD7a-qpqugA45r8gWiK0vAlnTKzoDgNjzAzcC7FQoXSvvfNC', 'payload': {'buttons': [[{'payload': 'KBRD.7', 'text': '7', 'intent': 'default', 'type': 'callback'}, {'payload': 'KBRD.8', 'text': '8', 'intent': 'default', 'type': 'callback'}, {'payload': 'KBRD.9', 'text': '9', 'intent': 'default', 'type': 'callback'}], [{'payload': 'KBRD.4', 'text': '4', 'intent': 'default', 'type': 'callback'}, {'payload': 'KBRD.5', 'text': '5', 'intent': 'default', 'type': 'callback'}, {'payload': 'KBRD.6', 'text': '6', 'intent': 'default', 'type': 'callback'}], [{'payload': 'KBRD.3', 'text': '3', 'intent': 'default', 'type': 'callback'}, {'payload': 'KBRD.2', 'text': '2', 'intent': 'default', 'type': 'callback'}, {'payload': 'KBRD.1', 'text': '1', 'intent': 'default', 'type': 'callback'}], [{'payload': 'KBRD.0', 'text': '0', 'intent': 'default', 'type': 'callback'}, {'payload': 'KBRD.Cancel', 'text': 'Сброс', 'intent': 'default', 'type': 'callback'}], [{'payload': 'RecoveryAuthorization', 'text': 'Восстановление доступа', 'intent': 'default', 'type': 'callback'}], [{'payload': 'CancelCurrentOperation', 'text': 'Прервать операцию', 'intent': 'default', 'type': 'callback'}]]}, 'type': 'inline_keyboard'}], 'markup': [{'from': 21, 'length': 8, 'type': 'strong'}]}, 'sender': {'user_id': 210669020, 'first_name': 'DASHA_TOKEN_BOT', 'username': 'id575104156000_bot', 'is_bot': True, 'last_activity_time': 1773064179683, 'name': 'DASHA_TOKEN_BOT'}}, 'timestamp': 1773064179424, 'user_locale': 'ru', 'update_type': 'message_callback'}
clb

2026-03-09 16:49:39
23645861
edt

2026-03-09 16:49:39
{'callback': {'timestamp': 1773064180384, 'callback_id': 'f9LHodD0cOJb5g0assTp-8aXZ4ux6kxdxHQmMywnb6Lw-29KapMoLjzpAEXHVkqjZ-PpjZ4jHXZr_E7WV2QZysTT49ZLF5dZtiaUPVZpWHskqadw1Z1V', 'user': {'user_id': 23645861, 'first_name': 'Дмитрий', 'last_name': 'Марков', 'is_bot': False, 'last_activity_time': 1773064176000, 'name': 'Дмитрий Марков'}, 'payload': 'KBRD.9'}, 'message': {'recipient': {'chat_id': 233194361, 'chat_type': 'dialog', 'user_id': 23645861}, 'timestamp': 1773064175108, 'body': {'mid': 'mid.000000000de64379019cd2dc3e042758', 'seq': 116199533779887960, 'text': 'Введите код доступа:  * * _ _', 'attachments': [{'callback_id': 'f9LHodD0cOLtSHoZXqjJIzepgWe4J2nZovNuLolWPRGwg-m7Y470wSe69nfnzbF8swtdRf2_wKta3qcKoiJn7N147Agan_YN2hyA9cv5mwodaXZPabN8', 'payload': {'buttons': [[{'payload': 'KBRD.7', 'text': '7', 'intent': 'default', 'type': 'callback'}, {'payload': 'KBRD.8', 'text': '8', 'intent': 'default', 'type': 'callback'}, {'payload': 'KBRD.9', 'text': '9', 'intent': 'default', 'type': 'callback'}], [{'payload': 'KBRD.4', 'text': '4', 'intent': 'default', 'type': 'callback'}, {'payload': 'KBRD.5', 'text': '5', 'intent': 'default', 'type': 'callback'}, {'payload': 'KBRD.6', 'text': '6', 'intent': 'default', 'type': 'callback'}], [{'payload': 'KBRD.3', 'text': '3', 'intent': 'default', 'type': 'callback'}, {'payload': 'KBRD.2', 'text': '2', 'intent': 'default', 'type': 'callback'}, {'payload': 'KBRD.1', 'text': '1', 'intent': 'default', 'type': 'callback'}], [{'payload': 'KBRD.0', 'text': '0', 'intent': 'default', 'type': 'callback'}, {'payload': 'KBRD.Cancel', 'text': 'Сброс', 'intent': 'default', 'type': 'callback'}], [{'payload': 'RecoveryAuthorization', 'text': 'Восстановление доступа', 'intent': 'default', 'type': 'callback'}], [{'payload': 'CancelCurrentOperation', 'text': 'Прервать операцию', 'intent': 'default', 'type': 'callback'}]]}, 'type': 'inline_keyboard'}], 'markup': [{'from': 21, 'length': 8, 'type': 'strong'}]}, 'sender': {'user_id': 210669020, 'first_name': 'DASHA_TOKEN_BOT', 'username': 'id575104156000_bot', 'is_bot': True, 'last_activity_time': 1773064180651, 'name': 'DASHA_TOKEN_BOT'}}, 'timestamp': 1773064180384, 'user_locale': 'ru', 'update_type': 'message_callback'}
clb

2026-03-09 16:49:40
23645861
edt

2026-03-09 16:49:41
{'callback': {'timestamp': 1773064181461, 'callback_id': 'f9LHodD0cOJ5zJ1VdboMwzNIQZwcZztLLwzYwZZKCO9p0se3YBV_0ZQn2urtbL1m6juwpJCqmrgpFQ77S4uwQ0or9fXKx4oq3hvrC1SL_yxY3-xYBMVJ', 'user': {'user_id': 23645861, 'first_name': 'Дмитрий', 'last_name': 'Марков', 'is_bot': False, 'last_activity_time': 1773064176000, 'name': 'Дмитрий Марков'}, 'payload': 'KBRD.9'}, 'message': {'recipient': {'chat_id': 233194361, 'chat_type': 'dialog', 'user_id': 23645861}, 'timestamp': 1773064175108, 'body': {'mid': 'mid.000000000de64379019cd2dc3e042758', 'seq': 116199533779887960, 'text': 'Введите код доступа:  * * * _', 'attachments': [{'callback_id': 'f9LHodD0cOK4P2LNc2iV7F96ACq-1V4QcyppaMsKABAwllBfVxw2RyDDKRd3sDCYQ4mto5mfo9n0E3xSnCvtDFGGZ8lSaYr1P69ssU9zYKG2SE8_CCLY', 'payload': {'buttons': [[{'payload': 'KBRD.7', 'text': '7', 'intent': 'default', 'type': 'callback'}, {'payload': 'KBRD.8', 'text': '8', 'intent': 'default', 'type': 'callback'}, {'payload': 'KBRD.9', 'text': '9', 'intent': 'default', 'type': 'callback'}], [{'payload': 'KBRD.4', 'text': '4', 'intent': 'default', 'type': 'callback'}, {'payload': 'KBRD.5', 'text': '5', 'intent': 'default', 'type': 'callback'}, {'payload': 'KBRD.6', 'text': '6', 'intent': 'default', 'type': 'callback'}], [{'payload': 'KBRD.3', 'text': '3', 'intent': 'default', 'type': 'callback'}, {'payload': 'KBRD.2', 'text': '2', 'intent': 'default', 'type': 'callback'}, {'payload': 'KBRD.1', 'text': '1', 'intent': 'default', 'type': 'callback'}], [{'payload': 'KBRD.0', 'text': '0', 'intent': 'default', 'type': 'callback'}, {'payload': 'KBRD.Cancel', 'text': 'Сброс', 'intent': 'default', 'type': 'callback'}], [{'payload': 'RecoveryAuthorization', 'text': 'Восстановление доступа', 'intent': 'default', 'type': 'callback'}], [{'payload': 'CancelCurrentOperation', 'text': 'Прервать операцию', 'intent': 'default', 'type': 'callback'}]]}, 'type': 'inline_keyboard'}], 'markup': [{'from': 21, 'length': 8, 'type': 'strong'}]}, 'sender': {'user_id': 210669020, 'first_name': 'DASHA_TOKEN_BOT', 'username': 'id575104156000_bot', 'is_bot': True, 'last_activity_time': 1773064181739, 'name': 'DASHA_TOKEN_BOT'}}, 'timestamp': 1773064181461, 'user_locale': 'ru', 'update_type': 'message_callback'}
clb

2026-03-09 16:49:41
23645861
edt

2026-03-09 16:49:41
mid.000000000de64379019cd2dc5b000959
snd

2026-03-09 16:49:42
mid.000000000de64379019cd2dc3e042758
del

2026-03-09 16:49:42
mid.000000000de64379019cd2dc39793a1d
del

2026-03-09 16:49:43
mid.000000000de64379019cd2db6c616541
del

2026-03-09 16:49:43
mid.000000000de64379019cd2dc61a75dfe
snd

2026-03-09 16:49:43
mid.000000000de64379019cd2dc5b000959
del

2026-03-09 16:49:57
{'callback': {'timestamp': 1773064197795, 'callback_id': 'f9LHodD0cOIhuq37aIS9KeRFLeyeIDArAEMX1JNdC_ttp8ZZDsGNRpSoN_Iut4S_jvchxo5YRmErN5rgQv10YLh6m82M5omjgdRrauLLwT7VmsxGEb8i', 'user': {'user_id': 23645861, 'first_name': 'Дмитрий', 'last_name': 'Марков', 'is_bot': False, 'last_activity_time': 1773064194000, 'name': 'Дмитрий Марков'}, 'payload': 'GetNewToken'}, 'message': {'recipient': {'chat_id': 233194361, 'chat_type': 'dialog', 'user_id': 23645861}, 'timestamp': 1773064184231, 'body': {'mid': 'mid.000000000de64379019cd2dc61a75dfe', 'seq': 116199534377786878, 'text': 'Выберите команду меню Бота или получите Новый токен.', 'attachments': [{'callback_id': 'f9LHodD0cOLpwNQn6COrvkegnamTCB0CYCQoTGgd2w6nitZJCLMUHqoAA9-1A3L7C8u0WmBfpERiT1SS0zR-sIKJGOBN0fUz21NE37B7950D0bbPpNx_', 'payload': {'buttons': [[{'payload': 'MainMenu', 'text': 'Главное меню', 'intent': 'default', 'type': 'callback'}], [{'payload': 'GetNewToken', 'text': 'Новый токен', 'intent': 'default', 'type': 'callback'}]]}, 'type': 'inline_keyboard'}], 'markup': [{'from': 40, 'length': 11, 'type': 'strong'}]}, 'sender': {'user_id': 210669020, 'first_name': 'DASHA_TOKEN_BOT', 'username': 'id575104156000_bot', 'is_bot': True, 'last_activity_time': 1773064198090, 'name': 'DASHA_TOKEN_BOT'}}, 'timestamp': 1773064197795, 'user_locale': 'ru', 'update_type': 'message_callback'}
clb

2026-03-09 16:49:57
mid.000000000de64379019cd2dc99c40959
snd

2026-03-09 16:49:58
mid.000000000de64379019cd2dc61a75dfe
del

2026-03-09 16:49:58
mid.000000000de64379019cd2dc9cf42f17
snd

2026-03-09 16:49:59
mid.000000000de64379019cd2dca0275c78
snd

2026-03-09 16:49:59
mid.000000000de64379019cd2dc99c40959
del

2026-03-09 16:50:29
mid.000000000de64379019cd2dca0275c78
del

2026-03-09 16:50:30
mid.000000000de64379019cd2dc9cf42f17
del

2026-03-09 16:50:30
mid.000000000de64379019cd2dd1a026151
snd

2026-03-09 16:53:08
mid.000000000de64379019cd2df831d0959
snd

2026-03-09 16:53:09
mid.000000000de64379019cd2dd1a026151
del

2026-03-09 16:53:09
mid.000000000de64379019cd2df86402085
snd

2026-03-09 16:53:09
mid.000000000de64379019cd2df831d0959
del

2026-03-09 16:59:16
{'callback': {'timestamp': 1773064756675, 'callback_id': 'f9LHodD0cOIKLPyAnbiSa9a44izYs12a5QJ-D3iCyZgHxirn4rCH6qLFGseSLgUKbxpxamrS14iiLmVgTtaO2KEoEWB4RopqHZrJR_sqOhZM6kHn8l31', 'user': {'user_id': 23645861, 'first_name': 'Дмитрий', 'last_name': 'Марков', 'is_bot': False, 'last_activity_time': 1773064743000, 'name': 'Дмитрий Марков'}, 'payload': 'Authorization'}, 'message': {'recipient': {'chat_id': 233194361, 'chat_type': 'dialog', 'user_id': 23645861}, 'timestamp': 1773064390208, 'body': {'mid': 'mid.000000000de64379019cd2df86402085', 'seq': 116199547876679813, 'text': 'Превышено разрешенное время бездействия Бота.', 'attachments': [{'callback_id': 'f9LHodD0cOLH-_KgbPSYWTcSQz7nhKOBtsOwUfO8whvH0KrvPyayD86yR1cHW39S8SUtVbfHM2A3jexCBCTWxvv-ubpSS-qRTLzBzVhD0x99ahUgm7oY', 'payload': {'buttons': [[{'payload': 'Authorization', 'text': 'Авторизоваться', 'intent': 'default', 'type': 'callback'}]]}, 'type': 'inline_keyboard'}], 'markup': [{'from': 40, 'length': 4, 'type': 'strong'}]}, 'sender': {'user_id': 210669020, 'first_name': 'DASHA_TOKEN_BOT', 'username': 'id575104156000_bot', 'is_bot': True, 'last_activity_time': 1773064756951, 'name': 'DASHA_TOKEN_BOT'}}, 'timestamp': 1773064756675, 'user_locale': 'ru', 'update_type': 'message_callback'}
clb

2026-03-09 16:59:16
mid.000000000de64379019cd2e520ac0959
snd

2026-03-09 16:59:17
mid.000000000de64379019cd2df86402085
del

2026-03-09 16:59:17
mid.000000000de64379019cd2e523bc2f5d
snd

2026-03-09 16:59:18
mid.000000000de64379019cd2e526d30f8f
snd

2026-03-09 16:59:18
mid.000000000de64379019cd2e520ac0959
del

2026-03-09 16:59:20
{'callback': {'timestamp': 1773064760671, 'callback_id': 'f9LHodD0cOJHLfrkMD2dSoLnbXSvSUP4IR5BO07nORzem1BA_iHFqDPGzydxEgUa3eWi63Kk7Y5csQH9J9KGNKaFCwp1q6ykA-RRf84pLHosI8CjdVNk', 'user': {'user_id': 23645861, 'first_name': 'Дмитрий', 'last_name': 'Марков', 'is_bot': False, 'last_activity_time': 1773064743000, 'name': 'Дмитрий Марков'}, 'payload': 'KBRD.9'}, 'message': {'recipient': {'chat_id': 233194361, 'chat_type': 'dialog', 'user_id': 23645861}, 'timestamp': 1773064758995, 'body': {'mid': 'mid.000000000de64379019cd2e526d30f8f', 'seq': 116199572045500303, 'text': 'Введите код доступа:  _ _ _ _', 'attachments': [{'callback_id': 'f9LHodD0cOLQ1BUjRRQ0n9dBTS_SGPuSsMyXSztw0BOQudFYK0-6YNRNAqMfh_p3nHtIjJt6QjnnTFD2YsqnjwGwEr5No5qR-8AIMOY_d2S1hv8w6_Rm', 'payload': {'buttons': [[{'payload': 'KBRD.7', 'text': '7', 'intent': 'default', 'type': 'callback'}, {'payload': 'KBRD.8', 'text': '8', 'intent': 'default', 'type': 'callback'}, {'payload': 'KBRD.9', 'text': '9', 'intent': 'default', 'type': 'callback'}], [{'payload': 'KBRD.4', 'text': '4', 'intent': 'default', 'type': 'callback'}, {'payload': 'KBRD.5', 'text': '5', 'intent': 'default', 'type': 'callback'}, {'payload': 'KBRD.6', 'text': '6', 'intent': 'default', 'type': 'callback'}], [{'payload': 'KBRD.3', 'text': '3', 'intent': 'default', 'type': 'callback'}, {'payload': 'KBRD.2', 'text': '2', 'intent': 'default', 'type': 'callback'}, {'payload': 'KBRD.1', 'text': '1', 'intent': 'default', 'type': 'callback'}], [{'payload': 'KBRD.0', 'text': '0', 'intent': 'default', 'type': 'callback'}, {'payload': 'KBRD.Cancel', 'text': 'Сброс', 'intent': 'default', 'type': 'callback'}], [{'payload': 'RecoveryAuthorization', 'text': 'Восстановление доступа', 'intent': 'default', 'type': 'callback'}], [{'payload': 'CancelCurrentOperation', 'text': 'Прервать операцию', 'intent': 'default', 'type': 'callback'}]]}, 'type': 'inline_keyboard'}], 'markup': [{'from': 21, 'length': 8, 'type': 'strong'}]}, 'sender': {'user_id': 210669020, 'first_name': 'DASHA_TOKEN_BOT', 'username': 'id575104156000_bot', 'is_bot': True, 'last_activity_time': 1773064760966, 'name': 'DASHA_TOKEN_BOT'}}, 'timestamp': 1773064760671, 'user_locale': 'ru', 'update_type': 'message_callback'}
clb

2026-03-09 16:59:20
23645861
edt

2026-03-09 16:59:21
{'callback': {'timestamp': 1773064761851, 'callback_id': 'f9LHodD0cOJCI76pOJ2bUF8xgFkYZpZeUxbtz9c82fMJ4RHkNbMdr82EOD4qxsggUHoBU_mDXf2MU1rylnPxAVi-sWOdMFfYzDPwCau_KQn8X8uYcovB', 'user': {'user_id': 23645861, 'first_name': 'Дмитрий', 'last_name': 'Марков', 'is_bot': False, 'last_activity_time': 1773064743000, 'name': 'Дмитрий Марков'}, 'payload': 'KBRD.9'}, 'message': {'recipient': {'chat_id': 233194361, 'chat_type': 'dialog', 'user_id': 23645861}, 'timestamp': 1773064758995, 'body': {'mid': 'mid.000000000de64379019cd2e526d30f8f', 'seq': 116199572045500303, 'text': 'Введите код доступа:  * _ _ _', 'attachments': [{'callback_id': 'f9LHodD0cOIgpV2vCWTDKI6mD_p12tKxapcE5pyodi8vbmL4jhh_amCd66_-6G2iTv8ALwIQZcfC1vStQNzfYJFWBN-l5Zz69TJKebDvcaSKAIJ-jFcr', 'payload': {'buttons': [[{'payload': 'KBRD.7', 'text': '7', 'intent': 'default', 'type': 'callback'}, {'payload': 'KBRD.8', 'text': '8', 'intent': 'default', 'type': 'callback'}, {'payload': 'KBRD.9', 'text': '9', 'intent': 'default', 'type': 'callback'}], [{'payload': 'KBRD.4', 'text': '4', 'intent': 'default', 'type': 'callback'}, {'payload': 'KBRD.5', 'text': '5', 'intent': 'default', 'type': 'callback'}, {'payload': 'KBRD.6', 'text': '6', 'intent': 'default', 'type': 'callback'}], [{'payload': 'KBRD.3', 'text': '3', 'intent': 'default', 'type': 'callback'}, {'payload': 'KBRD.2', 'text': '2', 'intent': 'default', 'type': 'callback'}, {'payload': 'KBRD.1', 'text': '1', 'intent': 'default', 'type': 'callback'}], [{'payload': 'KBRD.0', 'text': '0', 'intent': 'default', 'type': 'callback'}, {'payload': 'KBRD.Cancel', 'text': 'Сброс', 'intent': 'default', 'type': 'callback'}], [{'payload': 'RecoveryAuthorization', 'text': 'Восстановление доступа', 'intent': 'default', 'type': 'callback'}], [{'payload': 'CancelCurrentOperation', 'text': 'Прервать операцию', 'intent': 'default', 'type': 'callback'}]]}, 'type': 'inline_keyboard'}], 'markup': [{'from': 21, 'length': 8, 'type': 'strong'}]}, 'sender': {'user_id': 210669020, 'first_name': 'DASHA_TOKEN_BOT', 'username': 'id575104156000_bot', 'is_bot': True, 'last_activity_time': 1773064762130, 'name': 'DASHA_TOKEN_BOT'}}, 'timestamp': 1773064761851, 'user_locale': 'ru', 'update_type': 'message_callback'}
clb

2026-03-09 16:59:21
23645861
edt

2026-03-09 16:59:22
{'callback': {'timestamp': 1773064762848, 'callback_id': 'f9LHodD0cOJi2ktZz3nrF3BleFtmhdaIlN1yq9zPFColsntxlgN37yDIWhz3B3paMgOrMKqGUo4sEd9aIXlXSxUpd4Z2Q6luHe0M_C_G3YbQhWG_bCLo', 'user': {'user_id': 23645861, 'first_name': 'Дмитрий', 'last_name': 'Марков', 'is_bot': False, 'last_activity_time': 1773064743000, 'name': 'Дмитрий Марков'}, 'payload': 'KBRD.9'}, 'message': {'recipient': {'chat_id': 233194361, 'chat_type': 'dialog', 'user_id': 23645861}, 'timestamp': 1773064758995, 'body': {'mid': 'mid.000000000de64379019cd2e526d30f8f', 'seq': 116199572045500303, 'text': 'Введите код доступа:  * * _ _', 'attachments': [{'callback_id': 'f9LHodD0cOJkEQBmXIx-En0OP25SS33Z3i8rB7TVDqv_zDkBFOPrL490vwz0xGKZeCtcAvBR0uGiaG6uTYBXar6MWsi-RKkM0uTF1C9_a7NH_kE1fVDS', 'payload': {'buttons': [[{'payload': 'KBRD.7', 'text': '7', 'intent': 'default', 'type': 'callback'}, {'payload': 'KBRD.8', 'text': '8', 'intent': 'default', 'type': 'callback'}, {'payload': 'KBRD.9', 'text': '9', 'intent': 'default', 'type': 'callback'}], [{'payload': 'KBRD.4', 'text': '4', 'intent': 'default', 'type': 'callback'}, {'payload': 'KBRD.5', 'text': '5', 'intent': 'default', 'type': 'callback'}, {'payload': 'KBRD.6', 'text': '6', 'intent': 'default', 'type': 'callback'}], [{'payload': 'KBRD.3', 'text': '3', 'intent': 'default', 'type': 'callback'}, {'payload': 'KBRD.2', 'text': '2', 'intent': 'default', 'type': 'callback'}, {'payload': 'KBRD.1', 'text': '1', 'intent': 'default', 'type': 'callback'}], [{'payload': 'KBRD.0', 'text': '0', 'intent': 'default', 'type': 'callback'}, {'payload': 'KBRD.Cancel', 'text': 'Сброс', 'intent': 'default', 'type': 'callback'}], [{'payload': 'RecoveryAuthorization', 'text': 'Восстановление доступа', 'intent': 'default', 'type': 'callback'}], [{'payload': 'CancelCurrentOperation', 'text': 'Прервать операцию', 'intent': 'default', 'type': 'callback'}]]}, 'type': 'inline_keyboard'}], 'markup': [{'from': 21, 'length': 8, 'type': 'strong'}]}, 'sender': {'user_id': 210669020, 'first_name': 'DASHA_TOKEN_BOT', 'username': 'id575104156000_bot', 'is_bot': True, 'last_activity_time': 1773064763111, 'name': 'DASHA_TOKEN_BOT'}}, 'timestamp': 1773064762848, 'user_locale': 'ru', 'update_type': 'message_callback'}
clb

2026-03-09 16:59:22
23645861
edt

2026-03-09 16:59:23
{'callback': {'timestamp': 1773064764082, 'callback_id': 'f9LHodD0cOKj9NBXfmyCaNjJynT39dWg9OBUgr6y7neKzZnzgj6Od9xmRfZlnHkycBbgQFf1iYm6CDBaOw3ps9exajH9kXDQZ3umtOpdSJr7LQj9Lyuy', 'user': {'user_id': 23645861, 'first_name': 'Дмитрий', 'last_name': 'Марков', 'is_bot': False, 'last_activity_time': 1773064743000, 'name': 'Дмитрий Марков'}, 'payload': 'KBRD.9'}, 'message': {'recipient': {'chat_id': 233194361, 'chat_type': 'dialog', 'user_id': 23645861}, 'timestamp': 1773064758995, 'body': {'mid': 'mid.000000000de64379019cd2e526d30f8f', 'seq': 116199572045500303, 'text': 'Введите код доступа:  * * * _', 'attachments': [{'callback_id': 'f9LHodD0cOLQEAI68y_zTKuEx48LZbk5_HUyT_BrAyc4T5apmYFlqVrpnvWW33dWezSGJdvG2JuIwucDLgZCtfBviDX0U36j4rXEnJODds-na870hQfw', 'payload': {'buttons': [[{'payload': 'KBRD.7', 'text': '7', 'intent': 'default', 'type': 'callback'}, {'payload': 'KBRD.8', 'text': '8', 'intent': 'default', 'type': 'callback'}, {'payload': 'KBRD.9', 'text': '9', 'intent': 'default', 'type': 'callback'}], [{'payload': 'KBRD.4', 'text': '4', 'intent': 'default', 'type': 'callback'}, {'payload': 'KBRD.5', 'text': '5', 'intent': 'default', 'type': 'callback'}, {'payload': 'KBRD.6', 'text': '6', 'intent': 'default', 'type': 'callback'}], [{'payload': 'KBRD.3', 'text': '3', 'intent': 'default', 'type': 'callback'}, {'payload': 'KBRD.2', 'text': '2', 'intent': 'default', 'type': 'callback'}, {'payload': 'KBRD.1', 'text': '1', 'intent': 'default', 'type': 'callback'}], [{'payload': 'KBRD.0', 'text': '0', 'intent': 'default', 'type': 'callback'}, {'payload': 'KBRD.Cancel', 'text': 'Сброс', 'intent': 'default', 'type': 'callback'}], [{'payload': 'RecoveryAuthorization', 'text': 'Восстановление доступа', 'intent': 'default', 'type': 'callback'}], [{'payload': 'CancelCurrentOperation', 'text': 'Прервать операцию', 'intent': 'default', 'type': 'callback'}]]}, 'type': 'inline_keyboard'}], 'markup': [{'from': 21, 'length': 8, 'type': 'strong'}]}, 'sender': {'user_id': 210669020, 'first_name': 'DASHA_TOKEN_BOT', 'username': 'id575104156000_bot', 'is_bot': True, 'last_activity_time': 1773064764333, 'name': 'DASHA_TOKEN_BOT'}}, 'timestamp': 1773064764082, 'user_locale': 'ru', 'update_type': 'message_callback'}
clb

2026-03-09 16:59:24
23645861
edt

2026-03-09 16:59:24
mid.000000000de64379019cd2e53f230959
snd

2026-03-09 16:59:24
mid.000000000de64379019cd2e526d30f8f
del

2026-03-09 16:59:25
mid.000000000de64379019cd2e523bc2f5d
del

2026-03-09 16:59:25
mid.000000000de64379019cd2e543f01ffe
snd

2026-03-09 16:59:26
mid.000000000de64379019cd2e53f230959
del

2026-03-09 16:59:28
{'callback': {'timestamp': 1773064768629, 'callback_id': 'f9LHodD0cOJuNG-CPEClr1dE9LDNeMFWG5NELczX2jy_JY5g_CA3LrbNiMdov1x4lmwa7w_GKh9ae9K1dJx57kj00Jd1Wn4cixRgV3bTBe5JYpnDClaM', 'user': {'user_id': 23645861, 'first_name': 'Дмитрий', 'last_name': 'Марков', 'is_bot': False, 'last_activity_time': 1773064767000, 'name': 'Дмитрий Марков'}, 'payload': 'GetNewToken'}, 'message': {'recipient': {'chat_id': 233194361, 'chat_type': 'dialog', 'user_id': 23645861}, 'timestamp': 1773064766448, 'body': {'mid': 'mid.000000000de64379019cd2e543f01ffe', 'seq': 116199572533944318, 'text': 'Выберите команду меню Бота или получите Новый токен.', 'attachments': [{'callback_id': 'f9LHodD0cOJhLjUdsPJRYOcceoGChOx8VTvEKCvV8IkeVZ4M5Hbynz7TuYb3VEdP5tc-NgUtpNtbekWb-W0oBrOvoRu9qPk1bH6s5IWKemcKdXCkw_S2', 'payload': {'buttons': [[{'payload': 'MainMenu', 'text': 'Главное меню', 'intent': 'default', 'type': 'callback'}], [{'payload': 'GetNewToken', 'text': 'Новый токен', 'intent': 'default', 'type': 'callback'}]]}, 'type': 'inline_keyboard'}], 'markup': [{'from': 40, 'length': 11, 'type': 'strong'}]}, 'sender': {'user_id': 210669020, 'first_name': 'DASHA_TOKEN_BOT', 'username': 'id575104156000_bot', 'is_bot': True, 'last_activity_time': 1773064768913, 'name': 'DASHA_TOKEN_BOT'}}, 'timestamp': 1773064768629, 'user_locale': 'ru', 'update_type': 'message_callback'}
clb

2026-03-09 16:59:28
mid.000000000de64379019cd2e54f590959
snd

2026-03-09 16:59:29
mid.000000000de64379019cd2e543f01ffe
del

2026-03-09 16:59:29
mid.000000000de64379019cd2e552a12f17
snd

2026-03-09 16:59:30
mid.000000000de64379019cd2e555cb35fc
snd

2026-03-09 16:59:30
mid.000000000de64379019cd2e54f590959
del

2026-03-09 17:00:00
mid.000000000de64379019cd2e555cb35fc
del

2026-03-09 17:00:01
mid.000000000de64379019cd2e552a12f17
del

2026-03-09 17:00:01
mid.000000000de64379019cd2e5d0205a00
snd

2026-03-09 17:02:36
mid.000000000de64379019cd2e82b4a0959
snd

2026-03-09 17:02:36
mid.000000000de64379019cd2e5d0205a00
del

2026-03-09 17:02:36
mid.000000000de64379019cd2e82e41447c
snd

2026-03-09 17:02:37
mid.000000000de64379019cd2e82b4a0959
del

2026-03-09 18:03:18
mid.000000000de64379019cd31fbd9c3ba1
snd

2026-03-09 18:03:18
mid.000000000de64379019cd2e82e41447c
del

2026-03-09 19:09:11
mid.000000000de64379019cd35c0dbe4f91
snd

2026-03-09 19:09:12
mid.000000000de64379019cd31fbd9c3ba1
del

2026-03-09 19:35:13
{'callback': {'timestamp': 1773074113217, 'callback_id': 'f9LHodD0cOIJmCN3SGxrZXJOiJrVAQ3glk-1r6RysBl6QfyfcO5Fu4jQaRR4PSKtWiEbus4clawvvPLJr-nzMFqucizxUVoERiDhGHF9maAecSMUvRqh', 'user': {'user_id': 23645861, 'first_name': 'Дмитрий', 'last_name': 'Марков', 'is_bot': False, 'last_activity_time': 1773074109000, 'name': 'Дмитрий Марков'}, 'payload': 'Start'}, 'message': {'recipient': {'chat_id': 233194361, 'chat_type': 'dialog', 'user_id': 23645861}, 'timestamp': 1773072551358, 'body': {'mid': 'mid.000000000de64379019cd35c0dbe4f91', 'seq': 116200082725818257, 'text': 'Бот-генератор токенов доступа v.1.2.', 'attachments': [{'callback_id': 'f9LHodD0cOIX6v5mqng2ZiU-rrYyf3Rxmli49cmjiWDFqNxz7KJuydH5V9Zcawdvo3_iQozqPWalijRSFQd6fi4k29qWsXtmLFJq2ZmkoK36PgjcB117', 'payload': {'buttons': [[{'payload': 'Start', 'text': 'Начать', 'intent': 'default', 'type': 'callback'}]]}, 'type': 'inline_keyboard'}]}, 'sender': {'user_id': 210669020, 'first_name': 'DASHA_TOKEN_BOT', 'username': 'id575104156000_bot', 'is_bot': True, 'last_activity_time': 1773074113519, 'name': 'DASHA_TOKEN_BOT'}}, 'timestamp': 1773074113217, 'user_locale': 'ru', 'update_type': 'message_callback'}
clb

2026-03-09 19:35:14
mid.000000000de64379019cd373e7070959
snd

2026-03-09 19:35:14
mid.000000000de64379019cd35c0dbe4f91
del

2026-03-09 19:35:15
mid.000000000de64379019cd373ec7371ec
snd

2026-03-09 19:35:17
mid.000000000de64379019cd373f27a7e10
snd

2026-03-09 19:35:17
mid.000000000de64379019cd373e7070959
del

2026-03-09 19:35:18
{'callback': {'timestamp': 1773074118670, 'callback_id': 'f9LHodD0cOLHY1HBrHSDWTr-FbhwUASR2DYLXcAQF2mfHBehBsl_-IBIGn7gnVI4JYN7Mwjn8HC8u-b0SBYbXLxJDlpCuGrWCbsQPhYndjTjFtSQ6Ibh', 'user': {'user_id': 23645861, 'first_name': 'Дмитрий', 'last_name': 'Марков', 'is_bot': False, 'last_activity_time': 1773074109000, 'name': 'Дмитрий Марков'}, 'payload': 'KBRD.9'}, 'message': {'recipient': {'chat_id': 233194361, 'chat_type': 'dialog', 'user_id': 23645861}, 'timestamp': 1773074117242, 'body': {'mid': 'mid.000000000de64379019cd373f27a7e10', 'seq': 116200185347603984, 'text': 'Введите код доступа:  _ _ _ _', 'attachments': [{'callback_id': 'f9LHodD0cOKJ7EmUgpEStPspR1cXgyiCL4BA0RGv8Ep8kdj1PahXOoxLg0l14paxq-K74pipM36sOm3Y1sNAsNTI_8YVTOg781Z4UJAhLxPrLgzGyF86', 'payload': {'buttons': [[{'payload': 'KBRD.7', 'text': '7', 'intent': 'default', 'type': 'callback'}, {'payload': 'KBRD.8', 'text': '8', 'intent': 'default', 'type': 'callback'}, {'payload': 'KBRD.9', 'text': '9', 'intent': 'default', 'type': 'callback'}], [{'payload': 'KBRD.4', 'text': '4', 'intent': 'default', 'type': 'callback'}, {'payload': 'KBRD.5', 'text': '5', 'intent': 'default', 'type': 'callback'}, {'payload': 'KBRD.6', 'text': '6', 'intent': 'default', 'type': 'callback'}], [{'payload': 'KBRD.3', 'text': '3', 'intent': 'default', 'type': 'callback'}, {'payload': 'KBRD.2', 'text': '2', 'intent': 'default', 'type': 'callback'}, {'payload': 'KBRD.1', 'text': '1', 'intent': 'default', 'type': 'callback'}], [{'payload': 'KBRD.0', 'text': '0', 'intent': 'default', 'type': 'callback'}, {'payload': 'KBRD.Cancel', 'text': 'Сброс', 'intent': 'default', 'type': 'callback'}], [{'payload': 'RecoveryAuthorization', 'text': 'Восстановление доступа', 'intent': 'default', 'type': 'callback'}], [{'payload': 'CancelCurrentOperation', 'text': 'Прервать операцию', 'intent': 'default', 'type': 'callback'}]]}, 'type': 'inline_keyboard'}], 'markup': [{'from': 21, 'length': 8, 'type': 'strong'}]}, 'sender': {'user_id': 210669020, 'first_name': 'DASHA_TOKEN_BOT', 'username': 'id575104156000_bot', 'is_bot': True, 'last_activity_time': 1773074118982, 'name': 'DASHA_TOKEN_BOT'}}, 'timestamp': 1773074118670, 'user_locale': 'ru', 'update_type': 'message_callback'}
clb

2026-03-09 19:35:19
23645861
edt

2026-03-09 19:35:20
{'callback': {'timestamp': 1773074119362, 'callback_id': 'f9LHodD0cOJ0MnQbO5Ssa0VPxSdDL2f0v3lUjbzHgzE_I1X6AOn3w1LhE8Ce-NGFke3YAkO7v-oy4Qf4DVfNBbnXwMbtFy74XmMSpw3vse6q-2nnL8i_', 'user': {'user_id': 23645861, 'first_name': 'Дмитрий', 'last_name': 'Марков', 'is_bot': False, 'last_activity_time': 1773074109000, 'name': 'Дмитрий Марков'}, 'payload': 'KBRD.9'}, 'message': {'recipient': {'chat_id': 233194361, 'chat_type': 'dialog', 'user_id': 23645861}, 'timestamp': 1773074117242, 'body': {'mid': 'mid.000000000de64379019cd373f27a7e10', 'seq': 116200185347603984, 'text': 'Введите код доступа:  * _ _ _', 'attachments': [{'callback_id': 'f9LHodD0cOKSo1crIjX1UeDpLErQibJFzYpcsAv1BW4efo9tjcy1RZwUsaFlB5isCxTQ9xfmXIL57BUEZs2smIuR2HgfnKQvidXZgcpCuTfNLC-l0oPr', 'payload': {'buttons': [[{'payload': 'KBRD.7', 'text': '7', 'intent': 'default', 'type': 'callback'}, {'payload': 'KBRD.8', 'text': '8', 'intent': 'default', 'type': 'callback'}, {'payload': 'KBRD.9', 'text': '9', 'intent': 'default', 'type': 'callback'}], [{'payload': 'KBRD.4', 'text': '4', 'intent': 'default', 'type': 'callback'}, {'payload': 'KBRD.5', 'text': '5', 'intent': 'default', 'type': 'callback'}, {'payload': 'KBRD.6', 'text': '6', 'intent': 'default', 'type': 'callback'}], [{'payload': 'KBRD.3', 'text': '3', 'intent': 'default', 'type': 'callback'}, {'payload': 'KBRD.2', 'text': '2', 'intent': 'default', 'type': 'callback'}, {'payload': 'KBRD.1', 'text': '1', 'intent': 'default', 'type': 'callback'}], [{'payload': 'KBRD.0', 'text': '0', 'intent': 'default', 'type': 'callback'}, {'payload': 'KBRD.Cancel', 'text': 'Сброс', 'intent': 'default', 'type': 'callback'}], [{'payload': 'RecoveryAuthorization', 'text': 'Восстановление доступа', 'intent': 'default', 'type': 'callback'}], [{'payload': 'CancelCurrentOperation', 'text': 'Прервать операцию', 'intent': 'default', 'type': 'callback'}]]}, 'type': 'inline_keyboard'}], 'markup': [{'from': 21, 'length': 8, 'type': 'strong'}]}, 'sender': {'user_id': 210669020, 'first_name': 'DASHA_TOKEN_BOT', 'username': 'id575104156000_bot', 'is_bot': True, 'last_activity_time': 1773074120223, 'name': 'DASHA_TOKEN_BOT'}}, 'timestamp': 1773074119362, 'user_locale': 'ru', 'update_type': 'message_callback'}
clb

2026-03-09 19:35:20
23645861
edt

2026-03-09 19:35:20
{'callback': {'timestamp': 1773074119921, 'callback_id': 'f9LHodD0cOJ8IT7Bha2i5JWeL5cTopdxMo6ghYfguAjHlGBJsalfkp5dHBv4AIt2020yfDgmo7mRgOMA5pyTNtEsL24L-yPzJKzRu_7i2LjEIfGZVJTP', 'user': {'user_id': 23645861, 'first_name': 'Дмитрий', 'last_name': 'Марков', 'is_bot': False, 'last_activity_time': 1773074109000, 'name': 'Дмитрий Марков'}, 'payload': 'KBRD.9'}, 'message': {'recipient': {'chat_id': 233194361, 'chat_type': 'dialog', 'user_id': 23645861}, 'timestamp': 1773074117242, 'body': {'mid': 'mid.000000000de64379019cd373f27a7e10', 'seq': 116200185347603984, 'text': 'Введите код доступа:  * _ _ _', 'attachments': [{'callback_id': 'f9LHodD0cOIgCN0o92KvBr7NrRKkv11jbdTxDLsS7Po9d7BCc5RCjqHYksQoiHURzZjNWvEODLYs3YLutBK7P1ifLQ7OTmQYRfW0-1Kuqo-d_5mWUvFR', 'payload': {'buttons': [[{'payload': 'KBRD.7', 'text': '7', 'intent': 'default', 'type': 'callback'}, {'payload': 'KBRD.8', 'text': '8', 'intent': 'default', 'type': 'callback'}, {'payload': 'KBRD.9', 'text': '9', 'intent': 'default', 'type': 'callback'}], [{'payload': 'KBRD.4', 'text': '4', 'intent': 'default', 'type': 'callback'}, {'payload': 'KBRD.5', 'text': '5', 'intent': 'default', 'type': 'callback'}, {'payload': 'KBRD.6', 'text': '6', 'intent': 'default', 'type': 'callback'}], [{'payload': 'KBRD.3', 'text': '3', 'intent': 'default', 'type': 'callback'}, {'payload': 'KBRD.2', 'text': '2', 'intent': 'default', 'type': 'callback'}, {'payload': 'KBRD.1', 'text': '1', 'intent': 'default', 'type': 'callback'}], [{'payload': 'KBRD.0', 'text': '0', 'intent': 'default', 'type': 'callback'}, {'payload': 'KBRD.Cancel', 'text': 'Сброс', 'intent': 'default', 'type': 'callback'}], [{'payload': 'RecoveryAuthorization', 'text': 'Восстановление доступа', 'intent': 'default', 'type': 'callback'}], [{'payload': 'CancelCurrentOperation', 'text': 'Прервать операцию', 'intent': 'default', 'type': 'callback'}]]}, 'type': 'inline_keyboard'}], 'markup': [{'from': 21, 'length': 8, 'type': 'strong'}]}, 'sender': {'user_id': 210669020, 'first_name': 'DASHA_TOKEN_BOT', 'username': 'id575104156000_bot', 'is_bot': True, 'last_activity_time': 1773074120224, 'name': 'DASHA_TOKEN_BOT'}}, 'timestamp': 1773074119921, 'user_locale': 'ru', 'update_type': 'message_callback'}
clb

2026-03-09 19:35:21
23645861
edt

2026-03-09 19:35:22
{'callback': {'timestamp': 1773074120447, 'callback_id': 'f9LHodD0cOIF250b9jJ_YP42hd6wEgf14vvSIsREzF_H9px9FwJhim4DK6eqgeN2CjftODO4vT-tHDr7AibtMur3JGNZzFuvnEpg_rpLlm3COP0o6iOt', 'user': {'user_id': 23645861, 'first_name': 'Дмитрий', 'last_name': 'Марков', 'is_bot': False, 'last_activity_time': 1773074109000, 'name': 'Дмитрий Марков'}, 'payload': 'KBRD.9'}, 'message': {'recipient': {'chat_id': 233194361, 'chat_type': 'dialog', 'user_id': 23645861}, 'timestamp': 1773074117242, 'body': {'mid': 'mid.000000000de64379019cd373f27a7e10', 'seq': 116200185347603984, 'text': 'Введите код доступа:  * * * _', 'attachments': [{'callback_id': 'f9LHodD0cOI5TlJKknq1VMI2eUiaDUseEYtybxhAg9MjLuI16AGdf7HAsNx9JwfAhcApvlmaOBRXy8eKzv7jzwlH2a2MIT6tOeN9pnKoXVLRkQ-Ii9HS', 'payload': {'buttons': [[{'payload': 'KBRD.7', 'text': '7', 'intent': 'default', 'type': 'callback'}, {'payload': 'KBRD.8', 'text': '8', 'intent': 'default', 'type': 'callback'}, {'payload': 'KBRD.9', 'text': '9', 'intent': 'default', 'type': 'callback'}], [{'payload': 'KBRD.4', 'text': '4', 'intent': 'default', 'type': 'callback'}, {'payload': 'KBRD.5', 'text': '5', 'intent': 'default', 'type': 'callback'}, {'payload': 'KBRD.6', 'text': '6', 'intent': 'default', 'type': 'callback'}], [{'payload': 'KBRD.3', 'text': '3', 'intent': 'default', 'type': 'callback'}, {'payload': 'KBRD.2', 'text': '2', 'intent': 'default', 'type': 'callback'}, {'payload': 'KBRD.1', 'text': '1', 'intent': 'default', 'type': 'callback'}], [{'payload': 'KBRD.0', 'text': '0', 'intent': 'default', 'type': 'callback'}, {'payload': 'KBRD.Cancel', 'text': 'Сброс', 'intent': 'default', 'type': 'callback'}], [{'payload': 'RecoveryAuthorization', 'text': 'Восстановление доступа', 'intent': 'default', 'type': 'callback'}], [{'payload': 'CancelCurrentOperation', 'text': 'Прервать операцию', 'intent': 'default', 'type': 'callback'}]]}, 'type': 'inline_keyboard'}], 'markup': [{'from': 21, 'length': 8, 'type': 'strong'}]}, 'sender': {'user_id': 210669020, 'first_name': 'DASHA_TOKEN_BOT', 'username': 'id575104156000_bot', 'is_bot': True, 'last_activity_time': 1773074122176, 'name': 'DASHA_TOKEN_BOT'}}, 'timestamp': 1773074120447, 'user_locale': 'ru', 'update_type': 'message_callback'}
clb

2026-03-09 19:35:22
23645861
edt

2026-03-09 19:35:23
mid.000000000de64379019cd37409bf0959
snd

2026-03-09 19:35:23
mid.000000000de64379019cd373f27a7e10
del

2026-03-09 19:35:24
mid.000000000de64379019cd373ec7371ec
del

2026-03-09 19:35:25
mid.000000000de64379019cd37411882dfe
snd

2026-03-09 19:35:25
mid.000000000de64379019cd37409bf0959
del

2026-03-09 19:35:26
{'callback': {'timestamp': 1773074126697, 'callback_id': 'f9LHodD0cOKjFFVkhu6W64Suw_qF1dAMpp9BipUSEz8CrlaG4uDbLZVGka0O_l5qjyRhqMlaMkDaSaahk03cnLgfVPUO3gV1iV27-3aDRnEOQFnnGlr4', 'user': {'user_id': 23645861, 'first_name': 'Дмитрий', 'last_name': 'Марков', 'is_bot': False, 'last_activity_time': 1773074126000, 'name': 'Дмитрий Марков'}, 'payload': 'MainMenu'}, 'message': {'recipient': {'chat_id': 233194361, 'chat_type': 'dialog', 'user_id': 23645861}, 'timestamp': 1773074125192, 'body': {'mid': 'mid.000000000de64379019cd37411882dfe', 'seq': 116200185868594686, 'text': 'Выберите команду меню Бота или получите Новый токен.', 'attachments': [{'callback_id': 'f9LHodD0cOIoSGF_IH8GrZpuUlWJM4fZlbTACp9GlFzmm8dhSHTdLz3YdoU2499sokptHw9eHGE9dVh6E_XCNdgbD29GoUwwbwYuyjJJ3GhEntZ2cJkl', 'payload': {'buttons': [[{'payload': 'MainMenu', 'text': 'Главное меню', 'intent': 'default', 'type': 'callback'}], [{'payload': 'GetNewToken', 'text': 'Новый токен', 'intent': 'default', 'type': 'callback'}]]}, 'type': 'inline_keyboard'}], 'markup': [{'from': 40, 'length': 11, 'type': 'strong'}]}, 'sender': {'user_id': 210669020, 'first_name': 'DASHA_TOKEN_BOT', 'username': 'id575104156000_bot', 'is_bot': True, 'last_activity_time': 1773074126986, 'name': 'DASHA_TOKEN_BOT'}}, 'timestamp': 1773074126697, 'user_locale': 'ru', 'update_type': 'message_callback'}
clb

2026-03-09 19:35:27
mid.000000000de64379019cd3741adf0959
snd

2026-03-09 19:35:28
mid.000000000de64379019cd37411882dfe
del

2026-03-09 19:35:28
mid.000000000de64379019cd3742018249b
snd

2026-03-09 19:35:29
mid.000000000de64379019cd3741adf0959
del

2026-03-09 19:35:30
{'callback': {'timestamp': 1773074130684, 'callback_id': 'f9LHodD0cOI8hG45poZQrLH_r-Jdtuzu4vVrtWn4Yz1xSpzEkuqMk0mZ06Ou6BocNSBodjXmJqv21Wy2Ir2MyO5QSDRVs9cDsuUUwb2BBf3Zn1aJ1t0m', 'user': {'user_id': 23645861, 'first_name': 'Дмитрий', 'last_name': 'Марков', 'is_bot': False, 'last_activity_time': 1773074130000, 'name': 'Дмитрий Марков'}, 'payload': 'MenuAbout'}, 'message': {'recipient': {'chat_id': 233194361, 'chat_type': 'dialog', 'user_id': 23645861}, 'timestamp': 1773074128920, 'body': {'mid': 'mid.000000000de64379019cd3742018249b', 'seq': 116200186112910491, 'text': 'Выберите команду меню Бота или получите Новый токен.', 'attachments': [{'callback_id': 'f9LHodD0cOL7xLpabB5LdDEgLIXonSprUsjE_g5nTFkvYOAyq8jlg25RsVdvGD3dEsntA88A-M0FtT06Q4aBzRxMZ0ZkoHYdPSJ1zk2QJb_3HdMdCcGg', 'payload': {'buttons': [[{'payload': 'MenuAuth', 'text': 'Изменить доступ', 'intent': 'default', 'type': 'callback'}, {'payload': 'MenuAbout', 'text': 'О сервисе', 'intent': 'default', 'type': 'callback'}], [{'payload': 'MenuDeleteChat', 'text': 'Удалить чат из сервиса', 'intent': 'default', 'type': 'callback'}], [{'payload': 'MenuDeleteUser', 'text': 'Отказаться от использования сервиса', 'intent': 'default', 'type': 'callback'}], [{'payload': 'GetNewToken', 'text': 'Новый токен', 'intent': 'default', 'type': 'callback'}, {'payload': 'MenuExit', 'text': 'Выход из меню', 'intent': 'default', 'type': 'callback'}]]}, 'type': 'inline_keyboard'}], 'markup': [{'from': 40, 'length': 11, 'type': 'strong'}]}, 'sender': {'user_id': 210669020, 'first_name': 'DASHA_TOKEN_BOT', 'username': 'id575104156000_bot', 'is_bot': True, 'last_activity_time': 1773074130988, 'name': 'DASHA_TOKEN_BOT'}}, 'timestamp': 1773074130684, 'user_locale': 'ru', 'update_type': 'message_callback'}
clb

2026-03-09 19:35:31
mid.000000000de64379019cd3742ad10959
snd

2026-03-09 19:35:32
mid.000000000de64379019cd3742018249b
del

2026-03-09 19:35:33
mid.000000000de64379019cd374311f76b8
snd

2026-03-09 19:35:33
mid.000000000de64379019cd3742ad10959
del

2026-03-09 19:38:10
{'callback': {'timestamp': 1773074290316, 'callback_id': 'f9LHodD0cOLmb1nbMHAE7PZOfD_ySbQW4OaGePHT0oS3vk57jM8WkHvzdaEF5qEZbMRrghAuw3TCgLlM-R_3AGgWi7zz8UHDWv0yLn5ut4r1cswTDO1r', 'user': {'user_id': 23645861, 'first_name': 'Дмитрий', 'last_name': 'Марков', 'is_bot': False, 'last_activity_time': 1773074288000, 'name': 'Дмитрий Марков'}, 'payload': 'MainMenu'}, 'message': {'recipient': {'chat_id': 233194361, 'chat_type': 'dialog', 'user_id': 23645861}, 'timestamp': 1773074133279, 'body': {'mid': 'mid.000000000de64379019cd374311f76b8', 'seq': 116200186398602936, 'text': 'Чат-бот генерации токенов доступа. Иентификатор внешнего доступа:', 'attachments': [{'callback_id': 'f9LHodD0cOKWazDH1j4oX__AZpVVNFG0Nee5KOpRHrieqcy7E7MgVkwsH7tTFVObDIUjGt-BDUrsi5wdZBGSW1aIVhjaan5_EoaKz-d4Q5j9Tx5bkI3n', 'payload': {'buttons': [[{'payload': 'MainMenu', 'text': 'Главное меню', 'intent': 'default', 'type': 'callback'}], [{'payload': 'GetNewToken', 'text': 'Новый токен', 'intent': 'default', 'type': 'callback'}]]}, 'type': 'inline_keyboard'}], 'markup': [{'from': 66, 'length': 0, 'type': 'monospaced'}, {'from': 66, 'length': 0, 'type': 'strong'}]}, 'sender': {'user_id': 210669020, 'first_name': 'DASHA_TOKEN_BOT', 'username': 'id575104156000_bot', 'is_bot': True, 'last_activity_time': 1773074290617, 'name': 'DASHA_TOKEN_BOT'}}, 'timestamp': 1773074290316, 'user_locale': 'ru', 'update_type': 'message_callback'}
clb

2026-03-09 19:38:11
mid.000000000de64379019cd3769abf0959
snd

2026-03-09 19:38:11
mid.000000000de64379019cd374311f76b8
del

2026-03-09 19:38:12
mid.000000000de64379019cd3769fcf1126
snd

2026-03-09 19:38:13
mid.000000000de64379019cd3769abf0959
del

2026-03-09 19:38:14
{'callback': {'timestamp': 1773074294097, 'callback_id': 'f9LHodD0cOKPoXwjupE_Iq85Bb2bVl-f_oOVNP4C0l-YAu3vdsWed3yO213VuhTtvtT8XaYfoQ_5NBbHtBXOM5tyFkjxzg9bVBp_IR1TbKTXSnMM0KMt', 'user': {'user_id': 23645861, 'first_name': 'Дмитрий', 'last_name': 'Марков', 'is_bot': False, 'last_activity_time': 1773074288000, 'name': 'Дмитрий Марков'}, 'payload': 'Authorization'}, 'message': {'recipient': {'chat_id': 233194361, 'chat_type': 'dialog', 'user_id': 23645861}, 'timestamp': 1773074292687, 'body': {'mid': 'mid.000000000de64379019cd3769fcf1126', 'seq': 116200196845539622, 'text': 'Текст для RequiredAuthorization не найден', 'attachments': [{'callback_id': 'f9LHodD0cOIaDkZScMiv1ozWWz9qbRELptrxbd5w5kqBLwTP-o_9C_CS1enxiSTa9J9ZotOfYW97GXnv_8REDs_Vmi-yS6D1a7M0SFDGtxTbCHQHUmDR', 'payload': {'buttons': [[{'payload': 'Authorization', 'text': 'Авторизоваться', 'intent': 'default', 'type': 'callback'}]]}, 'type': 'inline_keyboard'}], 'markup': [{'from': 10, 'length': 21, 'type': 'strong'}]}, 'sender': {'user_id': 210669020, 'first_name': 'DASHA_TOKEN_BOT', 'username': 'id575104156000_bot', 'is_bot': True, 'last_activity_time': 1773074294395, 'name': 'DASHA_TOKEN_BOT'}}, 'timestamp': 1773074294097, 'user_locale': 'ru', 'update_type': 'message_callback'}
clb

2026-03-09 19:38:15
mid.000000000de64379019cd376aa130959
snd

2026-03-09 19:38:15
mid.000000000de64379019cd3769fcf1126
del

2026-03-09 19:38:16
mid.000000000de64379019cd376af2b7f6d
snd

2026-03-09 19:38:17
mid.000000000de64379019cd376b4a56e6c
snd

2026-03-09 19:38:18
mid.000000000de64379019cd376aa130959
del

2026-03-09 19:38:19
{'callback': {'timestamp': 1773074299245, 'callback_id': 'f9LHodD0cOJCzI3Jd8s1Kc1MndQXN8K25WRGCJdQ6QFXJtZDFXWfV7AyZNRD0piNoHhqBoZyHvk-F0Diuuvw5WmR0Z9efzar7Mu1Qp1fW7t7VWtq0V9p', 'user': {'user_id': 23645861, 'first_name': 'Дмитрий', 'last_name': 'Марков', 'is_bot': False, 'last_activity_time': 1773074288000, 'name': 'Дмитрий Марков'}, 'payload': 'KBRD.9'}, 'message': {'recipient': {'chat_id': 233194361, 'chat_type': 'dialog', 'user_id': 23645861}, 'timestamp': 1773074298021, 'body': {'mid': 'mid.000000000de64379019cd376b4a56e6c', 'seq': 116200197195132524, 'text': 'Введите код доступа:  _ _ _ _', 'attachments': [{'callback_id': 'f9LHodD0cOKAWJgyG0MQyiVxNCfpx_-Z7LI_1ZjPDJcXivKGHapSWydWSiq7aBNQEA5oFKIVwL_tPwdg-sBBmpPWIUqlPqcBvM3UNhc53TIk3YQWI0pz', 'payload': {'buttons': [[{'payload': 'KBRD.7', 'text': '7', 'intent': 'default', 'type': 'callback'}, {'payload': 'KBRD.8', 'text': '8', 'intent': 'default', 'type': 'callback'}, {'payload': 'KBRD.9', 'text': '9', 'intent': 'default', 'type': 'callback'}], [{'payload': 'KBRD.4', 'text': '4', 'intent': 'default', 'type': 'callback'}, {'payload': 'KBRD.5', 'text': '5', 'intent': 'default', 'type': 'callback'}, {'payload': 'KBRD.6', 'text': '6', 'intent': 'default', 'type': 'callback'}], [{'payload': 'KBRD.3', 'text': '3', 'intent': 'default', 'type': 'callback'}, {'payload': 'KBRD.2', 'text': '2', 'intent': 'default', 'type': 'callback'}, {'payload': 'KBRD.1', 'text': '1', 'intent': 'default', 'type': 'callback'}], [{'payload': 'KBRD.0', 'text': '0', 'intent': 'default', 'type': 'callback'}, {'payload': 'KBRD.Cancel', 'text': 'Сброс', 'intent': 'default', 'type': 'callback'}], [{'payload': 'RecoveryAuthorization', 'text': 'Восстановление доступа', 'intent': 'default', 'type': 'callback'}], [{'payload': 'CancelCurrentOperation', 'text': 'Прервать операцию', 'intent': 'default', 'type': 'callback'}]]}, 'type': 'inline_keyboard'}], 'markup': [{'from': 21, 'length': 8, 'type': 'strong'}]}, 'sender': {'user_id': 210669020, 'first_name': 'DASHA_TOKEN_BOT', 'username': 'id575104156000_bot', 'is_bot': True, 'last_activity_time': 1773074299542, 'name': 'DASHA_TOKEN_BOT'}}, 'timestamp': 1773074299245, 'user_locale': 'ru', 'update_type': 'message_callback'}
clb

2026-03-09 19:38:20
23645861
edt

2026-03-09 19:38:20
{'callback': {'timestamp': 1773074299627, 'callback_id': 'f9LHodD0cOIOzUzf_JAtc2r7D4dTMKAXz77FH2c1Re9yith1Baen3UFRnlIiLbdexmbxxWuW6PEjIq92s79GIRWqBuHeF24NnW6yej-ut_vGqFMECCo3', 'user': {'user_id': 23645861, 'first_name': 'Дмитрий', 'last_name': 'Марков', 'is_bot': False, 'last_activity_time': 1773074288000, 'name': 'Дмитрий Марков'}, 'payload': 'KBRD.9'}, 'message': {'recipient': {'chat_id': 233194361, 'chat_type': 'dialog', 'user_id': 23645861}, 'timestamp': 1773074298021, 'body': {'mid': 'mid.000000000de64379019cd376b4a56e6c', 'seq': 116200197195132524, 'text': 'Введите код доступа:  * _ _ _', 'attachments': [{'callback_id': 'f9LHodD0cOJNu-ek8UtDhv1DvDHZ-9Ui2jg30i-DLjwgPkBdrvLgqql0RR0Rqoev05vr96hyjE3_l8jThx93D5LiNYUbQ4_5HBtJK2cp7iuhDxcS8Rot', 'payload': {'buttons': [[{'payload': 'KBRD.7', 'text': '7', 'intent': 'default', 'type': 'callback'}, {'payload': 'KBRD.8', 'text': '8', 'intent': 'default', 'type': 'callback'}, {'payload': 'KBRD.9', 'text': '9', 'intent': 'default', 'type': 'callback'}], [{'payload': 'KBRD.4', 'text': '4', 'intent': 'default', 'type': 'callback'}, {'payload': 'KBRD.5', 'text': '5', 'intent': 'default', 'type': 'callback'}, {'payload': 'KBRD.6', 'text': '6', 'intent': 'default', 'type': 'callback'}], [{'payload': 'KBRD.3', 'text': '3', 'intent': 'default', 'type': 'callback'}, {'payload': 'KBRD.2', 'text': '2', 'intent': 'default', 'type': 'callback'}, {'payload': 'KBRD.1', 'text': '1', 'intent': 'default', 'type': 'callback'}], [{'payload': 'KBRD.0', 'text': '0', 'intent': 'default', 'type': 'callback'}, {'payload': 'KBRD.Cancel', 'text': 'Сброс', 'intent': 'default', 'type': 'callback'}], [{'payload': 'RecoveryAuthorization', 'text': 'Восстановление доступа', 'intent': 'default', 'type': 'callback'}], [{'payload': 'CancelCurrentOperation', 'text': 'Прервать операцию', 'intent': 'default', 'type': 'callback'}]]}, 'type': 'inline_keyboard'}], 'markup': [{'from': 21, 'length': 8, 'type': 'strong'}]}, 'sender': {'user_id': 210669020, 'first_name': 'DASHA_TOKEN_BOT', 'username': 'id575104156000_bot', 'is_bot': True, 'last_activity_time': 1773074301020, 'name': 'DASHA_TOKEN_BOT'}}, 'timestamp': 1773074299627, 'user_locale': 'ru', 'update_type': 'message_callback'}
clb

2026-03-09 19:38:21
23645861
edt

2026-03-09 19:38:21
{'callback': {'timestamp': 1773074300010, 'callback_id': 'f9LHodD0cOJTxdtDa_cHvIO6WR7xeha7zHSNzTiB73QVcThocVC3ZEN--A1wo4_cYS3Ulp4Nhd5Mj67AnuYF98ccTOYSJhXwanRzOYIlKCJCokHeiW9t', 'user': {'user_id': 23645861, 'first_name': 'Дмитрий', 'last_name': 'Марков', 'is_bot': False, 'last_activity_time': 1773074288000, 'name': 'Дмитрий Марков'}, 'payload': 'KBRD.9'}, 'message': {'recipient': {'chat_id': 233194361, 'chat_type': 'dialog', 'user_id': 23645861}, 'timestamp': 1773074298021, 'body': {'mid': 'mid.000000000de64379019cd376b4a56e6c', 'seq': 116200197195132524, 'text': 'Введите код доступа:  * _ _ _', 'attachments': [{'callback_id': 'f9LHodD0cOK-fZQ5emQGN0p_Nq1GT0UUghEKFARxaST_E5hNXoWwnhAz9LnU1eXe8Aw6anXVGj07xv75DxoZjtbA_oeguK6ZigOkoINVwqMAeQXzLhCG', 'payload': {'buttons': [[{'payload': 'KBRD.7', 'text': '7', 'intent': 'default', 'type': 'callback'}, {'payload': 'KBRD.8', 'text': '8', 'intent': 'default', 'type': 'callback'}, {'payload': 'KBRD.9', 'text': '9', 'intent': 'default', 'type': 'callback'}], [{'payload': 'KBRD.4', 'text': '4', 'intent': 'default', 'type': 'callback'}, {'payload': 'KBRD.5', 'text': '5', 'intent': 'default', 'type': 'callback'}, {'payload': 'KBRD.6', 'text': '6', 'intent': 'default', 'type': 'callback'}], [{'payload': 'KBRD.3', 'text': '3', 'intent': 'default', 'type': 'callback'}, {'payload': 'KBRD.2', 'text': '2', 'intent': 'default', 'type': 'callback'}, {'payload': 'KBRD.1', 'text': '1', 'intent': 'default', 'type': 'callback'}], [{'payload': 'KBRD.0', 'text': '0', 'intent': 'default', 'type': 'callback'}, {'payload': 'KBRD.Cancel', 'text': 'Сброс', 'intent': 'default', 'type': 'callback'}], [{'payload': 'RecoveryAuthorization', 'text': 'Восстановление доступа', 'intent': 'default', 'type': 'callback'}], [{'payload': 'CancelCurrentOperation', 'text': 'Прервать операцию', 'intent': 'default', 'type': 'callback'}]]}, 'type': 'inline_keyboard'}], 'markup': [{'from': 21, 'length': 8, 'type': 'strong'}]}, 'sender': {'user_id': 210669020, 'first_name': 'DASHA_TOKEN_BOT', 'username': 'id575104156000_bot', 'is_bot': True, 'last_activity_time': 1773074301021, 'name': 'DASHA_TOKEN_BOT'}}, 'timestamp': 1773074300010, 'user_locale': 'ru', 'update_type': 'message_callback'}
clb

2026-03-09 19:38:22
23645861
edt

2026-03-09 19:38:22
{'callback': {'timestamp': 1773074300394, 'callback_id': 'f9LHodD0cOIrFyLOnVDSlAxYVB-FVX_HGEVMdH1ODiEfhBeoLKrVJt1wbTv-bhu0kxaaSwpaY6D6d5hbAutd6CQK-P_ORqwIuTREFTNWgmtYpIEmDpLJ', 'user': {'user_id': 23645861, 'first_name': 'Дмитрий', 'last_name': 'Марков', 'is_bot': False, 'last_activity_time': 1773074288000, 'name': 'Дмитрий Марков'}, 'payload': 'KBRD.9'}, 'message': {'recipient': {'chat_id': 233194361, 'chat_type': 'dialog', 'user_id': 23645861}, 'timestamp': 1773074298021, 'body': {'mid': 'mid.000000000de64379019cd376b4a56e6c', 'seq': 116200197195132524, 'text': 'Введите код доступа:  * _ _ _', 'attachments': [{'callback_id': 'f9LHodD0cOLX0aHrRv339PKpKFJi-qf_wbSUZ_aR0TF9ZcucogAC4z2FG-qpFrnKyFmaartVhvmwQu06XyQWyioIaDTpNB3AHnKRSJtn8sKMV8mPVozG', 'payload': {'buttons': [[{'payload': 'KBRD.7', 'text': '7', 'intent': 'default', 'type': 'callback'}, {'payload': 'KBRD.8', 'text': '8', 'intent': 'default', 'type': 'callback'}, {'payload': 'KBRD.9', 'text': '9', 'intent': 'default', 'type': 'callback'}], [{'payload': 'KBRD.4', 'text': '4', 'intent': 'default', 'type': 'callback'}, {'payload': 'KBRD.5', 'text': '5', 'intent': 'default', 'type': 'callback'}, {'payload': 'KBRD.6', 'text': '6', 'intent': 'default', 'type': 'callback'}], [{'payload': 'KBRD.3', 'text': '3', 'intent': 'default', 'type': 'callback'}, {'payload': 'KBRD.2', 'text': '2', 'intent': 'default', 'type': 'callback'}, {'payload': 'KBRD.1', 'text': '1', 'intent': 'default', 'type': 'callback'}], [{'payload': 'KBRD.0', 'text': '0', 'intent': 'default', 'type': 'callback'}, {'payload': 'KBRD.Cancel', 'text': 'Сброс', 'intent': 'default', 'type': 'callback'}], [{'payload': 'RecoveryAuthorization', 'text': 'Восстановление доступа', 'intent': 'default', 'type': 'callback'}], [{'payload': 'CancelCurrentOperation', 'text': 'Прервать операцию', 'intent': 'default', 'type': 'callback'}]]}, 'type': 'inline_keyboard'}], 'markup': [{'from': 21, 'length': 8, 'type': 'strong'}]}, 'sender': {'user_id': 210669020, 'first_name': 'DASHA_TOKEN_BOT', 'username': 'id575104156000_bot', 'is_bot': True, 'last_activity_time': 1773074301021, 'name': 'DASHA_TOKEN_BOT'}}, 'timestamp': 1773074300394, 'user_locale': 'ru', 'update_type': 'message_callback'}
clb

2026-03-09 19:38:22
23645861
edt

2026-03-09 19:38:23
mid.000000000de64379019cd376c97f0959
snd

2026-03-09 19:38:23
mid.000000000de64379019cd376b4a56e6c
del

2026-03-09 19:38:24
mid.000000000de64379019cd376af2b7f6d
del

2026-03-09 19:38:25
mid.000000000de64379019cd376d22e413e
snd

2026-03-09 19:38:26
mid.000000000de64379019cd376c97f0959
del

2026-03-09 19:38:27
{'callback': {'timestamp': 1773074307027, 'callback_id': 'f9LHodD0cOIlPVVJLUz_6tdGTrE67EwbIeWyyJfIegMqvTptTCmGy2Z6EXg1LikCzeCWeCKUnH6pnroOOK-Hi6txTHds4Sekr7YytZFAW4Z1MyG6OFCT', 'user': {'user_id': 23645861, 'first_name': 'Дмитрий', 'last_name': 'Марков', 'is_bot': False, 'last_activity_time': 1773074305000, 'name': 'Дмитрий Марков'}, 'payload': 'MainMenu'}, 'message': {'recipient': {'chat_id': 233194361, 'chat_type': 'dialog', 'user_id': 23645861}, 'timestamp': 1773074305582, 'body': {'mid': 'mid.000000000de64379019cd376d22e413e', 'seq': 116200197690638654, 'text': 'Выберите команду меню Бота или получите Новый токен.', 'attachments': [{'callback_id': 'f9LHodD0cOJWXyOMgKZIWGTO6Jac1HC50t5-e4WyawsQsX2HZU_Fczq5jpFtaoQ3lWrUj_qTml6LbPS2v8GWA3se_-8Y90ZXsgy3lUHH9xfAvxwXm749', 'payload': {'buttons': [[{'payload': 'MainMenu', 'text': 'Главное меню', 'intent': 'default', 'type': 'callback'}], [{'payload': 'GetNewToken', 'text': 'Новый токен', 'intent': 'default', 'type': 'callback'}]]}, 'type': 'inline_keyboard'}], 'markup': [{'from': 40, 'length': 11, 'type': 'strong'}]}, 'sender': {'user_id': 210669020, 'first_name': 'DASHA_TOKEN_BOT', 'username': 'id575104156000_bot', 'is_bot': True, 'last_activity_time': 1773074307305, 'name': 'DASHA_TOKEN_BOT'}}, 'timestamp': 1773074307027, 'user_locale': 'ru', 'update_type': 'message_callback'}
clb

2026-03-09 19:38:28
mid.000000000de64379019cd376dc3b0959
snd

2026-03-09 19:38:28
mid.000000000de64379019cd376d22e413e
del

2026-03-09 19:38:29
mid.000000000de64379019cd376e1be5cbb
snd

2026-03-09 19:38:30
mid.000000000de64379019cd376dc3b0959
del

2026-03-09 19:38:31
{'callback': {'timestamp': 1773074310841, 'callback_id': 'f9LHodD0cOJ8QFKWv4mlaOTxeO0uooB8dmmv3Xs2pJ2uS_Uq3TYoZvePgBbQ-_qDKdVTj2Z1WzryN4qeZt-B5K0dY25q_nNxMLh8IfxxYXcdYE5Ju_eO', 'user': {'user_id': 23645861, 'first_name': 'Дмитрий', 'last_name': 'Марков', 'is_bot': False, 'last_activity_time': 1773074308000, 'name': 'Дмитрий Марков'}, 'payload': 'MenuAbout'}, 'message': {'recipient': {'chat_id': 233194361, 'chat_type': 'dialog', 'user_id': 23645861}, 'timestamp': 1773074309566, 'body': {'mid': 'mid.000000000de64379019cd376e1be5cbb', 'seq': 116200197951741115, 'text': 'Выберите команду меню Бота или получите Новый токен.', 'attachments': [{'callback_id': 'f9LHodD0cOJ2yJ0afPOY6Xgk_7Y5y8QAh0KnJcYR8i327jT4OmtrlGA4Syq4icwokzyhDc1VOetoZyvEv64ugjahJGZu4G8UhWNKTTr7eloZOudZPszo', 'payload': {'buttons': [[{'payload': 'MenuAuth', 'text': 'Изменить доступ', 'intent': 'default', 'type': 'callback'}, {'payload': 'MenuAbout', 'text': 'О сервисе', 'intent': 'default', 'type': 'callback'}], [{'payload': 'MenuDeleteChat', 'text': 'Удалить чат из сервиса', 'intent': 'default', 'type': 'callback'}], [{'payload': 'MenuDeleteUser', 'text': 'Отказаться от использования сервиса', 'intent': 'default', 'type': 'callback'}], [{'payload': 'GetNewToken', 'text': 'Новый токен', 'intent': 'default', 'type': 'callback'}, {'payload': 'MenuExit', 'text': 'Выход из меню', 'intent': 'default', 'type': 'callback'}]]}, 'type': 'inline_keyboard'}], 'markup': [{'from': 40, 'length': 11, 'type': 'strong'}]}, 'sender': {'user_id': 210669020, 'first_name': 'DASHA_TOKEN_BOT', 'username': 'id575104156000_bot', 'is_bot': True, 'last_activity_time': 1773074311145, 'name': 'DASHA_TOKEN_BOT'}}, 'timestamp': 1773074310841, 'user_locale': 'ru', 'update_type': 'message_callback'}
clb

2026-03-09 19:38:31
mid.000000000de64379019cd376ead50959
snd

2026-03-09 19:38:32
mid.000000000de64379019cd376e1be5cbb
del

2026-03-09 19:38:33
mid.000000000de64379019cd376f0813174
snd

2026-03-09 19:38:33
mid.000000000de64379019cd376ead50959
del

2026-03-09 19:41:41
mid.000000000de64379019cd379d19f0959
snd

2026-03-09 19:41:42
mid.000000000de64379019cd376f0813174
del

2026-03-09 19:41:43
mid.000000000de64379019cd379d6311062
snd

2026-03-09 19:41:43
mid.000000000de64379019cd379d19f0959
del

2026-03-09 20:42:21
mid.000000000de64379019cd3b1592f3b7d
snd

2026-03-09 20:42:21
mid.000000000de64379019cd379d6311062
del

2026-03-09 21:41:30
{'callback': {'timestamp': 1773081690123, 'callback_id': 'f9LHodD0cOK7Z7hcDUHcVn7zt0h4WANf71LXdyW6fPPBRhBDcNfjd7aiFK5ArCD3LrJQeQg-j_68uI6tbi67dKGkGZ2NLqRJaxEPPa0-LQTEq5VZPXtc', 'user': {'user_id': 23645861, 'first_name': 'Дмитрий', 'last_name': 'Марков', 'is_bot': False, 'last_activity_time': 1773081677000, 'name': 'Дмитрий Марков'}, 'payload': 'Start'}, 'message': {'recipient': {'chat_id': 233194361, 'chat_type': 'dialog', 'user_id': 23645861}, 'timestamp': 1773078141231, 'body': {'mid': 'mid.000000000de64379019cd3b1592f3b7d', 'seq': 116200449063730045, 'text': 'Бот-генератор токенов доступа v.1.2.', 'attachments': [{'callback_id': 'f9LHodD0cOKNbiwVpNMnBo0-LzEZSBaQAzO0XOups2nc6DwXb-jysfBH8-Jvc_URD5V9SHGCq3sfcKT5nztkpGVNnjR669kc51i4Wuvs7HS9eHNabnkN', 'payload': {'buttons': [[{'payload': 'Start', 'text': 'Начать', 'intent': 'default', 'type': 'callback'}]]}, 'type': 'inline_keyboard'}]}, 'sender': {'user_id': 210669020, 'first_name': 'DASHA_TOKEN_BOT', 'username': 'id575104156000_bot', 'is_bot': True, 'last_activity_time': 1773081690459, 'name': 'DASHA_TOKEN_BOT'}}, 'timestamp': 1773081690123, 'user_locale': 'ru', 'update_type': 'message_callback'}
clb

2026-03-09 21:41:30
mid.000000000de64379019cd3e782d70959
snd

2026-03-09 21:41:31
mid.000000000de64379019cd3b1592f3b7d
del

2026-03-09 21:41:32
mid.000000000de64379019cd3e788573e54
snd

2026-03-09 21:41:32
mid.000000000de64379019cd3e78baa493d
snd

2026-03-09 21:41:33
mid.000000000de64379019cd3e782d70959
del

2026-03-09 21:41:36
{'callback': {'timestamp': 1773081696734, 'callback_id': 'f9LHodD0cOIXQPRg7lITCq9cPZUBomV93bCImyFiJic7hSShwQUjGzgu6lCpjjDRBwGevX108A-OpJ7hSl4Id3E9_EQ6o4JeBem-yRkAnIPh2JUCp-Ob', 'user': {'user_id': 23645861, 'first_name': 'Дмитрий', 'last_name': 'Марков', 'is_bot': False, 'last_activity_time': 1773081692000, 'name': 'Дмитрий Марков'}, 'payload': 'KBRD.9'}, 'message': {'recipient': {'chat_id': 233194361, 'chat_type': 'dialog', 'user_id': 23645861}, 'timestamp': 1773081693098, 'body': {'mid': 'mid.000000000de64379019cd3e78baa493d', 'seq': 116200681838889277, 'text': 'Введите код доступа:  _ _ _ _', 'attachments': [{'callback_id': 'f9LHodD0cOIC9dImgMwhRWoqm_lcKKSOxesGL-4jHvHnkDGLCaWEzPVg-X4cxyo0nDbuDpnE3oZjm4VzTqiLip5HRz8dz5TfDg7CBmCFCIXxeldl3iFT', 'payload': {'buttons': [[{'payload': 'KBRD.7', 'text': '7', 'intent': 'default', 'type': 'callback'}, {'payload': 'KBRD.8', 'text': '8', 'intent': 'default', 'type': 'callback'}, {'payload': 'KBRD.9', 'text': '9', 'intent': 'default', 'type': 'callback'}], [{'payload': 'KBRD.4', 'text': '4', 'intent': 'default', 'type': 'callback'}, {'payload': 'KBRD.5', 'text': '5', 'intent': 'default', 'type': 'callback'}, {'payload': 'KBRD.6', 'text': '6', 'intent': 'default', 'type': 'callback'}], [{'payload': 'KBRD.3', 'text': '3', 'intent': 'default', 'type': 'callback'}, {'payload': 'KBRD.2', 'text': '2', 'intent': 'default', 'type': 'callback'}, {'payload': 'KBRD.1', 'text': '1', 'intent': 'default', 'type': 'callback'}], [{'payload': 'KBRD.0', 'text': '0', 'intent': 'default', 'type': 'callback'}, {'payload': 'KBRD.Cancel', 'text': 'Сброс', 'intent': 'default', 'type': 'callback'}], [{'payload': 'RecoveryAuthorization', 'text': 'Восстановление доступа', 'intent': 'default', 'type': 'callback'}], [{'payload': 'CancelCurrentOperation', 'text': 'Прервать операцию', 'intent': 'default', 'type': 'callback'}]]}, 'type': 'inline_keyboard'}], 'markup': [{'from': 21, 'length': 8, 'type': 'strong'}]}, 'sender': {'user_id': 210669020, 'first_name': 'DASHA_TOKEN_BOT', 'username': 'id575104156000_bot', 'is_bot': True, 'last_activity_time': 1773081697065, 'name': 'DASHA_TOKEN_BOT'}}, 'timestamp': 1773081696734, 'user_locale': 'ru', 'update_type': 'message_callback'}
clb

2026-03-09 21:41:37
23645861
edt

2026-03-09 21:41:37
{'callback': {'timestamp': 1773081697360, 'callback_id': 'f9LHodD0cOLXRtjtlHjZj3iV1Gp40N9Gyra_vY4-6MSgB-t_ldE7bqaiiBFrOja1lvUmo39hpgkvZpZgGP539oJwbD3zXDJVQa88nrxMObcRUgFMLbqh', 'user': {'user_id': 23645861, 'first_name': 'Дмитрий', 'last_name': 'Марков', 'is_bot': False, 'last_activity_time': 1773081692000, 'name': 'Дмитрий Марков'}, 'payload': 'KBRD.9'}, 'message': {'recipient': {'chat_id': 233194361, 'chat_type': 'dialog', 'user_id': 23645861}, 'timestamp': 1773081693098, 'body': {'mid': 'mid.000000000de64379019cd3e78baa493d', 'seq': 116200681838889277, 'text': 'Введите код доступа:  * _ _ _', 'attachments': [{'callback_id': 'f9LHodD0cOKMsJvnBZ9-_vvmPAI-v3ulqsfNErxLVtP_sIcp1zc0qNH4RsRO6uGKmJ6z9vR0Fnkws-ky3Dv1wvhmA40O7GM34-UjKDCdKtBOlL6_MRpZ', 'payload': {'buttons': [[{'payload': 'KBRD.7', 'text': '7', 'intent': 'default', 'type': 'callback'}, {'payload': 'KBRD.8', 'text': '8', 'intent': 'default', 'type': 'callback'}, {'payload': 'KBRD.9', 'text': '9', 'intent': 'default', 'type': 'callback'}], [{'payload': 'KBRD.4', 'text': '4', 'intent': 'default', 'type': 'callback'}, {'payload': 'KBRD.5', 'text': '5', 'intent': 'default', 'type': 'callback'}, {'payload': 'KBRD.6', 'text': '6', 'intent': 'default', 'type': 'callback'}], [{'payload': 'KBRD.3', 'text': '3', 'intent': 'default', 'type': 'callback'}, {'payload': 'KBRD.2', 'text': '2', 'intent': 'default', 'type': 'callback'}, {'payload': 'KBRD.1', 'text': '1', 'intent': 'default', 'type': 'callback'}], [{'payload': 'KBRD.0', 'text': '0', 'intent': 'default', 'type': 'callback'}, {'payload': 'KBRD.Cancel', 'text': 'Сброс', 'intent': 'default', 'type': 'callback'}], [{'payload': 'RecoveryAuthorization', 'text': 'Восстановление доступа', 'intent': 'default', 'type': 'callback'}], [{'payload': 'CancelCurrentOperation', 'text': 'Прервать операцию', 'intent': 'default', 'type': 'callback'}]]}, 'type': 'inline_keyboard'}], 'markup': [{'from': 21, 'length': 8, 'type': 'strong'}]}, 'sender': {'user_id': 210669020, 'first_name': 'DASHA_TOKEN_BOT', 'username': 'id575104156000_bot', 'is_bot': True, 'last_activity_time': 1773081697826, 'name': 'DASHA_TOKEN_BOT'}}, 'timestamp': 1773081697360, 'user_locale': 'ru', 'update_type': 'message_callback'}
clb

2026-03-09 21:41:38
23645861
edt

2026-03-09 21:41:38
{'callback': {'timestamp': 1773081697920, 'callback_id': 'f9LHodD0cOItK0dJATfTwPfYi7mMZDp-JGRL3-FO6f291d5z_BWLpqlntNZoCFoH46DOdkXWcBvofOmmHv1MOV7tW-km0q3vd1qsdTtr5v5TSb5yY4HW', 'user': {'user_id': 23645861, 'first_name': 'Дмитрий', 'last_name': 'Марков', 'is_bot': False, 'last_activity_time': 1773081692000, 'name': 'Дмитрий Марков'}, 'payload': 'KBRD.9'}, 'message': {'recipient': {'chat_id': 233194361, 'chat_type': 'dialog', 'user_id': 23645861}, 'timestamp': 1773081693098, 'body': {'mid': 'mid.000000000de64379019cd3e78baa493d', 'seq': 116200681838889277, 'text': 'Введите код доступа:  * * _ _', 'attachments': [{'callback_id': 'f9LHodD0cOLPCH9hpNUgNZpQVGM-RqzG3z95yH-DRJGTlhUZt1Lp9tXgIDzeiNCFR5BjW0GH9C5L7mVWJUrwL-vXhOBGCcXaxg9i6dvLJZPMO7HoaM6a', 'payload': {'buttons': [[{'payload': 'KBRD.7', 'text': '7', 'intent': 'default', 'type': 'callback'}, {'payload': 'KBRD.8', 'text': '8', 'intent': 'default', 'type': 'callback'}, {'payload': 'KBRD.9', 'text': '9', 'intent': 'default', 'type': 'callback'}], [{'payload': 'KBRD.4', 'text': '4', 'intent': 'default', 'type': 'callback'}, {'payload': 'KBRD.5', 'text': '5', 'intent': 'default', 'type': 'callback'}, {'payload': 'KBRD.6', 'text': '6', 'intent': 'default', 'type': 'callback'}], [{'payload': 'KBRD.3', 'text': '3', 'intent': 'default', 'type': 'callback'}, {'payload': 'KBRD.2', 'text': '2', 'intent': 'default', 'type': 'callback'}, {'payload': 'KBRD.1', 'text': '1', 'intent': 'default', 'type': 'callback'}], [{'payload': 'KBRD.0', 'text': '0', 'intent': 'default', 'type': 'callback'}, {'payload': 'KBRD.Cancel', 'text': 'Сброс', 'intent': 'default', 'type': 'callback'}], [{'payload': 'RecoveryAuthorization', 'text': 'Восстановление доступа', 'intent': 'default', 'type': 'callback'}], [{'payload': 'CancelCurrentOperation', 'text': 'Прервать операцию', 'intent': 'default', 'type': 'callback'}]]}, 'type': 'inline_keyboard'}], 'markup': [{'from': 21, 'length': 8, 'type': 'strong'}]}, 'sender': {'user_id': 210669020, 'first_name': 'DASHA_TOKEN_BOT', 'username': 'id575104156000_bot', 'is_bot': True, 'last_activity_time': 1773081698524, 'name': 'DASHA_TOKEN_BOT'}}, 'timestamp': 1773081697920, 'user_locale': 'ru', 'update_type': 'message_callback'}
clb

2026-03-09 21:41:38
23645861
edt

2026-03-09 21:41:39
{'callback': {'timestamp': 1773081698486, 'callback_id': 'f9LHodD0cOKBMc9gMWWK-UttrsUja3sX3KIZ3xk0M3Q7S-32uzsHBkHc2p4OuGxpnzToqwUUoANcH63vbDzfyA7-bwmlCY0CrAPA91Ifx20VcaLSiuOP', 'user': {'user_id': 23645861, 'first_name': 'Дмитрий', 'last_name': 'Марков', 'is_bot': False, 'last_activity_time': 1773081692000, 'name': 'Дмитрий Марков'}, 'payload': 'KBRD.9'}, 'message': {'recipient': {'chat_id': 233194361, 'chat_type': 'dialog', 'user_id': 23645861}, 'timestamp': 1773081693098, 'body': {'mid': 'mid.000000000de64379019cd3e78baa493d', 'seq': 116200681838889277, 'text': 'Введите код доступа:  * * * _', 'attachments': [{'callback_id': 'f9LHodD0cOKDe_qhm43OcMQP2i1HuHB7QT-5vnu2EHm9o3i1Sb4G4L8-7Le3W16L7dhfoaej1aSzLAmj4dVg6pyDZfVqUKCRqNDKJk5uyOM6WoemM9Gj', 'payload': {'buttons': [[{'payload': 'KBRD.7', 'text': '7', 'intent': 'default', 'type': 'callback'}, {'payload': 'KBRD.8', 'text': '8', 'intent': 'default', 'type': 'callback'}, {'payload': 'KBRD.9', 'text': '9', 'intent': 'default', 'type': 'callback'}], [{'payload': 'KBRD.4', 'text': '4', 'intent': 'default', 'type': 'callback'}, {'payload': 'KBRD.5', 'text': '5', 'intent': 'default', 'type': 'callback'}, {'payload': 'KBRD.6', 'text': '6', 'intent': 'default', 'type': 'callback'}], [{'payload': 'KBRD.3', 'text': '3', 'intent': 'default', 'type': 'callback'}, {'payload': 'KBRD.2', 'text': '2', 'intent': 'default', 'type': 'callback'}, {'payload': 'KBRD.1', 'text': '1', 'intent': 'default', 'type': 'callback'}], [{'payload': 'KBRD.0', 'text': '0', 'intent': 'default', 'type': 'callback'}, {'payload': 'KBRD.Cancel', 'text': 'Сброс', 'intent': 'default', 'type': 'callback'}], [{'payload': 'RecoveryAuthorization', 'text': 'Восстановление доступа', 'intent': 'default', 'type': 'callback'}], [{'payload': 'CancelCurrentOperation', 'text': 'Прервать операцию', 'intent': 'default', 'type': 'callback'}]]}, 'type': 'inline_keyboard'}], 'markup': [{'from': 21, 'length': 8, 'type': 'strong'}]}, 'sender': {'user_id': 210669020, 'first_name': 'DASHA_TOKEN_BOT', 'username': 'id575104156000_bot', 'is_bot': True, 'last_activity_time': 1773081699248, 'name': 'DASHA_TOKEN_BOT'}}, 'timestamp': 1773081698486, 'user_locale': 'ru', 'update_type': 'message_callback'}
clb

2026-03-09 21:41:39
23645861
edt

2026-03-09 21:41:39
mid.000000000de64379019cd3e7a6fc0959
snd

2026-03-09 21:41:40
mid.000000000de64379019cd3e78baa493d
del

2026-03-09 21:41:40
mid.000000000de64379019cd3e788573e54
del

2026-03-09 21:41:41
mid.000000000de64379019cd3e7ab5645fe
snd

2026-03-09 21:41:41
mid.000000000de64379019cd3e7a6fc0959
del

2026-03-09 21:41:56
{'callback': {'timestamp': 1773081716250, 'callback_id': 'f9LHodD0cOKJVo4DyiXbBgIp0yANF6HQ3Pjoz6rMngtZMbtrClbc-5_Qzytl0lAVlcsaZQZWgslMcauGgB79hgscolfNYcZOnfruYZOxMag5URvRyVDX', 'user': {'user_id': 23645861, 'first_name': 'Дмитрий', 'last_name': 'Марков', 'is_bot': False, 'last_activity_time': 1773081711000, 'name': 'Дмитрий Марков'}, 'payload': 'MainMenu'}, 'message': {'recipient': {'chat_id': 233194361, 'chat_type': 'dialog', 'user_id': 23645861}, 'timestamp': 1773081701206, 'body': {'mid': 'mid.000000000de64379019cd3e7ab5645fe', 'seq': 116200682370254334, 'text': 'Выберите команду меню Бота или получите Новый токен.', 'attachments': [{'callback_id': 'f9LHodD0cOIvL4dxlzxwmy_GMu91f0rSo-PqJAXxi7dsow7NejChAXdbQtL19S0ckopEyzUjX1N8vqipmqWAstoXMQdAgkChiq4AxLmI79PsLRuK0Y6E', 'payload': {'buttons': [[{'payload': 'MainMenu', 'text': 'Главное меню', 'intent': 'default', 'type': 'callback'}], [{'payload': 'GetNewToken', 'text': 'Новый токен', 'intent': 'default', 'type': 'callback'}]]}, 'type': 'inline_keyboard'}], 'markup': [{'from': 40, 'length': 11, 'type': 'strong'}]}, 'sender': {'user_id': 210669020, 'first_name': 'DASHA_TOKEN_BOT', 'username': 'id575104156000_bot', 'is_bot': True, 'last_activity_time': 1773081716570, 'name': 'DASHA_TOKEN_BOT'}}, 'timestamp': 1773081716250, 'user_locale': 'ru', 'update_type': 'message_callback'}
clb

2026-03-09 21:41:56
mid.000000000de64379019cd3e7e91b0959
snd

2026-03-09 21:41:57
mid.000000000de64379019cd3e7ab5645fe
del

2026-03-09 21:41:57
mid.000000000de64379019cd3e7ec734bfb
snd

2026-03-09 21:41:58
mid.000000000de64379019cd3e7e91b0959
del

2026-03-09 21:42:31
{'callback': {'timestamp': 1773081750771, 'callback_id': 'f9LHodD0cOLcxTy3l8SKulYBKg4HTC94DZwHP5c0nUE5IWGJ1Q25LRxJyXHqBQEOC9UCFonnVZbw6GRNZYHB_bBaCr_5R1wgBKiXjSbJkO6n-Hb7fX5b', 'user': {'user_id': 23645861, 'first_name': 'Дмитрий', 'last_name': 'Марков', 'is_bot': False, 'last_activity_time': 1773081741000, 'name': 'Дмитрий Марков'}, 'payload': 'MenuAuth'}, 'message': {'recipient': {'chat_id': 233194361, 'chat_type': 'dialog', 'user_id': 23645861}, 'timestamp': 1773081717875, 'body': {'mid': 'mid.000000000de64379019cd3e7ec734bfb', 'seq': 116200683462675451, 'text': 'Выберите команду меню Бота или получите Новый токен.', 'attachments': [{'callback_id': 'f9LHodD0cOLAHqObSJcxvbd5FpXlFMTwAvDhJTPWTV3ASSPdfwdp3FCQin2D7lPfU6s9C_zaKr_6Fnx5ifWvmWi5FdVlWa0SGelVhrtv_m-lmPhn_Gi9', 'payload': {'buttons': [[{'payload': 'MenuAuth', 'text': 'Изменить доступ', 'intent': 'default', 'type': 'callback'}, {'payload': 'MenuAbout', 'text': 'О сервисе', 'intent': 'default', 'type': 'callback'}], [{'payload': 'MenuDeleteChat', 'text': 'Удалить чат из сервиса', 'intent': 'default', 'type': 'callback'}], [{'payload': 'MenuDeleteUser', 'text': 'Отказаться от использования сервиса', 'intent': 'default', 'type': 'callback'}], [{'payload': 'GetNewToken', 'text': 'Новый токен', 'intent': 'default', 'type': 'callback'}, {'payload': 'MenuExit', 'text': 'Выход из меню', 'intent': 'default', 'type': 'callback'}]]}, 'type': 'inline_keyboard'}], 'markup': [{'from': 40, 'length': 11, 'type': 'strong'}]}, 'sender': {'user_id': 210669020, 'first_name': 'DASHA_TOKEN_BOT', 'username': 'id575104156000_bot', 'is_bot': True, 'last_activity_time': 1773081751113, 'name': 'DASHA_TOKEN_BOT'}}, 'timestamp': 1773081750771, 'user_locale': 'ru', 'update_type': 'message_callback'}
clb

2026-03-09 21:42:31
mid.000000000de64379019cd3e86ff80959
snd

2026-03-09 21:42:31
mid.000000000de64379019cd3e7ec734bfb
del

2026-03-09 21:42:32
mid.000000000de64379019cd3e873147b30
snd

2026-03-09 21:42:32
mid.000000000de64379019cd3e8749d44c7
snd

2026-03-09 21:42:33
mid.000000000de64379019cd3e87934380d
snd

2026-03-09 21:42:34
mid.000000000de64379019cd3e86ff80959
del

2026-03-09 21:43:12
{'callback': {'timestamp': 1773081792157, 'callback_id': 'f9LHodD0cOI3aUl34sTZ_JFTt2mmtm5dKMtFOAEyNKkhgJl6JLZxxrFxa5ZNYTNSfXAcJMKNdLMUVgUXdjYCLE3ZENcHJUifKvfbE5srm3bmIbQYqheE', 'user': {'user_id': 23645861, 'first_name': 'Дмитрий', 'last_name': 'Марков', 'is_bot': False, 'last_activity_time': 1773081792000, 'name': 'Дмитрий Марков'}, 'payload': 'CancelCurrentOperation'}, 'message': {'recipient': {'chat_id': 233194361, 'chat_type': 'dialog', 'user_id': 23645861}, 'timestamp': 1773081753908, 'body': {'mid': 'mid.000000000de64379019cd3e87934380d', 'seq': 116200685824129037, 'text': 'Текст для Recovery.Bot не найден', 'attachments': [{'callback_id': 'f9LHodD0cOJpoHvPMNcwalhW7BElkYyAXSxOJA-yRshnweOyRXvw-ZYJg22NYrENXULC8JZfVWfEFzKemxk3NpiV0Pg1dP4L7KJcXk87o1cWBm3pUfGr', 'payload': {'buttons': [[{'payload': 'CancelCurrentOperation', 'text': 'Прервать операцию', 'intent': 'default', 'type': 'callback'}]]}, 'type': 'inline_keyboard'}], 'markup': [{'from': 10, 'length': 12, 'type': 'strong'}]}, 'sender': {'user_id': 210669020, 'first_name': 'DASHA_TOKEN_BOT', 'username': 'id575104156000_bot', 'is_bot': True, 'last_activity_time': 1773081792491, 'name': 'DASHA_TOKEN_BOT'}}, 'timestamp': 1773081792157, 'user_locale': 'ru', 'update_type': 'message_callback'}
clb

2026-03-09 21:43:12
mid.000000000de64379019cd3e911790959
snd

2026-03-09 21:43:13
mid.000000000de64379019cd3e87934380d
del

2026-03-09 21:43:13
mid.000000000de64379019cd3e8749d44c7
del

2026-03-09 21:43:13
mid.000000000de64379019cd3e873147b30
del

2026-03-09 21:43:14
mid.000000000de64379019cd3e9174c21da
snd

2026-03-09 21:43:14
mid.000000000de64379019cd3e911790959
del

2026-03-09 21:44:19
{'callback': {'timestamp': 1773081859552, 'callback_id': 'f9LHodD0cOKvhAA9f2zf24vc0spo_Zv99UQioTaUmObhgnrdb12ZZq-bNQAIyhpRGU4iTW3rAJhAXZO-rmCu8gdtFD19D_X-IMs5aBvtqiujS1-IAUNT', 'user': {'user_id': 23645861, 'first_name': 'Дмитрий', 'last_name': 'Марков', 'is_bot': False, 'last_activity_time': 1773081845000, 'name': 'Дмитрий Марков'}, 'payload': 'MainMenu'}, 'message': {'recipient': {'chat_id': 233194361, 'chat_type': 'dialog', 'user_id': 23645861}, 'timestamp': 1773081794380, 'body': {'mid': 'mid.000000000de64379019cd3e9174c21da', 'seq': 116200688476496346, 'text': 'Операция отменена. Для продолжения перейдите в Главное меню Бота или получите Новый токен.', 'attachments': [{'callback_id': 'f9LHodD0cOJ4EWUbibXwUmoKZJDGB6rmFbZpH7FARLkj8PAknt6UavzM_BlNDHj5TBn9TFw_1SgjP7exsIBZeIDQOTSF6o9L6B9s74jSaWqoi-uG-NoB', 'payload': {'buttons': [[{'payload': 'MainMenu', 'text': 'Главное меню', 'intent': 'default', 'type': 'callback'}], [{'payload': 'GetNewToken', 'text': 'Новый токен', 'intent': 'default', 'type': 'callback'}]]}, 'type': 'inline_keyboard'}], 'markup': [{'from': 47, 'length': 12, 'type': 'strong'}, {'from': 78, 'length': 11, 'type': 'strong'}]}, 'sender': {'user_id': 210669020, 'first_name': 'DASHA_TOKEN_BOT', 'username': 'id575104156000_bot', 'is_bot': True, 'last_activity_time': 1773081859856, 'name': 'DASHA_TOKEN_BOT'}}, 'timestamp': 1773081859552, 'user_locale': 'ru', 'update_type': 'message_callback'}
clb

2026-03-09 21:44:20
mid.000000000de64379019cd3ea18c10959
snd

2026-03-09 21:44:21
mid.000000000de64379019cd3e9174c21da
del

2026-03-09 21:44:21
mid.000000000de64379019cd3ea1f4048db
snd

2026-03-09 21:44:22
mid.000000000de64379019cd3ea18c10959
del

2026-03-09 21:44:23
{'callback': {'timestamp': 1773081863430, 'callback_id': 'f9LHodD0cOJouoi5FIgZBzesOhErGj3BazGG_8l69TXNUFu92eiNDadbjVhKJ7efUm0cfky3kIl6SfPC8kN6xNQS7QzDT4zosIZespvcDPs176JhVtgF', 'user': {'user_id': 23645861, 'first_name': 'Дмитрий', 'last_name': 'Марков', 'is_bot': False, 'last_activity_time': 1773081845000, 'name': 'Дмитрий Марков'}, 'payload': 'MenuAuth'}, 'message': {'recipient': {'chat_id': 233194361, 'chat_type': 'dialog', 'user_id': 23645861}, 'timestamp': 1773081861952, 'body': {'mid': 'mid.000000000de64379019cd3ea1f4048db', 'seq': 116200692904904923, 'text': 'Выберите команду меню Бота или получите Новый токен.', 'attachments': [{'callback_id': 'f9LHodD0cOKViiSJ_8W7H_SzE4t5e_lSU4IHkNmRvC8PnqQdGZrv5TRs6OgNocFHS_0m-aqKqGRV5bNm1KHoW4ZTwKty0paH2psjIJ6HDYwhhL4ZYN3k', 'payload': {'buttons': [[{'payload': 'MenuAuth', 'text': 'Изменить доступ', 'intent': 'default', 'type': 'callback'}, {'payload': 'MenuAbout', 'text': 'О сервисе', 'intent': 'default', 'type': 'callback'}], [{'payload': 'MenuDeleteChat', 'text': 'Удалить чат из сервиса', 'intent': 'default', 'type': 'callback'}], [{'payload': 'MenuDeleteUser', 'text': 'Отказаться от использования сервиса', 'intent': 'default', 'type': 'callback'}], [{'payload': 'GetNewToken', 'text': 'Новый токен', 'intent': 'default', 'type': 'callback'}, {'payload': 'MenuExit', 'text': 'Выход из меню', 'intent': 'default', 'type': 'callback'}]]}, 'type': 'inline_keyboard'}], 'markup': [{'from': 40, 'length': 11, 'type': 'strong'}]}, 'sender': {'user_id': 210669020, 'first_name': 'DASHA_TOKEN_BOT', 'username': 'id575104156000_bot', 'is_bot': True, 'last_activity_time': 1773081863753, 'name': 'DASHA_TOKEN_BOT'}}, 'timestamp': 1773081863430, 'user_locale': 'ru', 'update_type': 'message_callback'}
clb

2026-03-09 21:44:25
mid.000000000de64379019cd3ea2c3d0959
snd

2026-03-09 21:44:26
mid.000000000de64379019cd3ea1f4048db
del

2026-03-09 21:44:26
mid.000000000de64379019cd3ea32b47b30
snd

2026-03-09 21:44:27
mid.000000000de64379019cd3ea344c44c7
snd

2026-03-09 21:44:28
mid.000000000de64379019cd3ea39030375
snd

2026-03-09 21:44:28
mid.000000000de64379019cd3ea2c3d0959
del

2026-03-09 21:47:28
mid.000000000de64379019cd3ecf82b0959
snd

2026-03-09 21:47:28
mid.000000000de64379019cd3ea39030375
del

2026-03-09 21:47:29
mid.000000000de64379019cd3ea344c44c7
del

2026-03-09 21:47:29
mid.000000000de64379019cd3ea32b47b30
del

2026-03-09 21:47:29
mid.000000000de64379019cd3ecfdf377fd
snd

2026-03-09 21:47:30
mid.000000000de64379019cd3ecf82b0959
del

2026-03-09 22:47:34
mid.000000000de64379019cd423fe586c7a
snd

2026-03-09 22:47:34
mid.000000000de64379019cd3ecfdf377fd
del

2026-03-09 23:47:36
mid.000000000de64379019cd45af5be59d9
snd

2026-03-09 23:47:37
mid.000000000de64379019cd423fe586c7a
del

